image,text,source,split
data/raw/augmented/urdu_0171_aug1_brightness.png,یہ ایک تاریخی کامیابی تھی,augmented_brightness,train
data/raw/augmented/urdu_0395_aug3_blur.png,غزل: دو مصرعوں پر مشتمل مکمل، بامعنی اور جداگانہ اشعار کی لڑی,augmented_blur,train
data/raw/other/utrset_164.jpg,قوّلوں کو کیا نثبت ہے؟,utrset_real,train
data/raw/augmented/urdu_0491_aug1_blur.png,ان جن پدوں میں کرو، پانچال، کوشل اور وِدیہ مملکتیں ممتاز ہیں,augmented_blur,train
data/raw/augmented/urdu_0043_aug1_blur.png,اس مطالبے کے تحت تحریک پاکستان وجود میں آئی,augmented_blur,train
data/raw/augmented/urdu_0320_aug3_rotation.png,ہندو اردو استعمال کرتے ہیں,augmented_rotation,train
data/raw/synthetic/urdu_0487.png,اثریاتی تناظر میں ہند,synthetic,train
data/raw/augmented/urdu_0294_aug3_blur.png,پہلے اسے ہندوی، ہندی اور ہندوستانی کے نام سے جانا جاتا تھا,augmented_blur,train
data/raw/augmented/urdu_0229_aug1_rotation.png,دولت مشترکہ کے رکن ممالک,augmented_rotation,train
data/raw/signboards/sign_094.png,جنوب ایشیائی ممالک,signboards_synthetic,train
data/raw/augmented/urdu_0078_aug1_blur.png,17 اگست 2018ء کو عمران خان 176 ووٹ حاصل کر کے بائیسویں وزیر اعظم پاکستان بن گئے,augmented_blur,train
data/raw/synthetic/urdu_0462.png,اس نوع کی رنگا رنگی افریقا کے بعد جنوبی ایشیا ہی میں پائی جاتی ہے,synthetic,train
data/raw/augmented/urdu_0530_aug3_rotation.png,چنانچہ سکندر کو پنجاب اور سندھ کے میدانوں سے واپس لوٹنا پڑا,augmented_rotation,train
data/raw/synthetic/urdu_0557.png,پَتو پاٹّو اوسط لمبائی کی دس نظموں کا مجموعہ ہے اور سنگم ادب کا حصہ سمجھا جاتا ہے,synthetic,train
data/raw/other/utrset_091.jpg,ضیاء الملک ملّا رموزیؔ کے اُن مزاحیہ مضامین کامجموعہ ہے جوموقت الشیوع رسائل میں شائع ہوچکے ہیں۔,utrset_real,train
data/raw/augmented/urdu_0251_aug2_blur.png,(سبط حسن، ماضی کے مزار,augmented_blur,train
data/raw/augmented/urdu_0069_aug1_blur.png,1993ء میں یہ حکومت بھی برطرف ہو گئی,augmented_blur,train
data/raw/synthetic/urdu_0171.png,یہ ایک تاریخی کامیابی تھی,synthetic,train
data/raw/other/utrset_007.jpg,دوسرا پہلو یہ ہے کہ چونکہ اس اندراج میں بہت سی مصلحتیں ہیں، اس سے بڑی حدتک,utrset_real,train
data/raw/books/book_059.png,اس حکومت کے آخری وقت میں سیاسی اور فوجی حلقوں میں کشیدگی بڑھ گئی اور اس کا نتیجہ یہ نکلا کہ 1999ء میں دوبارہ فوجی حکومت آ گئی,books_synthetic,train
data/raw/other/utrset_198.jpg,انھوں نے ڈراما لکھتے وقت اس بات کوپیش نظر رکھکر کہ یہ ایسا ہوکہ کوئی کمپنی اور وہ,utrset_real,train
data/raw/synthetic/urdu_0037.png,پاکستان کی تاریخ فوجی آمریت، سیاسی عدم استحکام اور پڑوسی ملک سےجھگڑوں پر مشتمل ہے,synthetic,train
data/raw/augmented/urdu_0080_aug1_brightness.png,پاکستان کا اعلیٰ اساسی قانون آئین پاکستان کہلاتا ہے,augmented_brightness,train
data/raw/augmented/urdu_0438_aug1_brightness.png,آندھرا پردیش کی زبانیں,augmented_brightness,train
data/raw/augmented/urdu_0314_aug2_brightness.png,اور مذہبی سیاق و سباق,augmented_brightness,train
data/raw/augmented/urdu_0510_aug1_brightness.png,وجی مہا جن پد کے تخت اقتدار پر لچھوی سب سے معروف قبیلہ گذرا ہے,augmented_brightness,train
data/raw/augmented/urdu_0018_aug1_blur.png,اس علم کا آغاز بطور سائنس مصر و یونان میں ہوا,augmented_blur,train
data/raw/synthetic/urdu_0258.png,افکار ابن خلدون، 75 تا79),synthetic,train
data/raw/augmented/urdu_0429_aug2_rotation.png,جموں و کشمیر کی زبانیں,augmented_rotation,train
data/raw/augmented/urdu_0190_aug1_rotation.png,قومی نعرہ - پاکستان کا مطلب کیا؟ لَآ اِلٰہَ اِلَّا اللہُ,augmented_rotation,train
data/raw/augmented/urdu_0332_aug1_blur.png,اردو کو 1947ء میں پاکستان کی نئی ریاست کے لیے اتحاد کے طور پر منتخب کیا گیا تھا,augmented_blur,train
data/raw/other/utrset_138.jpg,غلط فہمی ہوئی۔ اور منیجرصاحب نے اس خیال سے کہ پرچہ وقت پرشائع کرسکیں دوبارہ صحیح طباعت سے گریز,utrset_real,train
data/raw/augmented/urdu_0185_aug1_brightness.png,قومی لباس - شلوار قمیض، جناح کیپ، شیروانی (سردیوں میں),augmented_brightness,train
data/raw/augmented/urdu_0028_aug2_blur.png,بنیادی موضوع کے مقالہ جات,augmented_blur,train
data/raw/augmented/urdu_0527_aug3_rotation.png,نند سلطنت اور سکندر کی مہم,augmented_rotation,train
data/raw/synthetic/urdu_0042.png,"""پاکستان کا مطلب کیا؟ لَآ اِلٰہَ اِلَّا اللہُ"" اس تحریک کا مقبول عام نعرہ تھا",synthetic,train
data/raw/augmented/urdu_0047_aug2_rotation.png,ریاست بہاولپور کے نواب صادق محمد خان پنجم نے اس وقت پاکستان کی مالی مدد کی,augmented_rotation,train
data/raw/augmented/urdu_0392_aug2_rotation.png,اردو کی روایات میں کئی اصناف ہیں جن میں غزل نمایاں ترین حیثیت کی حامل ہے,augmented_rotation,train
data/raw/augmented/urdu_0246_aug2_blur.png,یہی وجہ ہے تاریخ اتنی قدیم ہے کہ جتنی تحریر,augmented_blur,train
data/raw/augmented/urdu_0531_aug1_blur.png,بر صغير سے سکندر اعظم کے جانے کے بعد نند سلطنت کی بساط الٹ گئی اور موريا دور کا آغاز ہوا,augmented_blur,train
data/raw/augmented/urdu_0573_aug2_blur.png,پشیہ متر شونگ نے 36 برس حکومت کی,augmented_blur,train
data/raw/augmented/urdu_0264_aug2_rotation.png,دور قديم کی تاريخ,augmented_rotation,train
data/raw/augmented/urdu_0232_aug2_blur.png,مؤتمر عالم اسلامی کے رکن ممالک,augmented_blur,train
data/raw/augmented/urdu_0185_aug3_rotation.png,قومی لباس - شلوار قمیض، جناح کیپ، شیروانی (سردیوں میں),augmented_rotation,train
data/raw/augmented/urdu_0237_aug3_rotation.png,(ڈاکٹر آفتاب اصغر، مقدمہ تاریخ مبارک شاہی,augmented_rotation,train
data/raw/synthetic/urdu_0121.png,تقريباً ایک فيصد پاکستانی ہندو اور اتنے ہی پاکستانی مسیحی مذہب سے تعلق رکھتے ہيں,synthetic,train
data/raw/signboards/sign_046.png,پاکستان کے 96,signboards_synthetic,train
data/raw/books/book_083.png,پاکستان ہر معاملے میں ایک آزاد خارجہ پالیسی رکھتا ہے خاص طور پر نیوکلیائی ہتھیاروں کا معاملہ ہو یا اسلحے کی خرید و فروخت کا,books_synthetic,train
data/raw/augmented/urdu_0010_aug3_blur.png,وہ جغرافیہ کی ہی مرہون منت ہے,augmented_blur,train
data/raw/augmented/urdu_0399_aug3_brightness.png,قصیدہ: قصیدہ اردو نظم کی وہ صنف ہے جسے کسی کی تعریف میں کہی گئی نظمی شکل کہہ سکتے ہیں,augmented_brightness,train
data/raw/books/book_098.png,تحقیقات کے لیے وفاقی ادارۂ تحقیقات‎ (ایف آئی اے) اور دیگر تحقیقاتی ادارے موجود ہیں,books_synthetic,train
data/raw/augmented/urdu_0260_aug1_brightness.png,تاريخ ايک بہت وسيع موضوع ہے، اس لیے اس کی کئی طرح سے قسم بندی کی گئی ہے,augmented_brightness,train
data/raw/augmented/urdu_0406_aug2_rotation.png,مرثیہ اور نوحہ لکھنے میں شہرت یافتہ شعرا میر ببر علی انیس اور مرزا سلامت علی دبیر ہیں,augmented_rotation,train
data/raw/synthetic/urdu_0375.png,عربی اور فارسی کی کئی کلاسیکی کتب کے بھی تراجم اردو میں ہیں,synthetic,train
data/raw/signboards/sign_006.png,برائے فروخت,signboards_synthetic,train
data/raw/augmented/urdu_0579_aug3_blur.png,ساتواہن سلاطین ہندومت اور بدھ مت کے بڑے سرپرست اور مربی گذرے ہیں,augmented_blur,train
data/raw/augmented/urdu_0535_aug1_brightness.png,البتہ کلنگ کا علاقہ (موجودہ اوڈیشا) اس کے دائرۂ اقتدار سے باہر رہا,augmented_brightness,train
data/raw/augmented/urdu_0519_aug1_rotation.png,جین مت اور بدھ مت کے فروغ میں سلطنت مگدھ کا خاصا اہم کردار رہا,augmented_rotation,train
data/raw/synthetic/urdu_0194.png,چاند اور ستارہ جو روایتی طور پر اسلام سے ریاست کی عقیدت اور محبت کا اظہار کرتے ہیں,synthetic,train
data/raw/synthetic/urdu_0348.png,اردو ہندوستان کے دوسرے حصوں کی طرح پڑھی اور لکھی جاتی ہے,synthetic,train
data/raw/augmented/urdu_0467_aug2_brightness.png,وادی سندھ کی تہذیب,augmented_brightness,train
data/raw/other/utrset_192.jpg,ہیں- اور اب تک من حیث المجموع انھوں نے اس حق کے استعمال میں ایسی نجیع غلطیاں,utrset_real,train
data/raw/augmented/urdu_0158_aug3_blur.png,پاکستان 7000 میٹر سے زیادہ بلند کئی چوٹیوں کا مسکن ہے,augmented_blur,train
data/raw/other/utrset_272.jpg,بیٹھاہواسامنے کلیسا کی چھت کی فصیلوں کوتک رہاتھا۔دوسراآدمی مستعدی سے,utrset_real,train
data/raw/augmented/urdu_0486_aug2_blur.png,ہڑپہ کا تمدن رخصت ہو چکا تھا اور اس کی جگہ دیہی زندگی نے لے لی تھی,augmented_blur,train
data/raw/augmented/urdu_0406_aug1_blur.png,مرثیہ اور نوحہ لکھنے میں شہرت یافتہ شعرا میر ببر علی انیس اور مرزا سلامت علی دبیر ہیں,augmented_blur,train
data/raw/augmented/urdu_0282_aug1_rotation.png,اردو زبان کو کئی ہندوستانی ریاستوں میں سرکاری حیثیت بھی حاصل ہے,augmented_rotation,train
data/raw/augmented/urdu_0214_aug1_blur.png,اہم پاکستانی ایام,augmented_blur,train
data/raw/signboards/sign_058.png,جانور – مارخور قومی جانور ہے,signboards_synthetic,train
data/raw/augmented/urdu_0506_aug1_blur.png,مہا بھارت دنیا کی طویل ترین نظم سمجھی جاتی ہے,augmented_blur,train
data/raw/synthetic/urdu_0223.png,انگریزی بولنے والے ممالک اور علاقہ جات,synthetic,train
data/raw/augmented/urdu_0142_aug1_blur.png,دیہی علاقوں میں شہروں کے بہ نسبت سوٹ اور ٹائی کا استعمال کم ہوتا ہے,augmented_blur,train
data/raw/augmented/urdu_0062_aug2_rotation.png,اسی دور میں پاکستان میں صنعتوں اور اداروں کو قومیا لیا گیا,augmented_rotation,train
data/raw/augmented/urdu_0026_aug3_rotation.png,جغرافیہ کی شاخیں,augmented_rotation,train
data/raw/augmented/urdu_0225_aug1_brightness.png,پشتو زبان بولنے والے ممالک اور علاقہ جات,augmented_brightness,train
data/raw/synthetic/urdu_0263.png,جامعاتی قسم بندی,synthetic,train
data/raw/augmented/urdu_0254_aug1_brightness.png,مورخ کی ذمہ داری,augmented_brightness,train
data/raw/augmented/urdu_0519_aug2_brightness.png,جین مت اور بدھ مت کے فروغ میں سلطنت مگدھ کا خاصا اہم کردار رہا,augmented_brightness,train
data/raw/other/utrset_165.jpg,پڑھ کر شریف فن اور کون ہو سکتا ہے، لیکن اب امیر خسرو سے بہار وخیراباد کے,utrset_real,train
data/raw/other/utrset_345.jpg,ہیرو کی تلاش تھی جو اسے بے حد چاہے اور زندگی کے سارھ سکھ اس کے,utrset_real,train
data/raw/other/utrset_324.jpg,گئیں۔ آس پاس سے بھانت بھانت کو خوشبوئیں ناک میں سُرسرار ہی تھیں۔ پنکھا,utrset_real,train
data/raw/augmented/urdu_0377_aug1_brightness.png,اس کا موضوع فالنامہ ہے,augmented_brightness,train
data/raw/augmented/urdu_0447_aug2_brightness.png,اس نظام کے تحت ہند,augmented_brightness,train
data/raw/books/book_092.png,ان کے ساتھ دیگر نیم فوجی ادارے بھی قانون نافذ کرنے میں اہم کردار ادا کرتے ہیں ان نیم فوجی داروں میں فرنٹیئر کانسٹبلری، سرحد کور، پاکستان رینجرز شامل ہیں,books_synthetic,train
data/raw/other/utrset_287.jpg,نظریں دوڑائیں۔ساحلی شاہراہ کی سمت پارک کے اوپر کھلی ہوئی فضاکے علاوہ اور,utrset_real,train
data/raw/augmented/urdu_0293_aug3_rotation.png,اس کا مطلب بلند کیمپ کی زبان ہے,augmented_rotation,train
data/raw/augmented/urdu_0317_aug1_rotation.png,انگریزی نے ایک مشترکہ سرکاری زبان کے طور پر دونوں پر بہت زیادہ اثر ڈالا ہے,augmented_rotation,train
data/raw/other/utrset_060.jpg,انتخاب کریں اور وہ قاضیوں کا تقرر کرے جو نکاح وطلاق کے مسئلے کو طے کریں (۲)یہ نہ,utrset_real,train
data/raw/other/utrset_398.jpg,میرا سارا وقت نکل جائے گا۔,utrset_real,train
data/raw/augmented/urdu_0369_aug2_rotation.png,اگر کوئی لفظ فارسی یا عربی زبان کا ہو تو تقریر کی سطح زیادہ رسمی اور عظیم تر سمجھی جاتی ہے,augmented_rotation,train
data/raw/synthetic/urdu_0129.png,اس کے ساتھ ساتھ مختلف صوبوں ميں لباس، کھانے، زبان اور تمدن کا فرق پايا جاتا ہے,synthetic,train
data/raw/synthetic/urdu_0309.png,1715 میں ریختہ میں ایک مکمل ادبی دیوان نواب صدرالدین خان نے لکھا,synthetic,train
data/raw/synthetic/urdu_0099.png,اب پاکستان کافی حد تک دفاعی اعتبار سے خود کفیل ہو گیا ہے,synthetic,train
data/raw/synthetic/urdu_0516.png,ابتدا میں راجگیر پایۂ تخت رہا لیکن بعد میں پاٹلی پتر (موجودہ پٹنہ) منتقل ہو گیا,synthetic,train
data/raw/augmented/urdu_0065_aug1_blur.png,افغانستان میں جنگ کی وجہ سے پاکستان کو بہت امداد ملی,augmented_blur,train
data/raw/augmented/urdu_0305_aug2_rotation.png,اس کا تعلق وسطی ہند آریائی زبانوں کے مغربی ہندی زبان سے ہے,augmented_rotation,train
data/raw/augmented/urdu_0102_aug3_brightness.png,پاکستان ميں 4 صوبے، 2 وفاقی علاقے اور پاکستانی کشمير کے 2 حصے ہيں,augmented_brightness,train
data/raw/augmented/urdu_0346_aug3_blur.png,وہ ریاست جس کے لیے اسے آئین کے آغاز سے فوراً پہلے استعمال کیا جا رہا تھا,augmented_blur,train
data/raw/augmented/urdu_0042_aug1_blur.png,"""پاکستان کا مطلب کیا؟ لَآ اِلٰہَ اِلَّا اللہُ"" اس تحریک کا مقبول عام نعرہ تھا",augmented_blur,train
data/raw/augmented/urdu_0110_aug2_brightness.png,"پاکستان کا سمندری ساحل تقریباً 1,046 کلومیٹر ہے اور 6,774 کلومیٹر زمینی سرحد ہے",augmented_brightness,train
data/raw/other/utrset_143.jpg,ہوش سنبہال کر رویٹیؔ نے اپنے باپ کی زبان سے دن رات ڈانٹےؔ کے وجدآفریں اشعار سُنے اورتعریف وتوصیف,utrset_real,train
data/raw/augmented/urdu_0063_aug1_brightness.png,اگلا دور 1977ء تا 1988ء مارشل لا کا تھا,augmented_brightness,train
data/raw/augmented/urdu_0410_aug1_rotation.png,اردو زبان کے شاعروں کی فہرست,augmented_rotation,train
data/raw/augmented/urdu_0043_aug3_brightness.png,اس مطالبے کے تحت تحریک پاکستان وجود میں آئی,augmented_brightness,train
data/raw/augmented/urdu_0072_aug3_rotation.png,2004ء میں جنرل مشرف نے شوکت عزیز کو وزیر اعظم بنانے کا فيصلہ کیا,augmented_rotation,train
data/raw/augmented/urdu_0349_aug1_rotation.png,ان ریاستوں میں اردو کے کئی روزنامے اور کئی ماہانہ رسائل شائع ہوتے ہیں,augmented_rotation,train
data/raw/augmented/urdu_0211_aug2_blur.png,پاکستان کے اخبار,augmented_blur,train
data/raw/synthetic/urdu_0145.png,اس وقت پاکستان میں نیوز، انٹرٹینمنٹ، ہیلتھ، ایجوکیشن، علاقائی اور بہت سے چینلز موجود ہیں,synthetic,train
data/raw/books/book_035.png,تقسیم برصغیر پاک و ہند کے دوران میں انگریزوں نے کچھ ایسے سقم چھوڑے جو پاکستان اور بھارت کے درمیان میں 1948ء اور 1965ء میں کشمیر کے مسئلہ پر دو جنگوں کا سبب بن گئے,books_synthetic,train
data/raw/synthetic/urdu_0261.png,علاقائی قسم بندی,synthetic,train
data/raw/signboards/sign_120.png,تاريخ يورپ,signboards_synthetic,train
data/raw/signboards/sign_132.png,طب کی تاريخ,signboards_synthetic,train
data/raw/augmented/urdu_0077_aug2_brightness.png,یوں نوازشریف پاکستان کے تیسرے بار وزیرِ اعظم منتخب ہوئے,augmented_brightness,train
data/raw/synthetic/urdu_0246.png,یہی وجہ ہے تاریخ اتنی قدیم ہے کہ جتنی تحریر,synthetic,train
data/raw/books/book_144.png,دیہی علاقوں میں شہروں کے بہ نسبت سوٹ اور ٹائی کا استعمال کم ہوتا ہے,books_synthetic,train
data/raw/other/utrset_036.jpg,مشکل یک آسان صورت یہ ہے کہ قاضیوں کوان معاملات کے لیے وہ اختیارات دیئے,utrset_real,train
data/raw/augmented/urdu_0174_aug1_brightness.png,اس نے 35 سونے کے طمغے اور 15 عالمی چاندی اور پیتل کے طمغے پاکستان کے لیے حاصل کئے,augmented_brightness,train
data/raw/augmented/urdu_0203_aug2_rotation.png,ایک اندازے کے مطابق پاکستان میں تقریباً 65 سے زیادہ زبانیں بولی جاتی ہیں,augmented_rotation,train
data/raw/synthetic/urdu_0267.png,آسٹريليا کا تاريخ,synthetic,train
data/raw/augmented/urdu_0564_aug1_blur.png,تیسری صدی عیسوی سے چھٹی صدی عیسوی کا درمیانی عرصہ ہندوستان کا کلاسیکی دور کہلاتا ہے,augmented_blur,train
data/raw/augmented/urdu_0367_aug3_rotation.png,"اردو کو اس کے کم باضابطہ رجسٹر میں  (  ،  ) کہا گیا ہے، جس کا مطلب ہے ""کھردرا مرکب""",augmented_rotation,train
data/raw/augmented/urdu_0476_aug2_blur.png,مقامی لوگوں کے ساتھ ميل جول ہوا اور ايک ن‏‏ئی تہذيب نے جنم ليا,augmented_blur,train
data/raw/synthetic/urdu_0344.png,57% پاکستانی اپنی پہلی زبان کے طور پر اردو بولتے ہیں,synthetic,train
data/raw/augmented/urdu_0511_aug2_brightness.png,سیاہ قلعی دار شمالی برتنوں کی ثقافت کا زمانہ بھی یہی ہے,augmented_brightness,train
data/raw/synthetic/urdu_0564.png,تیسری صدی عیسوی سے چھٹی صدی عیسوی کا درمیانی عرصہ ہندوستان کا کلاسیکی دور کہلاتا ہے,synthetic,train
data/raw/augmented/urdu_0261_aug3_brightness.png,علاقائی قسم بندی,augmented_brightness,train
data/raw/augmented/urdu_0039_aug3_blur.png,پ پنجاب، ا خیبر پختونخوا (افغانیہ)، ک کشمیر، س سندھ، تان بلوچستان,augmented_blur,train
data/raw/augmented/urdu_0112_aug3_blur.png,پاکستان کا سب سے بڑا دریا دریائے سندھ ہے,augmented_blur,train
data/raw/other/utrset_285.jpg,”نگرانی کی ضرورت تمھیں اسی سمت ہے“میں نے جلال کوکہتے ہوئے سنا۔ وہ کلیسا,utrset_real,train
data/raw/augmented/urdu_0299_aug1_blur.png,اور شاعر مير تقی میر نے کہا ہے:,augmented_blur,train
data/raw/augmented/urdu_0580_aug1_rotation.png,ساتواہن ان اولین ہندوستانی ریاستوں میں سے ہے جنھوں نے اپنے سکوں پر سلاطین کی شبیہ بنائی,augmented_rotation,train
data/raw/augmented/urdu_0049_aug2_rotation.png,پاکستان بطور برطانوی ڈامنینئن آزاد ہوا تھا,augmented_rotation,train
data/raw/other/utrset_283.jpg,وہ دروازے کی طرف بڑھااورپھر رک کر مخاطت ہوا۔,utrset_real,train
data/raw/augmented/urdu_0085_aug3_rotation.png,آئین کے مطابق پاکستان ایک جمہوری اور قومی ریاست ہے,augmented_rotation,train
data/raw/augmented/urdu_0188_aug1_blur.png,قومی مشروب – گنے کا رس,augmented_blur,train
data/raw/other/utrset_243.jpg,ادھر بدلنے سے کسی طرح بھی اس ننھے سے شرارے میں کوئی تبدیلی رونمانہ ہوئی۔ میں,utrset_real,train
data/raw/augmented/urdu_0082_aug2_rotation.png,اسی بنا پر 1973ء کا آئین بنایا گیا,augmented_rotation,train
data/raw/augmented/urdu_0169_aug3_blur.png,1999ءمیں شاھین دوسرے نمبر پر رہے,augmented_blur,train
data/raw/augmented/urdu_0001_aug2_brightness.png,- ایپل کمپیوٹرز نے 1،8 ملین بیٹریز کو معیار کی کمی کی وجہ سے واپس منگوا لیا ہے,augmented_brightness,train
data/raw/synthetic/urdu_0444.png,آریائی قبائل وسط ایشیا سے نکل کر خطۂ پنجاب میں وارد ہوئے,synthetic,train
data/raw/signboards/sign_153.png,8% سے 5%) اور بہار (c,signboards_synthetic,train
data/raw/other/utrset_121.jpg,فرض ہوتاہے کہ وہ”معمل“ میں ٹیہکرکسی مذہب وملّت سے متاثر نہو اور”سانٹیفک“ اصول سے ایک,utrset_real,train
data/raw/augmented/urdu_0498_aug3_rotation.png,گنگا اور بالخصوص وسطی گنگا کے میدانوں میں نئے شہر آباد ہوئے,augmented_rotation,train
data/raw/other/utrset_050.jpg,قوت حاصل ہونے کے لیے ضروری ہے کہ حکومت اس انتخاب کوقبول کرے، اس بناء پر,utrset_real,train
data/raw/augmented/urdu_0500_aug2_brightness.png,یہ علاقہ ویدک ثقافت سے متاثر ضرور ہوا لیکن یہ کرو پنچال کے خطہ سے بہت مختلف تھا,augmented_brightness,train
data/raw/augmented/urdu_0222_aug2_blur.png,اقوام متحدہ کے رکن ممالک,augmented_blur,train
data/raw/synthetic/urdu_0427.png,تاریخ زبان اردو,synthetic,train
data/raw/synthetic/urdu_0202.png,پاکستان میں کئی زبانیں بولی، لکھی اور سمجھی جاتی ہیں,synthetic,train
data/raw/augmented/urdu_0432_aug3_brightness.png,کرناٹک کی زبانیں,augmented_brightness,train
data/raw/synthetic/urdu_0416.png,علوی نستعلیق یونیکوڈ فونٹ ڈاون لوڈ کریں,synthetic,train
data/raw/synthetic/urdu_0480.png,یہ وید ویدک سنسکرت میں لکھے گئے ہیں اور آج بھی ہندوؤں کی مقدس کتابوں میں شامل ہیں,synthetic,train
data/raw/books/book_145.png,شیروانی کا استعمال خاص کر تقاریب اور خوشیوں کے مواقع پر کیا جاتا ہے,books_synthetic,train
data/raw/augmented/urdu_0398_aug2_rotation.png,بالخصوص شہیدانِ کربلا کی شہادت کو بیان کرنے والی نظم,augmented_rotation,train
data/raw/augmented/urdu_0591_aug3_brightness.png,مورخ ونسنٹ اسمتھ کنشک کے متعلق لکھتا ہے:,augmented_brightness,train
data/raw/synthetic/urdu_0069.png,1993ء میں یہ حکومت بھی برطرف ہو گئی,synthetic,train
data/raw/augmented/urdu_0137_aug2_blur.png,ان لوگوں نے ماضی ميں پاکستان ميں بہت سرمايہ کاری بھی کی ہے,augmented_blur,train
data/raw/synthetic/urdu_0316.png,ہندوستانی میڈیا خاص طور پر ہندی-اردو بالی ووڈ فلمیں اور گانے اردو زبان میں ہوتے ہیں,synthetic,train
data/raw/other/utrset_322.jpg,ہنسی آگئی۔,utrset_real,train
data/raw/augmented/urdu_0479_aug1_brightness.png,اس تہذیب کو ویدوں میں بڑی تفصیل سے بیان کیا گیا ہے,augmented_brightness,train
data/raw/synthetic/urdu_0438.png,آندھرا پردیش کی زبانیں,synthetic,train
data/raw/augmented/urdu_0481_aug1_blur.png,نیز یہ ہندوستان کے ان قدیم ترین متون میں سے ہیں جو دست بردِ زمانہ سے محفوظ رہے,augmented_blur,train
data/raw/augmented/urdu_0260_aug3_brightness.png,تاريخ ايک بہت وسيع موضوع ہے، اس لیے اس کی کئی طرح سے قسم بندی کی گئی ہے,augmented_brightness,train
data/raw/synthetic/urdu_0169.png,1999ءمیں شاھین دوسرے نمبر پر رہے,synthetic,train
data/raw/other/utrset_308.jpg,اچھا۔ وہ مسکرائی,utrset_real,train
data/raw/signboards/sign_033.png,معاشرتی علوم,signboards_synthetic,train
data/raw/augmented/urdu_0488_aug1_blur.png,آریائی قبائل غالباً جزوی طور پر ابتدا میں گیرو رنگ کے برتنوں کی ثقافت سے مشابہ نظر آتے ہیں,augmented_blur,train
data/raw/synthetic/urdu_0066.png,پاکستان میں پھر سے جمہوریت کا آغاز ہو گیا,synthetic,train
data/raw/augmented/urdu_0187_aug1_rotation.png,قومی پرندہ - پاکستان کا قومی پرندہ چکور ہے,augmented_rotation,train
data/raw/other/utrset_084.jpg,یہاں تک وسعت اختیار کی کہ اس کو حسینہ سے ایک ”گہراقلبی تعلق“ہوگیا۔ محبت کے پینگ بڑہے اورایسے بڑہے کہ,utrset_real,train
data/raw/synthetic/urdu_0200.png,جہاں پہ ہماری بہت سے زبانیں بولی جاتی ہیں جن میں سے ایک ہماری قومی زبان اردو ہے,synthetic,train
data/raw/synthetic/urdu_0401.png,حمد: اللہ کی تعریف میں کہا گیا قصیدہ,synthetic,train
data/raw/augmented/urdu_0352_aug1_brightness.png,بنگلہ دیش میں پھنسے ہوئے پاکستانیوں کی بولی جانے والی اردو اس بولی سے مختلف ہے,augmented_brightness,train
data/raw/synthetic/urdu_0195.png,چوکور شیلڈ جس میں ملک کی چار اہم صنعتوں کی علامت کندہ ہے,synthetic,train
data/raw/synthetic/urdu_0166.png,پاکستان نے ہاکی کا عالمی کپ 1971ء، 1978ء، 1982ء اور 1994ء میں جیتا ہے,synthetic,train
data/raw/augmented/urdu_0172_aug3_rotation.png,اس نے دوسری ٹیموں کے آنے کے لیے بھی راہ ہموار کر لی,augmented_rotation,train
data/raw/other/utrset_150.jpg,"(۶)ساریان:۔ "" "" "" "" "" "" "" "" "" "" قیمت۱۴",utrset_real,train
data/raw/augmented/urdu_0125_aug3_rotation.png,اس کے باوجود اردو پاکستان کی عوامی و قومی زبان ہے,augmented_rotation,train
data/raw/augmented/urdu_0093_aug3_blur.png,ایک ایٹمی طاقت ہونے کے باعث بھی اسے اقوام عالم میں مسلمان ممالک میں اونچا مقام حاص  ہے,augmented_blur,train
data/raw/signboards/sign_059.png,قومی مشروب – گنے کا رس,signboards_synthetic,train
data/raw/augmented/urdu_0593_aug1_blur.png,ان میں نئے شگوفے کھلے، نئے غنچے چٹخے، نئے رجحان سامنے آئے اور یہ فنون اپنی جوبن پر آگئے,augmented_blur,train
data/raw/augmented/urdu_0564_aug3_rotation.png,تیسری صدی عیسوی سے چھٹی صدی عیسوی کا درمیانی عرصہ ہندوستان کا کلاسیکی دور کہلاتا ہے,augmented_rotation,train
data/raw/augmented/urdu_0166_aug2_blur.png,پاکستان نے ہاکی کا عالمی کپ 1971ء، 1978ء، 1982ء اور 1994ء میں جیتا ہے,augmented_blur,train
data/raw/augmented/urdu_0043_aug2_brightness.png,اس مطالبے کے تحت تحریک پاکستان وجود میں آئی,augmented_brightness,train
data/raw/synthetic/urdu_0359.png,سماجی لسانی ہونا؛ کچھ ان کی الگ الگ درجہ بندی کرتے ہیں,synthetic,train
data/raw/synthetic/urdu_0419.png,ايتھنولوگ کی اردو پر رپورٹ,synthetic,train
data/raw/synthetic/urdu_0443.png,عین اسی دور میں ہند,synthetic,train
data/raw/augmented/urdu_0245_aug2_brightness.png,ظہیرالدین مرغشی کے نزدیک یہ ایک ایسا علم ہے جو اگلے وقتوں کے بارے میں اطلاعات پر مشتمل ہے,augmented_brightness,train
data/raw/signboards/sign_093.png,ترقی پزیر 8,signboards_synthetic,train
data/raw/books/book_080.png,سینٹ کے ارکان کو سینیٹر کہا جاتا ہے اور ان سینیٹرز کو چاروں صوبائی اسمبلیوں کے ممبران اپنے ووٹ سے منتخب کر سکتے ہیں,books_synthetic,train
data/raw/augmented/urdu_0538_aug2_blur.png,اشوک نے 232 ق م میں اپنی وفات تک تقریباً 37 برس حکومت کی,augmented_blur,train
data/raw/augmented/urdu_0027_aug2_blur.png,بنیادی موضوع قسم بندی,augmented_blur,train
data/raw/augmented/urdu_0300_aug3_brightness.png,لفظ اردو کو شاعر غلام ہمدانی مصحفی نے 1780ء کے آس پاس سب سے پہلے استعمال کیا تھا,augmented_brightness,train
data/raw/augmented/urdu_0245_aug1_brightness.png,ظہیرالدین مرغشی کے نزدیک یہ ایک ایسا علم ہے جو اگلے وقتوں کے بارے میں اطلاعات پر مشتمل ہے,augmented_brightness,train
data/raw/augmented/urdu_0105_aug1_rotation.png,"صوبہ پنجاب کا کل رقبہ 205,344 مربع کلومیٹر ہے جبکہ 2013ء میں آبادی 10 کروڑ 10لاکھ تھی",augmented_rotation,train
data/raw/augmented/urdu_0415_aug3_rotation.png,انگریزی سے اردو آف لائن اور editable ڈکشنری ڈاون لوڈ کریں,augmented_rotation,train
data/raw/augmented/urdu_0273_aug2_blur.png,زبانوں کی موجودہ صورت کا مطالعہ کيا جاتا ہے,augmented_blur,train
data/raw/augmented/urdu_0570_aug3_blur.png,ابتدائی کلاسیکی دور (تقریباً 200 ق م تا تقریباً 320 عیسوی),augmented_blur,train
data/raw/augmented/urdu_0398_aug3_blur.png,بالخصوص شہیدانِ کربلا کی شہادت کو بیان کرنے والی نظم,augmented_blur,train
data/raw/other/utrset_110.jpg,مدیردمالک مولوی کی ادالعزمی اور حب رسول کاثبوت ہے۔ اس رسالہ کی علیحدہ قیمت ۲ ۱ رہے,utrset_real,train
data/raw/augmented/urdu_0559_aug1_rotation.png,سیلاپتی کارم کو ایلانگو ادیگل نے لکھا جو ایک غیر مذہبی رزمیہ ہے,augmented_rotation,train
data/raw/augmented/urdu_0335_aug1_blur.png,بھارت کے تقریباً 800 اضلاع میں ایک بہت بڑی تعداد میں اردو بولنے والی اقلیت میں ہیں,augmented_blur,train
data/raw/synthetic/urdu_0589.png,شہنشاہ کنشک بدھ مت کا بڑا مربی تھا,synthetic,train
data/raw/augmented/urdu_0086_aug2_rotation.png,آئین پاکستان نے ایک وفاق اور اس کے ماتحت صوبائی حکومتیں قائم کی ہیں,augmented_rotation,train
data/raw/augmented/urdu_0270_aug3_blur.png,تاریخ کے معاون علوم,augmented_blur,train
data/raw/augmented/urdu_0549_aug3_rotation.png,یہ فولاد چین اور عرب تک جاتا تھا,augmented_rotation,train
data/raw/augmented/urdu_0578_aug1_rotation.png,"ساتواہن سلاطین اصلاً دکنی تھے، اسی بنا پر وہ ""آندھرا سلاطین"" بھی کہلاتے ہیں",augmented_rotation,train
data/raw/books/book_041.png,پاکستان کے پہلے گورنر جنرل قائد اعظم محمد علی جناح اور پہلے وزیراعظم لیاقت علی خان تھے,books_synthetic,train
data/raw/synthetic/urdu_0007.png,جس نے لفظ جغرافیہ استعمال کیا,synthetic,train
data/raw/augmented/urdu_0332_aug2_rotation.png,اردو کو 1947ء میں پاکستان کی نئی ریاست کے لیے اتحاد کے طور پر منتخب کیا گیا تھا,augmented_rotation,train
data/raw/other/utrset_344.jpg,قدموں میں دال دے۔ ریتا کی سب سے کمزوری یہ تھی کہ اسے زندگی,utrset_real,train
data/raw/augmented/urdu_0431_aug3_brightness.png,زبان بمقابلہ لہجہ,augmented_brightness,train
data/raw/synthetic/urdu_0331.png,پاکستان میں کوئی بھی خطہ اردو کو اپنی مادری زبان کے طور پر استعمال نہیں کرتا,synthetic,train
data/raw/books/book_070.png,آئین، پاکستان کا وہ اعلیٰ قانون ہے جو ریاست پاکستان کے اندر تمام اہم چیزوں اور فیصلوں کا تعین کرتا ہے,books_synthetic,train
data/raw/books/book_137.png,کچھ جگہوں ميں اس تحريک کا زيادہ جھکاؤ اسلام اور کچھ ميں روايات کی طرف ہے,books_synthetic,train
data/raw/synthetic/urdu_0081.png,اس وقت غور کیا گیا تو ملک ٹوٹنے کی بہت سے وجوہات تھیں,synthetic,train
data/raw/augmented/urdu_0355_aug1_brightness.png,یہ زبان دکن بھارت میں بولی جاتی ہے,augmented_brightness,train
data/raw/augmented/urdu_0383_aug1_rotation.png,اردو ناول بھی کافی مشہور صنف ہے,augmented_rotation,train
data/raw/other/utrset_145.jpg,روزمیٹیؔ کے باپ کومشہور ومعروف شاعراطالیہ ڈانٹے کے کمالات سے انتہائی شغف تھا۔اوراسی عقیدت کے,utrset_real,train
data/raw/signboards/sign_061.png,اتحاد، ایمان، نظم تحریر ہے,signboards_synthetic,train
data/raw/augmented/urdu_0406_aug3_blur.png,مرثیہ اور نوحہ لکھنے میں شہرت یافتہ شعرا میر ببر علی انیس اور مرزا سلامت علی دبیر ہیں,augmented_blur,train
data/raw/synthetic/urdu_0182.png,دیگر 45 پھولوں کے نام بھی جان سکتے ہیں,synthetic,train
data/raw/augmented/urdu_0178_aug2_blur.png,قومی پرچم - اصل مضمون کے لیے دیکھیں قومی پرچم,augmented_blur,train
data/raw/synthetic/urdu_0450.png,پھر دسویں صدی کے اواخر اور گیارھویں صدی کے اوائل میں محمود غزنوی کا ورود ہوا,synthetic,train
data/raw/synthetic/urdu_0002.png,جغرافیہ ‎(انگریزی: Geography)‎ یونانی زبان کا لفظ ہے,synthetic,train
data/raw/other/utrset_231.jpg,زیادہ ہوں توآپ ایک بار صرف یاک ہی کو آنے دیں۔ اگرکچھ لوگ یہ دعویٰ لے کر,utrset_real,train
data/raw/other/utrset_355.jpg,کے بعد ویوندرا اور سیتا میں دو دو سال کا فرق تھا۔ ریتا بھائی بہنوں میں,utrset_real,train
data/raw/augmented/urdu_0133_aug2_blur.png,پاکستان دنيا بھر ميں قوالی کا مرکز سمجھا جاتا ہے,augmented_blur,train
data/raw/other/utrset_208.jpg,کی نگاہ میں بتذل قرار دیتے ہی۔ بہت کچھ عزرخواہی کے بہے میں ذکر کیا ہے۔ ان سے,utrset_real,train
data/raw/augmented/urdu_0549_aug2_brightness.png,یہ فولاد چین اور عرب تک جاتا تھا,augmented_brightness,train
data/raw/synthetic/urdu_0060.png,ذوالفقار علی بھٹو پاکستان کے صدر اور بعد ازاں وزیر اعظم رہے,synthetic,train
data/raw/augmented/urdu_0017_aug2_brightness.png,زمانہ قدیم میں جغرافیہ کا تصور,augmented_brightness,train
data/raw/augmented/urdu_0548_aug3_blur.png,موریا سلطنت کی بنیادیں اپنے عہد کی ترقی یافتہ معیشت اور ہنر مند سماج پر استوار تھیں,augmented_blur,train
data/raw/augmented/urdu_0247_aug3_blur.png,یہ اور بات ہے تاریخ کی ابتدا اساطیر یا دیومالائی کہانیوں سے شروع ہوئی,augmented_blur,train
data/raw/augmented/urdu_0066_aug1_blur.png,پاکستان میں پھر سے جمہوریت کا آغاز ہو گیا,augmented_blur,train
data/raw/augmented/urdu_0049_aug1_blur.png,پاکستان بطور برطانوی ڈامنینئن آزاد ہوا تھا,augmented_blur,train
data/raw/augmented/urdu_0158_aug2_rotation.png,پاکستان 7000 میٹر سے زیادہ بلند کئی چوٹیوں کا مسکن ہے,augmented_rotation,train
data/raw/augmented/urdu_0475_aug2_blur.png,ويدک دور (تقریباً 1500 ق م تا 600 ق م),augmented_blur,train
data/raw/augmented/urdu_0235_aug2_rotation.png,ہریانوی زبان بولنے والے ممالک اور علاقہ جات,augmented_rotation,train
data/raw/augmented/urdu_0067_aug2_blur.png,کچھ عرصہ بعد صدر غلام اسحاق خان نے حکومت کو برطرف کر دیا,augmented_blur,train
data/raw/augmented/urdu_0061_aug3_rotation.png,اس دور میں سوشلسٹ اور پین اسلامک عنصر بڑھا,augmented_rotation,train
data/raw/augmented/urdu_0503_aug2_blur.png,ان تحریکوں نے برہمنیت کے تسلط کو للکارا اور قدیم رسم و رواج کے زور کو توڑنے کی کوشش کی,augmented_blur,train
data/raw/augmented/urdu_0124_aug2_brightness.png,پاکستان ميں تمام تر اعلیٰ تعليم بھی انگريزی ميں ہی دی جاتی ہے,augmented_brightness,train
data/raw/augmented/urdu_0079_aug2_blur.png,آئین، حکومت اور سياست,augmented_blur,train
data/raw/synthetic/urdu_0159.png,عالمی معاشی بحران سے پہلے پاکستان میں سالانہ تقریباً پانچ (5) لاکھ سیاح آتے تھے,synthetic,train
data/raw/augmented/urdu_0399_aug1_brightness.png,قصیدہ: قصیدہ اردو نظم کی وہ صنف ہے جسے کسی کی تعریف میں کہی گئی نظمی شکل کہہ سکتے ہیں,augmented_brightness,train
data/raw/other/utrset_395.jpg,غفور اآیا تو اس کی منت کروں گی۔ شاید مان جائے۔,utrset_real,train
data/raw/other/utrset_175.jpg,بزا تہ دنیا میں کوئی شے خیر محض یا شر محض نہیں، اس کا موقع استعمال خیریا شرہوتا,utrset_real,train
data/raw/augmented/urdu_0356_aug2_brightness.png,کھری بولی: (کھڑی بولی),augmented_brightness,train
data/raw/synthetic/urdu_0095.png,1947ء میں قیام پاکستان سے پہلے پاک عسکریہ، ہندوستانی فوج کا حصہ تھی,synthetic,train
data/raw/synthetic/urdu_0270.png,تاریخ کے معاون علوم,synthetic,train
data/raw/augmented/urdu_0458_aug1_brightness.png,جنوبی ایشیا کی آبادیات کے ایک ماہر جِم ڈائسن لکھتے ہیں:,augmented_brightness,train
data/raw/augmented/urdu_0414_aug1_brightness.png,ترتیب وڈیزائننگ ایم پی خاؿ اردولشکری زبان,augmented_brightness,train
data/raw/books/book_101.png,حال ہی میں پاکستانی پارلیمنٹ نے گلگت بلتستان کو بھی پاکستان کے پانچویں صوبے کی حیثیت دے دی ہے,books_synthetic,train
data/raw/augmented/urdu_0454_aug3_brightness.png,کچھ عرصہ کے بعد اس جد و جہد میں آل انڈیا مسلم لیگ بھی شامل ہو گئی,augmented_brightness,train
data/raw/augmented/urdu_0239_aug1_blur.png,تصور تاریخ اتنا ہی قدیم ہے کہ جتنا تصور زماں و مکاں,augmented_blur,train
data/raw/synthetic/urdu_0201.png,اس کے علاوہ چار صوبائی زبانیں اور بہت سے اور زبانیں بولی جاتی ہیں,synthetic,train
data/raw/augmented/urdu_0240_aug1_brightness.png,آغاز تمذن سے اب تک تاریخ نے کئی روپ دھارے ہیں,augmented_brightness,train
data/raw/augmented/urdu_0431_aug2_rotation.png,زبان بمقابلہ لہجہ,augmented_rotation,train
data/raw/augmented/urdu_0311_aug1_brightness.png,دیگر تاریخی نام,augmented_brightness,train
data/raw/synthetic/urdu_0103.png,صوبہ جات کی تقسیم یکم جولائی 1970ء کو کی گئی,synthetic,train
data/raw/synthetic/urdu_0550.png,تیسری صدی ق م سے چوتھی صدی عیسوی تک کا زمانہ سنگم عہد کہلاتا ہے,synthetic,train
data/raw/synthetic/urdu_0112.png,پاکستان کا سب سے بڑا دریا دریائے سندھ ہے,synthetic,train
data/raw/other/utrset_380.jpg,قربانیوں اور دکھوں کا بڑا احساس تھا۔ہائی اسکول میں اس کی یوپی,utrset_real,train
data/raw/augmented/urdu_0372_aug3_rotation.png,ڈھاکہ اردو اردو کی ایک بول چال کی غیر معیاری بولی ہے جو عام طور پر نہیں لکھی جاتی تھی,augmented_rotation,train
data/raw/augmented/urdu_0110_aug1_rotation.png,"پاکستان کا سمندری ساحل تقریباً 1,046 کلومیٹر ہے اور 6,774 کلومیٹر زمینی سرحد ہے",augmented_rotation,train
data/raw/synthetic/urdu_0012.png,اور اس گھر سے زیادہ فوائد حاصل کرنے کے لیے علم جغرافیہ انسان کی رہنمائی کرتا ہے,synthetic,train
data/raw/augmented/urdu_0311_aug2_blur.png,دیگر تاریخی نام,augmented_blur,train
data/raw/augmented/urdu_0074_aug1_rotation.png,16 نومبر 2007ء کو سینٹ کے چیرمین جناب میاں محمد سومرو نے عبوری وزیر اعظم کا حلف اٹھایا,augmented_rotation,train
data/raw/augmented/urdu_0353_aug1_brightness.png,اردو کی وہ بولیاں جن کی شناخت کی گئی ہے، یہ ہیں:,augmented_brightness,train
data/raw/synthetic/urdu_0548.png,موریا سلطنت کی بنیادیں اپنے عہد کی ترقی یافتہ معیشت اور ہنر مند سماج پر استوار تھیں,synthetic,train
data/raw/synthetic/urdu_0571.png,شونگ مگدھ سے اٹھے اور برصغیر ہند کے مشرقی اور وسطی علاقوں تک اپنی سلطنت قائم کر لی,synthetic,train
data/raw/synthetic/urdu_0228.png,دولت مشترکہ جمہوریتیں,synthetic,train
data/raw/books/book_139.png,کرکٹ کے ساتھ ساتھ پاکستان ميں ہاکی بھی بہت شوق سے کھيلی جاتی ہے,books_synthetic,train
data/raw/signboards/sign_005.png,میڈیکل سٹور,signboards_synthetic,train
data/raw/other/utrset_262.jpg,معلوم ہوتی تھیں جس کواپنے محبوب وپسندیدہ جہنم سے ایک طویل جلاوطنی کے بعداچانک,utrset_real,train
data/raw/augmented/urdu_0495_aug3_rotation.png,یہ مملکت مشرق کے اس خطہ میں قائم تھی جو اب نیپال اور بہار کا حصہ ہے,augmented_rotation,train
data/raw/synthetic/urdu_0275.png,مختلف زبانوں کی آپس ميں مشابہت کے بارے ميں مطالعہ کيا جاتا ہے,synthetic,train
data/raw/signboards/sign_030.png,بنیادی موضوع قسم بندی,signboards_synthetic,train
data/raw/augmented/urdu_0227_aug1_rotation.png,جنوب ایشیائی ممالک,augmented_rotation,train
data/raw/synthetic/urdu_0244.png,سیلی کی رائے میں تاریخ گزشتہ سیاست اور گزشتہ سیاست موجودہ تایخ ہے,synthetic,train
data/raw/synthetic/urdu_0131.png,ليکن ايک اسلامی تہذيب کا حصہ ہونے کی وجہ سے اس ميں کافی تہذيبی ہم آہنگی بھی موجود ہے,synthetic,train
data/raw/augmented/urdu_0345_aug3_brightness.png,جموں و کشمیر کی پانچ سرکاری زبانوں میں سے ایک کے طور پر بھی ہے,augmented_brightness,train
data/raw/augmented/urdu_0087_aug2_brightness.png,پاکستان کی مختلف علاقہ جات کے متعلق آئین پاکستان کا دوسرا آرٹیکل بیان کرتا ہے:,augmented_brightness,train
data/raw/augmented/urdu_0421_aug2_rotation.png,رومن حروف تہجی کا قاعدہ,augmented_rotation,train
data/raw/synthetic/urdu_0284.png,1947ء میں تقسیم ہند کے بعد سے پاکستانی شہر کراچی میں ایک تیسرا معیار پیدا ہوا ہے,synthetic,train
data/raw/augmented/urdu_0145_aug1_brightness.png,اس وقت پاکستان میں نیوز، انٹرٹینمنٹ، ہیلتھ، ایجوکیشن، علاقائی اور بہت سے چینلز موجود ہیں,augmented_brightness,train
data/raw/augmented/urdu_0216_aug2_rotation.png,آل انڈیا مسلم لیگ,augmented_rotation,train
data/raw/synthetic/urdu_0291.png,اردو کا مطلب ترک زبان میں فوج ہے,synthetic,train
data/raw/augmented/urdu_0584_aug3_blur.png,پہلی صدی عیسوی کے آس پاس توما رسول بحری راستے سے ہندوستان پہنچا اور موزریز ساحل پر اترا,augmented_blur,train
data/raw/augmented/urdu_0457_aug3_blur.png,چنانچہ اسی عہد سے قدیم انسانوں کے وجود کی اثریاتی شہادتیں بھی وافر تعداد میں ملتی ہیں,augmented_blur,train
data/raw/augmented/urdu_0491_aug3_blur.png,ان جن پدوں میں کرو، پانچال، کوشل اور وِدیہ مملکتیں ممتاز ہیں,augmented_blur,train
data/raw/augmented/urdu_0480_aug3_brightness.png,یہ وید ویدک سنسکرت میں لکھے گئے ہیں اور آج بھی ہندوؤں کی مقدس کتابوں میں شامل ہیں,augmented_brightness,train
data/raw/augmented/urdu_0020_aug3_blur.png,مگر ان عجیب و غریب خیالات کے ساتھ ساتھ قدیم یونانیوں نے بعض حیرت انگیز دریافتیں بھی کیں,augmented_blur,train
data/raw/other/utrset_252.jpg,کے چند دھبے لیے اور ان کامطالعہ کرنے لگا۔ ایسا کرنے سے مجھے یہ توقع نہ تھی کہ کوئی نئی,utrset_real,train
data/raw/books/book_093.png,پاکستان رینجرز کو ملک کے دو مشرقی صوبوں یعنی پنجاب اور سندھ میں ذمہ داریاں سونپی گئی ہیں اس لیے اس ادارے کے مزید دو شاخ بنائے گئے ہیں یعنی پنجاب رینجرز اور سندھ رینجرز,books_synthetic,train
data/raw/augmented/urdu_0002_aug1_rotation.png,جغرافیہ ‎(انگریزی: Geography)‎ یونانی زبان کا لفظ ہے,augmented_rotation,train
data/raw/augmented/urdu_0301_aug2_rotation.png,انہوں نے خود اپنی شاعری میں زبان کی تعریف کے لئے ہندوی لفظ بھی استعمال کیا,augmented_rotation,train
data/raw/signboards/sign_018.png,ایراٹورتھینیس ‎(276-194B,signboards_synthetic,train
data/raw/other/utrset_245.jpg,کی مانندروشن نظر آتی تھی!,utrset_real,train
data/raw/augmented/urdu_0436_aug1_rotation.png,ٹرینیڈاڈ و ٹوباگو کی زبانیں,augmented_rotation,train
data/raw/augmented/urdu_0057_aug3_rotation.png,پاکستان میں موجود تمام بڑے آبی ڈیم جنرل ایوب کے دور آمریت میں بنائے گئے,augmented_rotation,train
data/raw/synthetic/urdu_0115.png,زیادہ تر بلوچستان پہاڑی سلسلوں پر مشتمل ہے لیکن بلوچستان کا سبی علاقہ میدانی اور صحرائی ہے,synthetic,train
data/raw/augmented/urdu_0590_aug2_brightness.png,اس کے باوصف بدھ مت کے استحکام میں کشانیوں کے غیر معمولی کردار کو فراموش نہیں جا سکتا,augmented_brightness,train
data/raw/augmented/urdu_0203_aug1_rotation.png,ایک اندازے کے مطابق پاکستان میں تقریباً 65 سے زیادہ زبانیں بولی جاتی ہیں,augmented_rotation,train
data/raw/augmented/urdu_0198_aug3_blur.png,بلحاظ سال آبادی,augmented_blur,train
data/raw/augmented/urdu_0363_aug3_blur.png,ہندوستان میں ہندی سے اردو اتنی نہیں بدل گئی جتنی پاکستان میں ہے,augmented_blur,train
data/raw/augmented/urdu_0244_aug3_blur.png,سیلی کی رائے میں تاریخ گزشتہ سیاست اور گزشتہ سیاست موجودہ تایخ ہے,augmented_blur,train
data/raw/augmented/urdu_0570_aug2_rotation.png,ابتدائی کلاسیکی دور (تقریباً 200 ق م تا تقریباً 320 عیسوی),augmented_rotation,train
data/raw/augmented/urdu_0296_aug2_rotation.png,مثلاً عربی تائے مربوطہ (ة) کو (ہ) یا (ت) میں بدل دیا جاتا ہے,augmented_rotation,train
data/raw/augmented/urdu_0368_aug2_blur.png,ʃkəɾi  ])  یا صرف لشکری,augmented_blur,train
data/raw/augmented/urdu_0306_aug3_blur.png,ہندوی کی ایک ابتدائی ادبی روایت کی بنیاد امیر خسرو نے 13ویں صدی کے آخر میں رکھی تھی,augmented_blur,train
data/raw/augmented/urdu_0288_aug1_rotation.png,لیکن حقیقت یہ ہے کہ ہندی، اُردو زبان سے نکلی ہے,augmented_rotation,train
data/raw/signboards/sign_160.png,پاکستان میں,signboards_synthetic,train
data/raw/synthetic/urdu_0303.png,اسی طرح اس زبان کے کئی دوسرے نام بھی تھے، جیسے ہندوی، ریختہ یا دہلوی,synthetic,train
data/raw/other/utrset_239.jpg,کہ--- کہ جنم کانظارہ کروں!“,utrset_real,train
data/raw/augmented/urdu_0034_aug1_rotation.png,پاکستان وفاقی پارلیمانی جمہوری ریاست کے تحت چلتا ہے,augmented_rotation,train
data/raw/synthetic/urdu_0178.png,قومی پرچم - اصل مضمون کے لیے دیکھیں قومی پرچم,synthetic,train
data/raw/augmented/urdu_0571_aug1_rotation.png,شونگ مگدھ سے اٹھے اور برصغیر ہند کے مشرقی اور وسطی علاقوں تک اپنی سلطنت قائم کر لی,augmented_rotation,train
data/raw/augmented/urdu_0219_aug3_blur.png,1947ء میں قائم ہونے والے ممالک اور علاقے,augmented_blur,train
data/raw/augmented/urdu_0505_aug3_blur.png,سنسکرت زبان کی شہرہ آفاق رزمیہ داستانیں راماین اور مہا بھارت اسی عہد کی یادگار ہیں,augmented_blur,train
data/raw/augmented/urdu_0378_aug3_blur.png,یہ کتاب برہمنوں کے اُن خاندانوں میں جہاں اردو عام زبان تھی، کافی مشہور کتاب مانی گئی,augmented_blur,train
data/raw/augmented/urdu_0252_aug3_rotation.png,(مولانا محمد حنیف ندوی,augmented_rotation,train
data/raw/augmented/urdu_0254_aug3_brightness.png,مورخ کی ذمہ داری,augmented_brightness,train
data/raw/synthetic/urdu_0048.png,پاکستانی حکمران,synthetic,train
data/raw/augmented/urdu_0397_aug3_rotation.png,مرثیہ: شہیدوں کے واقعات کو بیان کرنے والی نظم,augmented_rotation,train
data/raw/augmented/urdu_0240_aug2_brightness.png,آغاز تمذن سے اب تک تاریخ نے کئی روپ دھارے ہیں,augmented_brightness,train
data/raw/augmented/urdu_0040_aug2_brightness.png,یہ علاقہ سیاسی، مذہبی اور ثقافتی طور پر عرب دنیا سے جڑ جاتا ہے,augmented_brightness,train
data/raw/other/utrset_053.jpg,مسلم حکومت کیلیے خاص طورسے مسلمانوں کی خاطر ایک مستقل مسلمان والی کے تصور کو,utrset_real,train
data/raw/augmented/urdu_0199_aug3_blur.png,اقوام متحدہ کی اعداد و شمار,augmented_blur,train
data/raw/augmented/urdu_0292_aug2_brightness.png,18ویں صدی کے آخر میں، اسے   کے نام سے جانا جاتا تھا,augmented_brightness,train
data/raw/synthetic/urdu_0603.png,گپت خاندان کی تباہی ان منگول قوموں کے ہاتھوں ہوئی جو ہن کہلاتی تھیں,synthetic,train
data/raw/other/utrset_022.jpg,فرنگی محلی وغیرہ تھے، اس کمیٹی نے جو رپورٹ تیار کی وہ یوپی کی مجلس قانون ساز,utrset_real,train
data/raw/other/utrset_342.jpg,شہ نشین ۔ اس نے اطمینان کی سانس لی۔ اس کا کمرہ بھی روشن ہوا دار اور بہت,utrset_real,train
data/raw/signboards/sign_128.png,تاريخ کا فلسفہ,signboards_synthetic,train
data/raw/augmented/urdu_0269_aug3_rotation.png,اردو ادب کی اصطلاحات,augmented_rotation,train
data/raw/augmented/urdu_0361_aug1_rotation.png,اردو بولنے والے ممالک,augmented_rotation,train
data/raw/other/utrset_129.jpg,سلسلہ میں نہیں ہوئی۔ لیکن اب کچھ مدّت سے جب سے کہ یوپی کونسل کے مسئلہ انتخاب کی سلسلہ جنبانی,utrset_real,train
data/raw/augmented/urdu_0151_aug1_brightness.png,اس کے بقایا جات گندھارا کے صدر مقام ٹیکسلا میں دکھائی دیتے ہیں,augmented_brightness,train
data/raw/synthetic/urdu_0057.png,پاکستان میں موجود تمام بڑے آبی ڈیم جنرل ایوب کے دور آمریت میں بنائے گئے,synthetic,train
data/raw/synthetic/urdu_0481.png,نیز یہ ہندوستان کے ان قدیم ترین متون میں سے ہیں جو دست بردِ زمانہ سے محفوظ رہے,synthetic,train
data/raw/augmented/urdu_0310_aug3_brightness.png,ایک اردو فارسی لغت خان آرزو نے 1751ء میں احمد شاہ بہادر کے دور میں لکھی تھی,augmented_brightness,train
data/raw/augmented/urdu_0053_aug3_brightness.png,1951ء میں پستول کی گولی کا شانہ بنا کر[لیاقت علی خان]] کو شہید کر دیا گیا,augmented_brightness,train
data/raw/other/utrset_264.jpg,شعور حاصل ہورہاہو--- ان آنکھوں میں ایک ناپاک مسرت کوندرہی تھی---,utrset_real,train
data/raw/augmented/urdu_0534_aug3_brightness.png,چندر گپت کے بعد اس کا بیٹا بندو سار 297 ق م کے آس پاس تخت سلطنت پر بیٹھا,augmented_brightness,train
data/raw/augmented/urdu_0543_aug1_rotation.png,اس کا دارالخلافہ قنوج تھا جس کے کھنڈر آج بھی شمالی بھارت میں پائےجاتے ہیں,augmented_rotation,train
data/raw/augmented/urdu_0421_aug1_brightness.png,رومن حروف تہجی کا قاعدہ,augmented_brightness,train
data/raw/other/utrset_095.jpg,اہل ذوق کلام برق سے محظوظ ہوں۔,utrset_real,train
data/raw/augmented/urdu_0351_aug3_rotation.png,اسے بنگلہ دیش کی حکومت نے سرکاری طور پر تسلیم نہیں کیا ہے,augmented_rotation,train
data/raw/books/book_076.png,پاکستان کی مختلف علاقہ جات کے متعلق آئین پاکستان کا دوسرا آرٹیکل بیان کرتا ہے:,books_synthetic,train
data/raw/synthetic/urdu_0213.png,پاکستان کے نیشنل پارک,synthetic,train
data/raw/synthetic/urdu_0531.png,بر صغير سے سکندر اعظم کے جانے کے بعد نند سلطنت کی بساط الٹ گئی اور موريا دور کا آغاز ہوا,synthetic,train
data/raw/other/utrset_097.jpg,قیمت ۲ ۱/-ضخامت دوسو صفحات,utrset_real,train
data/raw/augmented/urdu_0358_aug1_blur.png,معیاری اردو کا اکثر معیاری ہندی سے موازنہ کیا جاتا ہے,augmented_blur,train
data/raw/augmented/urdu_0063_aug2_blur.png,اگلا دور 1977ء تا 1988ء مارشل لا کا تھا,augmented_blur,train
data/raw/augmented/urdu_0255_aug1_blur.png,افکار ابن خلدون، 79),augmented_blur,train
data/raw/augmented/urdu_0572_aug1_brightness.png,ان کا عہد سلطنت تقریباً 187 ق م سے 78 ق م تک رہا,augmented_brightness,train
data/raw/other/utrset_163.jpg,ڈراما کا مقصد ہے، کہ مہیست اجتماعی کی اصلاح شخصی  واقعات اور روز مرہ کے,utrset_real,train
data/raw/augmented/urdu_0433_aug3_brightness.png,گجرات (بھارت) کی زبانیں,augmented_brightness,train
data/raw/augmented/urdu_0002_aug2_brightness.png,جغرافیہ ‎(انگریزی: Geography)‎ یونانی زبان کا لفظ ہے,augmented_brightness,train
data/raw/synthetic/urdu_0556.png,تقریباً 300 ق م سے 200 عیسوی تک پَتو پاٹّو، ایٹو توگئی اور پَتی نَینکل کنکّو لکھے جاتے رہے,synthetic,train
data/raw/augmented/urdu_0338_aug3_blur.png,24% اردو بولنے والے) میں تقریباً کثرت ہے,augmented_blur,train
data/raw/augmented/urdu_0567_aug3_rotation.png,یہی وہ دور ہے جس میں شونگ اور ساتواہن سلطنتوں کو عروج حاصل ہوا,augmented_rotation,train
data/raw/augmented/urdu_0297_aug2_blur.png,جیسے غلام حمدان مصحفی نے اپنی ایک,augmented_blur,train
data/raw/synthetic/urdu_0304.png,اردو زبان کو برطانوی دور میں انگریزوں نے ترقی دی، تاکہ فارسی کی اہمیت کو ختم کیا جا سکے,synthetic,train
data/raw/augmented/urdu_0311_aug3_rotation.png,دیگر تاریخی نام,augmented_rotation,train
data/raw/signboards/sign_072.png,پاکستان کے اضلاع,signboards_synthetic,train
data/raw/augmented/urdu_0227_aug3_brightness.png,جنوب ایشیائی ممالک,augmented_brightness,train
data/raw/augmented/urdu_0242_aug1_blur.png,ای ایچ کار کی رائے میں تحقیق شدہ واقعات کے ایک سلسلے پر مشتمل ہے,augmented_blur,train
data/raw/signboards/sign_155.png,8 ملین تھی (کل آبادی کا 4,signboards_synthetic,train
data/raw/other/utrset_333.jpg,کرے گا کہ اس کے لےے یہ چیزیں وہ کیوں نہ لائی۔,utrset_real,train
data/raw/augmented/urdu_0396_aug1_rotation.png,مثنوی: ایک لمبی نظم جس میں کوئی قصہ یا داستان کہی گئی ہو,augmented_rotation,train
data/raw/synthetic/urdu_0109.png,"پاکستان کا کل رقبہ 796,095 مربع کلومیٹر ہے",synthetic,train
data/raw/augmented/urdu_0164_aug1_brightness.png,ہاکی پاکستان کا قومی کھیل ہے,augmented_brightness,train
data/raw/signboards/sign_056.png,صحت عامہ,signboards_synthetic,train
data/raw/augmented/urdu_0330_aug2_rotation.png,یہ مدرسوں میں اعلیٰ ثانوی جماعتوں تک لازمی مضمون کی طور پر پڑھائی جاتی ہے,augmented_rotation,train
data/raw/other/utrset_303.jpg,پھوپھی اماں نے اپنی ملازمہ لڑکی کو بلایا اور اسے نہانے دھونے لباس بدلنے,utrset_real,train
data/raw/augmented/urdu_0131_aug3_blur.png,ليکن ايک اسلامی تہذيب کا حصہ ہونے کی وجہ سے اس ميں کافی تہذيبی ہم آہنگی بھی موجود ہے,augmented_blur,train
data/raw/augmented/urdu_0176_aug1_blur.png,قومی دن – یوم پاکستان، 23 مارچ کو منایا جاتا ہے,augmented_blur,train
data/raw/synthetic/urdu_0595.png,تیسری صدی عیسوی تک پہنچتے پہنچتے کشانوں کی سلطنت بکھرنے لگی,synthetic,train
data/raw/augmented/urdu_0501_aug3_blur.png,بدھ مت اور جین مت,augmented_blur,train
data/raw/augmented/urdu_0372_aug1_brightness.png,ڈھاکہ اردو اردو کی ایک بول چال کی غیر معیاری بولی ہے جو عام طور پر نہیں لکھی جاتی تھی,augmented_brightness,train
data/raw/augmented/urdu_0545_aug1_rotation.png,یہ عوام کی فلاح و بہبود، سماجی ہم آہنگی، مذہبی تبدیلی اور علوم و فنون کی ترقی کا زمانہ تھا,augmented_rotation,train
data/raw/other/utrset_207.jpg,زیادہ اور کوئی کیا واقف ہوگا کہ یہ فن' نا اہل ہاتھوں میں پڑکرذلیل ہوا ہے ۔ اور,utrset_real,train
data/raw/augmented/urdu_0149_aug3_rotation.png,پاکستان میں سب سے عام اردو ڈراما سیریلز ہیں جو مختلف چینلز پر چلائے جاتے ہیں,augmented_rotation,train
data/raw/other/utrset_371.jpg,دوسری  طرف ایک کتاب لگا رکھی ہے پھر بھی کبھی کبھی تیز ہوا کا جھونکا,utrset_real,train
data/raw/other/utrset_096.jpg,بعدازاں مصنف کافارسی دیباچہ اورغزلیات کاانتخاب ہے کاغذکتابت طباعت عمدہ ہے۔ سرورق آرت پیپر کاہے,utrset_real,train
data/raw/augmented/urdu_0304_aug2_rotation.png,اردو زبان کو برطانوی دور میں انگریزوں نے ترقی دی، تاکہ فارسی کی اہمیت کو ختم کیا جا سکے,augmented_rotation,train
data/raw/augmented/urdu_0541_aug1_brightness.png,اشوک کے عہد حکومت میں بدھ مت سارے ہندوستان میں پھیل چکا تھا,augmented_brightness,train
data/raw/other/utrset_131.jpg,(فیلوالہ آبادیونیورسٹی) نے طلباء اسکول کے لئے ایک,utrset_real,train
data/raw/signboards/sign_054.png,ہاکی پاکستان کا قومی کھیل ہے,signboards_synthetic,train
data/raw/augmented/urdu_0380_aug2_rotation.png,ایک فکشن ہے تو دوسرا غیر فکشن,augmented_rotation,train
data/raw/augmented/urdu_0412_aug3_rotation.png,اردو بولنے والوں کے ذریعہ ہندوستان کی ریاستیں,augmented_rotation,train
data/raw/augmented/urdu_0215_aug1_blur.png,قرارداد پاکستان,augmented_blur,train
data/raw/augmented/urdu_0296_aug1_brightness.png,مثلاً عربی تائے مربوطہ (ة) کو (ہ) یا (ت) میں بدل دیا جاتا ہے,augmented_brightness,train
data/raw/augmented/urdu_0006_aug3_blur.png,وہ پہلا شخص تھا,augmented_blur,train
data/raw/augmented/urdu_0097_aug1_blur.png,اس وقت بہت سے مسلمان فوجی، پاک عسکریہ میں شامل ہوگئے,augmented_blur,train
data/raw/synthetic/urdu_0305.png,اس کا تعلق وسطی ہند آریائی زبانوں کے مغربی ہندی زبان سے ہے,synthetic,train
data/raw/other/utrset_254.jpg,ہے۔ میں نے دیکھاہے کہ خوردبینی کام میں مصروف رہنے کے دوران میرے اندر مسایل,utrset_real,train
data/raw/books/book_031.png,اس واقعہ نے برصغیر اور جنوبی ایشیا کی تاریخ پر گہرے اثرات مرتب کیے,books_synthetic,train
data/raw/other/utrset_111.jpg,کی ضخامت ایک روپیہ سالانہ چندہ میں خریداروں کومفت دیدیتامولوی عبدالحمیدخاں صاحب,utrset_real,train
data/raw/synthetic/urdu_0253.png,افکار ابن خلدون، 75),synthetic,train
data/raw/other/utrset_317.jpg,پھوپھی اماں نے اس کی حیرت پر خفیف سا مسکراکر کہا تھا۔ماموں کا شوق بھانجے,utrset_real,train
data/raw/synthetic/urdu_0221.png,اسلامی جمہوریتیں,synthetic,train
data/raw/augmented/urdu_0284_aug2_rotation.png,1947ء میں تقسیم ہند کے بعد سے پاکستانی شہر کراچی میں ایک تیسرا معیار پیدا ہوا ہے,augmented_rotation,train
data/raw/augmented/urdu_0013_aug2_blur.png,علم جغرافیہ پرانے زمانے میں بھی موجود رہا ہے,augmented_blur,train
data/raw/synthetic/urdu_0130.png,اس ميں اس علاقوں کی تاريخی عليحدگی کے ساتھ ساتھ موسم اور آب و ہوا کا بھی بہت اثر ہے,synthetic,train
data/raw/augmented/urdu_0415_aug2_blur.png,انگریزی سے اردو آف لائن اور editable ڈکشنری ڈاون لوڈ کریں,augmented_blur,train
data/raw/synthetic/urdu_0124.png,پاکستان ميں تمام تر اعلیٰ تعليم بھی انگريزی ميں ہی دی جاتی ہے,synthetic,train
data/raw/augmented/urdu_0437_aug3_brightness.png,ایتھنولوگ کے علاوہ دیگر ذرائع کا حوالہ دیتے ہوئے آیزو زبان کے مضامین,augmented_brightness,train
data/raw/augmented/urdu_0035_aug3_brightness.png,اس کے پانچ صوبے اور کچھ وفاقی حکومت کے زیر انتظام علاقے ہیں,augmented_brightness,train
data/raw/augmented/urdu_0501_aug1_brightness.png,بدھ مت اور جین مت,augmented_brightness,train
data/raw/augmented/urdu_0132_aug3_brightness.png,پاکستان ميں بہت مختلف قسم کی موسيقی ملتی ہے,augmented_brightness,train
data/raw/other/utrset_214.jpg,دلچسپ اورنہایت موثرروشنی ڈالتا ہے۔,utrset_real,train
data/raw/synthetic/urdu_0026.png,جغرافیہ کی شاخیں,synthetic,train
data/raw/augmented/urdu_0377_aug2_brightness.png,اس کا موضوع فالنامہ ہے,augmented_brightness,train
data/raw/augmented/urdu_0375_aug2_brightness.png,عربی اور فارسی کی کئی کلاسیکی کتب کے بھی تراجم اردو میں ہیں,augmented_brightness,train
data/raw/augmented/urdu_0341_aug1_brightness.png,یہ تعلیم، اَدب، دفتر، عدالت، وسیط اور دینی اِداروں میں مستعمل ہے,augmented_brightness,train
data/raw/synthetic/urdu_0023.png,قرون وسطیٰ میں مسلم ممالک میں اس علم میں بہت پیش رفت ہوئی,synthetic,train
data/raw/augmented/urdu_0503_aug1_brightness.png,ان تحریکوں نے برہمنیت کے تسلط کو للکارا اور قدیم رسم و رواج کے زور کو توڑنے کی کوشش کی,augmented_brightness,train
data/raw/synthetic/urdu_0586.png,ہندوستان کی سیاحت کرنے والے چینیوں میں فاہیان، یی جنگ، سونگ یون اور ہیون سانگ قابل ذکر ہیں,synthetic,train
data/raw/books/book_013.png,پاکستان (رسمی نام: اسلامی  جمہوریۂ  پاکستان) جنوبی ایشیا کے شمال مغرب وسطی ایشیا اور مغربی ایشیا کے لیے دفاعی طور پر اہم حصے میں واقع ایک خود مختار اسلامی ملک ہے,books_synthetic,train
data/raw/augmented/urdu_0523_aug1_brightness.png,یہی دور ہے جس میں گوتم بدھ نے اپنی زندگی کا بیشتر حصہ مگدھ سلطنت میں گذارا,augmented_brightness,train
data/raw/other/utrset_266.jpg,اچانک مکرجیؔ کی آنکھوں میں نگاہوں کے مرکوز ہونے کی کیفیت پیداہوئی جیسے وہ ہم,utrset_real,train
data/raw/augmented/urdu_0318_aug3_brightness.png,بروس (2021ء) کے مطابق، اٹھارویں صدی سے اردو نے انگریزی الفاظ کو ڈھال لیا ہے,augmented_brightness,train
data/raw/books/book_150.png,اس وقت پاکستان میں 50 سے بھی زیادہ صرف نجی چینلز موجود ہیں جن کی نشریات 24 گھنٹے جاری رہتی ہیں,books_synthetic,train
data/raw/books/book_107.png,جغرافیائی طور پر پاکستان جنوبی ایشیا کے شمال مغربی حصے میں واقع ہے,books_synthetic,train
data/raw/signboards/sign_043.png,انتظامی تقسیم,signboards_synthetic,train
data/raw/augmented/urdu_0594_aug3_brightness.png,ہیو جارج رالنسن رقم طراز ہے:,augmented_brightness,train
data/raw/synthetic/urdu_0280.png,اردو تاریخی طور پر ہندوستان کی مسلم آبادی سے جڑی ہے,synthetic,train
data/raw/newspaper/Screenshot 2026-07-01 181727.png,دوسرى جانب على ك_ دوست احسن خان ن بتايا كه ' بم ن_ روانص س قبل به على كو روكن ك بهربوروشش كء ان س درخواست ك كد وه رات كا سفرند كري ليكن وه نهيل رك اوركها كه اس وقت نكلنا ان ك لي ضرورى ل٤-,manual_screenshot,train
data/raw/augmented/urdu_0124_aug1_brightness.png,پاکستان ميں تمام تر اعلیٰ تعليم بھی انگريزی ميں ہی دی جاتی ہے,augmented_brightness,train
data/raw/other/utrset_024.jpg,الہ آباد ہائی کورٹ)تھے، اس کے ممبروں میں ڈاکٹر شفاعت احمدخاں کے علاوہ,utrset_real,train
data/raw/augmented/urdu_0051_aug1_rotation.png,پاکستان کی عبوری حکومت ١١ اگست ١٩٤٧ کو تشکیل دی گئی تھی,augmented_rotation,train
data/raw/signboards/sign_083.png,قرارداد پاکستان,signboards_synthetic,train
data/raw/augmented/urdu_0275_aug2_blur.png,مختلف زبانوں کی آپس ميں مشابہت کے بارے ميں مطالعہ کيا جاتا ہے,augmented_blur,train
data/raw/signboards/sign_107.png,(مولانا محمد حنیف ندوی,signboards_synthetic,train
data/raw/augmented/urdu_0586_aug2_rotation.png,ہندوستان کی سیاحت کرنے والے چینیوں میں فاہیان، یی جنگ، سونگ یون اور ہیون سانگ قابل ذکر ہیں,augmented_rotation,train
data/raw/synthetic/urdu_0417.png,اردو حروفِ تہجی کی کہانی,synthetic,train
data/raw/other/utrset_109.jpg,ملک کے ہرپڑہے لکہے مردعورت کواس رسالہ کی معاونت کرناچاہئے۔ ہم لائق مدیر کی خدمت,utrset_real,train
data/raw/other/utrset_186.jpg,"مصنف یعنی جناب ""ناظر"" کا مذاق بہت گہرا مالما نہ ہے ۔ ان کا دماغ ڈیپ",utrset_real,train
data/raw/synthetic/urdu_0173.png,ورزشی کھیلوں میں عبدالخالق نے سال 1954ء اور سال 1958ء کے ایشیائی کھیلوں میں حصہ لیا,synthetic,train
data/raw/augmented/urdu_0212_aug1_blur.png,پاکستان کے ٹی وی چینل,augmented_blur,train
data/raw/augmented/urdu_0060_aug2_brightness.png,ذوالفقار علی بھٹو پاکستان کے صدر اور بعد ازاں وزیر اعظم رہے,augmented_brightness,train
data/raw/synthetic/urdu_0290.png,خاص کر جنوبی ایشیائی زبانوں میں اردو اپنی شاعری کے حوالے سے جانی جاتی ہے,synthetic,train
data/raw/augmented/urdu_0082_aug3_rotation.png,اسی بنا پر 1973ء کا آئین بنایا گیا,augmented_rotation,train
data/raw/augmented/urdu_0202_aug2_rotation.png,پاکستان میں کئی زبانیں بولی، لکھی اور سمجھی جاتی ہیں,augmented_rotation,train
data/raw/augmented/urdu_0153_aug2_brightness.png,یہ عمارتیں نئی ریاست کی خود اعتمادی کو ظاہر کرتی ہیں,augmented_brightness,train
data/raw/augmented/urdu_0045_aug3_brightness.png,14 اگست 1947ء کو پاکستان وجود میں آیا,augmented_brightness,train
data/raw/augmented/urdu_0194_aug1_brightness.png,چاند اور ستارہ جو روایتی طور پر اسلام سے ریاست کی عقیدت اور محبت کا اظہار کرتے ہیں,augmented_brightness,train
data/raw/synthetic/urdu_0522.png,انگ کا علاقہ اب مشرقی بہار اور مغربی بنگال میں پڑتا ہے,synthetic,train
data/raw/augmented/urdu_0411_aug3_blur.png,اردو زبان کے مصنفین کی فہرست,augmented_blur,train
data/raw/augmented/urdu_0400_aug2_rotation.png,اس کے چار اقسام ہیں,augmented_rotation,train
data/raw/augmented/urdu_0530_aug2_brightness.png,چنانچہ سکندر کو پنجاب اور سندھ کے میدانوں سے واپس لوٹنا پڑا,augmented_brightness,train
data/raw/other/utrset_079.jpg,”محبوبہ“ کی جدائی کے کچھ عرصہ بعد”روزیٹی“ نے ایک خواب دیکہا:۔ جس کی تشریح اسکی جنبشِ قلم نے اس تصویر,utrset_real,train
data/raw/signboards/sign_044.png,پاکستان کی سرحدیں,signboards_synthetic,train
data/raw/augmented/urdu_0017_aug3_blur.png,زمانہ قدیم میں جغرافیہ کا تصور,augmented_blur,train
data/raw/augmented/urdu_0582_aug1_brightness.png,ہندوستان کی تجارت اور سیاحت,augmented_brightness,train
data/raw/augmented/urdu_0059_aug2_blur.png,1972ء سے لے کر 1977ء تک پاکستان میں پاکستان پیپلز پارٹی کی حکومت تھی,augmented_blur,train
data/raw/augmented/urdu_0554_aug3_brightness.png,ان میں کاشت کار بھی تھے، دست کار بھی تھے، دکان دار، تاجر اور پروہت بھی تھے,augmented_brightness,train
data/raw/augmented/urdu_0441_aug3_blur.png,اس تہذیب کا شمار عہد قدیم کی اولین تہذیبوں میں ہوتا ہے,augmented_blur,train
data/raw/books/book_030.png,یہ علاقہ سیاسی، مذہبی اور ثقافتی طور پر عرب دنیا سے جڑ جاتا ہے,books_synthetic,train
data/raw/books/book_109.png,"پاکستان کا سمندری ساحل تقریباً 1,046 کلومیٹر ہے اور 6,774 کلومیٹر زمینی سرحد ہے",books_synthetic,train
data/raw/augmented/urdu_0250_aug2_brightness.png,امتتداد زمانہ کے ساتھ ان اسلاف کی حقیقی شخصیتیں روایتوں کے انبار تلے دب گئیں,augmented_brightness,train
data/raw/augmented/urdu_0241_aug2_brightness.png,اناتول قراش کے خیال میں تاریخ گزشتہ حادثات و اتفاقات کے تحریری بیان سے عبارت ہے,augmented_brightness,train
data/raw/augmented/urdu_0232_aug1_brightness.png,مؤتمر عالم اسلامی کے رکن ممالک,augmented_brightness,train
data/raw/augmented/urdu_0489_aug2_blur.png,اس عہد میں چھوٹے چھوٹے قبیلوں اور سرداروں نے آپس میں مل کر جن پد قائم کرنا شروع کیا,augmented_blur,train
data/raw/augmented/urdu_0451_aug1_blur.png,سلطنت دہلی کے زوال سے دکن سلطنتیں ابھریں,augmented_blur,train
data/raw/augmented/urdu_0265_aug1_brightness.png,امريکہ کی تاريخ,augmented_brightness,train
data/raw/synthetic/urdu_0214.png,اہم پاکستانی ایام,synthetic,train
data/raw/augmented/urdu_0116_aug1_blur.png,پاکستان کی زیادہ تر آبادی زراعت کے شعبے سے منسلک ہے,augmented_blur,train
data/raw/books/book_027.png,پاکستان کی تاریخ فوجی آمریت، سیاسی عدم استحکام اور پڑوسی ملک سےجھگڑوں پر مشتمل ہے,books_synthetic,train
data/raw/augmented/urdu_0273_aug1_brightness.png,زبانوں کی موجودہ صورت کا مطالعہ کيا جاتا ہے,augmented_brightness,train
data/raw/augmented/urdu_0426_aug2_rotation.png,پیشہ ہائے اردو زبان,augmented_rotation,train
data/raw/augmented/urdu_0475_aug3_brightness.png,ويدک دور (تقریباً 1500 ق م تا 600 ق م),augmented_brightness,train
data/raw/augmented/urdu_0335_aug2_blur.png,بھارت کے تقریباً 800 اضلاع میں ایک بہت بڑی تعداد میں اردو بولنے والی اقلیت میں ہیں,augmented_blur,train
data/raw/augmented/urdu_0495_aug1_blur.png,یہ مملکت مشرق کے اس خطہ میں قائم تھی جو اب نیپال اور بہار کا حصہ ہے,augmented_blur,train
data/raw/other/utrset_133.jpg,ڈاکٹر شفاعت احمدخاں کی ”تاریخ ہند,utrset_real,train
data/raw/synthetic/urdu_0219.png,1947ء میں قائم ہونے والے ممالک اور علاقے,synthetic,train
data/raw/augmented/urdu_0464_aug2_rotation.png,یہاں سے نئے سنگی دور کا آغاز ہوتا ہے,augmented_rotation,train
data/raw/other/utrset_202.jpg,میں خوش ہوں کہ 'ناظر' نے اس طرف توجہ کی ۔ اور وہ ایک بڑی حد تک کامیاب بھی ہوئے,utrset_real,train
data/raw/augmented/urdu_0149_aug1_blur.png,پاکستان میں سب سے عام اردو ڈراما سیریلز ہیں جو مختلف چینلز پر چلائے جاتے ہیں,augmented_blur,train
data/raw/augmented/urdu_0456_aug3_brightness.png,یہ سنگی آلات نسل انسانی کے بالکل ابتدائی ایام کے ہیں,augmented_brightness,train
data/raw/synthetic/urdu_0383.png,اردو ناول بھی کافی مشہور صنف ہے,synthetic,train
data/raw/other/utrset_271.jpg,دروازے پر جماہواتھا۔,utrset_real,train
data/raw/synthetic/urdu_0533.png,اس جنگ میں فتح پانے کے بعد دریائے سندھ کا مغربی خطہ بھی اس کی حکومت میں شامل ہو گیا,synthetic,train
data/raw/augmented/urdu_0156_aug3_brightness.png,شاہی قلعہ لاہور اور شالیمار باغ لاہور,augmented_brightness,train
data/raw/newspaper/Screenshot 2026-07-01 182103.png,باكستان اور انديا ن قونصلر رسائى ك دوطرف معابد ك تحت ايك د9سر تحويل مي موجود قيديور ك فهرستو كا تبادلد كرليا ل_-,manual_screenshot,train
data/raw/augmented/urdu_0520_aug1_rotation.png,مگدھ کے دائرۂ اقتدار میں بعض جمہوری برادریاں مثلاً راج کمار برادری وغیرہ بھی شامل تھیں,augmented_rotation,train
data/raw/augmented/urdu_0322_aug3_brightness.png,08 ملین اردو بولنے والے تھے)، خاص طور پر سب سے زیادہ اردو بولنے والی ریاستوں اتر پردیش (c,augmented_brightness,train
data/raw/augmented/urdu_0509_aug1_rotation.png,وادی سندھ کی تہذیب کے خاتمہ کے بعد اسی عہد میں پہلی بار ہندوستان میں بڑے بڑے شہر بسائے گئے,augmented_rotation,train
data/raw/augmented/urdu_0366_aug2_rotation.png,مثال کے طور پر، عربی ta' marbuta (  اس میں تبدیلیاں ( > ) یا te (  ),augmented_rotation,train
data/raw/augmented/urdu_0036_aug3_rotation.png,اس کی معیشت دنیا میں 23 ویں نمبر پر ہے,augmented_rotation,train
data/raw/synthetic/urdu_0229.png,دولت مشترکہ کے رکن ممالک,synthetic,train
data/raw/augmented/urdu_0044_aug3_rotation.png,اس تحریک کی قیادت محمد علی جناح نے کی,augmented_rotation,train
data/raw/augmented/urdu_0505_aug2_rotation.png,سنسکرت زبان کی شہرہ آفاق رزمیہ داستانیں راماین اور مہا بھارت اسی عہد کی یادگار ہیں,augmented_rotation,train
data/raw/augmented/urdu_0490_aug2_rotation.png,برصغیر ہند میں 1200 ق م سے چھٹی صدی ق م کا درمیانی عرصہ آہنی دور کہلاتا ہے,augmented_rotation,train
data/raw/augmented/urdu_0376_aug3_brightness.png,ساتھ ساتھ کئی اہم، مقبول، معروف اسلامی ادبی کتب کا خزینہ اردو میں دستیاب ہے,augmented_brightness,train
data/raw/synthetic/urdu_0329.png,پاکستان میں اردو,synthetic,train
data/raw/augmented/urdu_0401_aug2_brightness.png,حمد: اللہ کی تعریف میں کہا گیا قصیدہ,augmented_brightness,train
data/raw/augmented/urdu_0226_aug1_rotation.png,پنجابی زبان بولنے والے ممالک اور علاقہ جات,augmented_rotation,train
data/raw/augmented/urdu_0187_aug3_blur.png,قومی پرندہ - پاکستان کا قومی پرندہ چکور ہے,augmented_blur,train
data/raw/augmented/urdu_0323_aug2_brightness.png,8% سے 5%) اور بہار (c,augmented_brightness,train
data/raw/augmented/urdu_0483_aug1_blur.png,اتھرو وید کے زمانہ تک پیپل کے درخت اور گائے مقدس سمجھے جانے لگے تھے,augmented_blur,train
data/raw/augmented/urdu_0269_aug2_blur.png,اردو ادب کی اصطلاحات,augmented_blur,train
data/raw/augmented/urdu_0507_aug2_blur.png,چھٹی صدی ق م سے تیسری صدی ق م تک مہا جن پد کے عروج کا دور ہے,augmented_blur,train
data/raw/augmented/urdu_0020_aug2_blur.png,مگر ان عجیب و غریب خیالات کے ساتھ ساتھ قدیم یونانیوں نے بعض حیرت انگیز دریافتیں بھی کیں,augmented_blur,train
data/raw/signboards/sign_146.png,ابتدائی تاریخ,signboards_synthetic,train
data/raw/augmented/urdu_0099_aug3_brightness.png,اب پاکستان کافی حد تک دفاعی اعتبار سے خود کفیل ہو گیا ہے,augmented_brightness,train
data/raw/books/book_014.png,یہ دنیا کا پانچواں سب سے زیادہ آبادی والا ملک ہے، جس کی آبادی تقریباً 242 ملین ہے اور دنیا کی دوسری سب سے بڑی مسلم آبادی والا ملک ہے,books_synthetic,train
data/raw/augmented/urdu_0291_aug1_blur.png,اردو کا مطلب ترک زبان میں فوج ہے,augmented_blur,train
data/raw/other/utrset_021.jpg,میں قابل قبول نہیں سمجھی گئی توپھر مولاناکفایت اللہ اور مولاناقطب الدین کی تائید سے,utrset_real,train
data/raw/other/utrset_393.jpg,لادے آٹا پسوانے جارہا ہے ۔ پیروں میں چمڑے کی ٹوٹی پرانی چپلیں ہیں جن,utrset_real,train
data/raw/synthetic/urdu_0097.png,اس وقت بہت سے مسلمان فوجی، پاک عسکریہ میں شامل ہوگئے,synthetic,train
data/raw/augmented/urdu_0523_aug3_brightness.png,یہی دور ہے جس میں گوتم بدھ نے اپنی زندگی کا بیشتر حصہ مگدھ سلطنت میں گذارا,augmented_brightness,train
data/raw/augmented/urdu_0422_aug2_rotation.png,اتر پردیش کی زبانیں,augmented_rotation,train
data/raw/synthetic/urdu_0040.png,یہ علاقہ سیاسی، مذہبی اور ثقافتی طور پر عرب دنیا سے جڑ جاتا ہے,synthetic,train
data/raw/augmented/urdu_0482_aug3_rotation.png,ویدک عہد کا دورانیہ 1500 ق م سے 500 ق م تک ہے,augmented_rotation,train
data/raw/synthetic/urdu_0217.png,پاکستان کی بادشاہت,synthetic,train
data/raw/other/utrset_035.jpg,جائیں جو آنریری منصف کوحاصل ہیں، تاکہ وہ اپنے اختیارات سے ایسی مشکلوں,utrset_real,train
data/raw/synthetic/urdu_0343.png,اردو واحد قومی ہے، اور پاکستان کی دو سرکاری زبانوں میں سے ایک (انگریزی کے ساتھ),synthetic,train
data/raw/augmented/urdu_0222_aug1_blur.png,اقوام متحدہ کے رکن ممالک,augmented_blur,train
data/raw/augmented/urdu_0193_aug2_rotation.png,ریاستی نشان درج ذیل نشانات پر مشتمل ہے,augmented_rotation,train
data/raw/other/utrset_293.jpg,طرف سے گھراہواتھااوراس میں کوئی کھڑکی نہ تھی۔ جلالؔ اوراس کے دونوں آدمیوں نے,utrset_real,train
data/raw/augmented/urdu_0168_aug3_brightness.png,پاکستان کرکٹ کے ٹیم، جنہیں شاہین کہا جاتا ہے، نے 1992ء میں کرکٹ کا عالمی کپ جیتا تھا,augmented_brightness,train
data/raw/synthetic/urdu_0265.png,امريکہ کی تاريخ,synthetic,train
data/raw/augmented/urdu_0595_aug3_brightness.png,تیسری صدی عیسوی تک پہنچتے پہنچتے کشانوں کی سلطنت بکھرنے لگی,augmented_brightness,train
data/raw/augmented/urdu_0243_aug3_blur.png,کارل بیکر کے نزدیک اقوال و افعال کا علم ہے,augmented_blur,train
data/raw/augmented/urdu_0273_aug3_rotation.png,زبانوں کی موجودہ صورت کا مطالعہ کيا جاتا ہے,augmented_rotation,train
data/raw/augmented/urdu_0389_aug1_blur.png,لیکن آج کل اس کو اردو شاعری یا شاعری کے نام سے بھی جانا جانے لگا ہے,augmented_blur,train
data/raw/synthetic/urdu_0447.png,اس نظام کے تحت ہند,synthetic,train
data/raw/augmented/urdu_0387_aug2_blur.png,یعنی کلام کو ایک ترتیب وار ہیئت کے ساتھ پیش کریں تو وہ صنف نظم کہلاتی ہے,augmented_blur,train
data/raw/augmented/urdu_0451_aug3_rotation.png,سلطنت دہلی کے زوال سے دکن سلطنتیں ابھریں,augmented_rotation,train
data/raw/augmented/urdu_0366_aug3_blur.png,مثال کے طور پر، عربی ta' marbuta (  اس میں تبدیلیاں ( > ) یا te (  ),augmented_blur,train
data/raw/other/utrset_181.jpg,خوشی کی بات ہے کہ اس سے کسی قسم کی بدمزگی پیدا ہونے کے بجاے ڈرا ماکا,utrset_real,train
data/raw/synthetic/urdu_0471.png,گیرو رنگ کے برتنوں کی ثقافت,synthetic,train
data/raw/synthetic/urdu_0238.png,البتہ مختلف ادوار ميں مختلف ذرائع معلومات کو اہميت دی گئی,synthetic,train
data/raw/other/utrset_348.jpg,زندگی کی تمام خوشیوں اور عیش کے تصورات میں مگن رہتی۔ رومانی ناولیں,utrset_real,train
data/raw/augmented/urdu_0564_aug2_brightness.png,تیسری صدی عیسوی سے چھٹی صدی عیسوی کا درمیانی عرصہ ہندوستان کا کلاسیکی دور کہلاتا ہے,augmented_brightness,train
data/raw/augmented/urdu_0117_aug2_rotation.png,پاکستان کی سرحدیں,augmented_rotation,train
data/raw/other/utrset_213.jpg,"اس میں شک نہیں کہ ""زود پشیماں"" کی ٹریجڈی ہواے ہماری سوسائٹی کے",utrset_real,train
data/raw/augmented/urdu_0196_aug3_rotation.png,علامت کے چاروں طرف بانی پاکستان حضرت قائد اعظم محمد علی جناح کا قول,augmented_rotation,train
data/raw/synthetic/urdu_0346.png,وہ ریاست جس کے لیے اسے آئین کے آغاز سے فوراً پہلے استعمال کیا جا رہا تھا,synthetic,train
data/raw/synthetic/urdu_0036.png,اس کی معیشت دنیا میں 23 ویں نمبر پر ہے,synthetic,train
data/raw/books/book_148.png,اس سے پہلے پی ٹی وی ملک کا واحد چینل نیٹ ورک ہوتا تھا اور حکومت پاکستان اس نیٹ ورک کو چلا رہی تھی,books_synthetic,train
data/raw/augmented/urdu_0409_aug1_rotation.png,اردو زبان کی ابتدا کے متعلق نظریات,augmented_rotation,train
data/raw/books/book_091.png,فوج اداروں میں پاک فوج، پاک فضائیہ اور پاک بحریہ شامل ہیں جو سرحدوں کی حفاظت کرتے ہیں، قدرتی آفت میں متاثرین کی امداد وغیرہ کرتے ہیں,books_synthetic,train
data/raw/augmented/urdu_0160_aug2_brightness.png,یہ پانچ مقامات ٹیکسلا، لاہور، شاہراہ قراقرم، کریم آباد، اور جھیل سیف الملوک تہے,augmented_brightness,train
data/raw/augmented/urdu_0491_aug2_rotation.png,ان جن پدوں میں کرو، پانچال، کوشل اور وِدیہ مملکتیں ممتاز ہیں,augmented_rotation,train
data/raw/augmented/urdu_0577_aug2_blur.png,اس نے سلطنت کو پھلنے پھولنے اور اقتدار حاصل کرنے میں خاصی مدد کی,augmented_blur,train
data/raw/augmented/urdu_0113_aug3_blur.png,یہ علاقے نہری ہیں اور زیر کاشت ہیں,augmented_blur,train
data/raw/synthetic/urdu_0451.png,سلطنت دہلی کے زوال سے دکن سلطنتیں ابھریں,synthetic,train
data/raw/augmented/urdu_0013_aug3_brightness.png,علم جغرافیہ پرانے زمانے میں بھی موجود رہا ہے,augmented_brightness,train
data/raw/augmented/urdu_0524_aug2_rotation.png,ہریک خانوادہ کے بعد شی شو ناگ خانوادہ تخت سلطنت پر متمکن ہوا,augmented_rotation,train
data/raw/synthetic/urdu_0357.png,ہندی کے ساتھ موازنہ,synthetic,train
data/raw/augmented/urdu_0209_aug2_brightness.png,پاکستان کی سیاسی جماعتیں,augmented_brightness,train
data/raw/newspaper/Screenshot 2026-07-01 181623.png,ليكن ايسا نهين ٢و سكا .,manual_screenshot,train
data/raw/augmented/urdu_0194_aug2_brightness.png,چاند اور ستارہ جو روایتی طور پر اسلام سے ریاست کی عقیدت اور محبت کا اظہار کرتے ہیں,augmented_brightness,train
data/raw/signboards/sign_010.png,الحمد للہ بیکری,signboards_synthetic,train
data/raw/synthetic/urdu_0505.png,سنسکرت زبان کی شہرہ آفاق رزمیہ داستانیں راماین اور مہا بھارت اسی عہد کی یادگار ہیں,synthetic,train
data/raw/augmented/urdu_0420_aug1_blur.png,(جلد اول) بنيادی اردو,augmented_blur,train
data/raw/augmented/urdu_0479_aug3_brightness.png,اس تہذیب کو ویدوں میں بڑی تفصیل سے بیان کیا گیا ہے,augmented_brightness,train
data/raw/augmented/urdu_0149_aug2_brightness.png,پاکستان میں سب سے عام اردو ڈراما سیریلز ہیں جو مختلف چینلز پر چلائے جاتے ہیں,augmented_brightness,train
data/raw/augmented/urdu_0560_aug3_rotation.png,اس ظلم پر کن نکی کا جذبۂ انتقام بیدار ہوتا ہے اور سلطنت سے بدلہ لینے کی ٹھان لیتی ہے,augmented_rotation,train
data/raw/augmented/urdu_0308_aug1_rotation.png,کیونکہ اگرچہ مورز  بولی اپنے لیے مخصوص ہے، پھر بھی اس کے اظہار کے لیے خطوط سے محروم ہے,augmented_rotation,train
data/raw/other/utrset_115.jpg,مذہبی رسالہ”مولوی“ کا”رسول نمبر“ حسب معمول عیدمیلادالنی صلعم کی تقریب,utrset_real,train
data/raw/synthetic/urdu_0266.png,مشرق وسطی کی تاريخ,synthetic,train
data/raw/augmented/urdu_0287_aug3_brightness.png,کچھ ماہرینِ لسانیات اُردو اور ہندی کو ایک ہی زبان کی دو معیاری صورتیں گردانتے ہیں,augmented_brightness,train
data/raw/augmented/urdu_0394_aug1_blur.png,نظم: مربوط اور مکمل شاعرانہ کلام,augmented_blur,train
data/raw/augmented/urdu_0130_aug3_rotation.png,اس ميں اس علاقوں کی تاريخی عليحدگی کے ساتھ ساتھ موسم اور آب و ہوا کا بھی بہت اثر ہے,augmented_rotation,train
data/raw/other/utrset_114.jpg,میں نہایت شان وعظت سے شائع ہواہے۔ جوتقریباً ڈیڑسوصفحات کے منتخب اورمقدس مضامین,utrset_real,train
data/raw/augmented/urdu_0292_aug1_blur.png,18ویں صدی کے آخر میں، اسے   کے نام سے جانا جاتا تھا,augmented_blur,train
data/raw/synthetic/urdu_0491.png,ان جن پدوں میں کرو، پانچال، کوشل اور وِدیہ مملکتیں ممتاز ہیں,synthetic,train
data/raw/synthetic/urdu_0521.png,سلطنت کا نظم و انصرام عاملہ، عدلیہ اور فوج کے شعبوں میں منقسم تھا,synthetic,train
data/raw/synthetic/urdu_0055.png,1956ء میں پاکستان میں پہلا آئین نافذ ہوا,synthetic,train
data/raw/augmented/urdu_0092_aug2_rotation.png,پاکستان آبادی کے لحاظ سے انڈونیشیا کے بعد دوسرا بڑا اسلامی ملک ہے,augmented_rotation,train
data/raw/augmented/urdu_0392_aug3_rotation.png,اردو کی روایات میں کئی اصناف ہیں جن میں غزل نمایاں ترین حیثیت کی حامل ہے,augmented_rotation,train
data/raw/books/book_045.png,جنرل ایوب کے دور میں پاکستان میں ترقی تو ہوئی لیکن مشرقی پاکستان دور ہوتا گیا,books_synthetic,train
data/raw/augmented/urdu_0218_aug3_blur.png,فہرست پاکستان کے جزائر,augmented_blur,train
data/raw/augmented/urdu_0001_aug3_rotation.png,- ایپل کمپیوٹرز نے 1،8 ملین بیٹریز کو معیار کی کمی کی وجہ سے واپس منگوا لیا ہے,augmented_rotation,train
data/raw/other/utrset_046.jpg,اس لحاظ سے بے انصافی ہوتی ہے کہ ایسے لوگ بھی ان کا نکاح پڑھا دیتے ہیں جو ممکن,utrset_real,train
data/raw/augmented/urdu_0463_aug2_blur.png,ٹم ڈائسن رقم طراز ہے:,augmented_blur,train
data/raw/synthetic/urdu_0216.png,آل انڈیا مسلم لیگ,synthetic,train
data/raw/augmented/urdu_0277_aug2_rotation.png,آئین ہند کے مطابق اسے 22 دفتری شناخت شدہ زبانوں میں شامل کیا جا چکا ہے,augmented_rotation,train
data/raw/augmented/urdu_0482_aug1_rotation.png,ویدک عہد کا دورانیہ 1500 ق م سے 500 ق م تک ہے,augmented_rotation,train
data/raw/other/utrset_006.jpg,مقدمات سے نجات مل سکتی ہے، نکاح کے ثبوت اورک دین مہر کے تعین میں سہولت ہوتی,utrset_real,train
data/raw/augmented/urdu_0596_aug3_blur.png,ان کا آخری قابل ذکر بادشاہ واسو دیو اول تھا,augmented_blur,train
data/raw/augmented/urdu_0265_aug3_brightness.png,امريکہ کی تاريخ,augmented_brightness,train
data/raw/newspaper/Screenshot 2026-07-01 182040.png,ان ك مطابق اس موقع يرزورديا كيا كه ايران كا دفاع ميزائل اور _ ذرون طاقت قومر سلامتى ك سرخ لكيرل اوريه معامل كىس صورت مذاكرات ك لي بيش نهيل كيا جا سكتا,manual_screenshot,train
data/raw/books/book_111.png,یہ دریا پاکستان کے شمال سے شروع ہوتا ہے اور صوبہ خیبر پختونخوا، پنجاب اور سندھ سے گزر کر سمندر میں گرتا ہے,books_synthetic,train
data/raw/books/book_034.png,"""پاکستان کا مطلب کیا؟ لَآ اِلٰہَ اِلَّا اللہُ"" اس تحریک کا مقبول عام نعرہ تھا",books_synthetic,train
data/raw/synthetic/urdu_0052.png,1948 میں قائد اعظم ٹی بی سے وفات پا گئے,synthetic,train
data/raw/augmented/urdu_0132_aug2_blur.png,پاکستان ميں بہت مختلف قسم کی موسيقی ملتی ہے,augmented_blur,train
data/raw/augmented/urdu_0015_aug2_rotation.png,عموما دریاؤں، پہاڑوں، سمندروں اور مقامات کے نام یاد کرلینا ہی کافی سمجھا جاتا تھا,augmented_rotation,train
data/raw/synthetic/urdu_0445.png,یہاں سے ویدک دور کا آغاز ہوتا ہے,synthetic,train
data/raw/synthetic/urdu_0599.png,اس عہد میں علوم و فنون اور سیاسی انتظام و انصرام نے نئی چوٹیاں سر کیں,synthetic,train
data/raw/augmented/urdu_0324_aug1_brightness.png,5%)، حالانکہ ان دونوں ریاستوں میں مسلمانوں کی تعداد میں اسی عرصے میں اضافہ ہوا ہے,augmented_brightness,train
data/raw/synthetic/urdu_0177.png,قومی شاعر – حکیم الامت حضرت ڈاکٹر علامہ محمد اقبال,synthetic,train
data/raw/synthetic/urdu_0249.png,تاریخ کے کردار حقیقی اور زمان اور مکان متعین و مشخص ہوتے ہیں,synthetic,train
data/raw/books/book_011.png,اس دور کے اہم ناموں میں ابن بطوطہ، ابن خلدون اور ادریسی شامل ہیں,books_synthetic,train
data/raw/augmented/urdu_0169_aug1_blur.png,1999ءمیں شاھین دوسرے نمبر پر رہے,augmented_blur,train
data/raw/augmented/urdu_0561_aug3_rotation.png,سیتَلئی ساتّنار نے منی میکالئی تصنیف کی جو دراصل سیلاپتی کارم ہی کا تسلسل ہے,augmented_rotation,train
data/raw/augmented/urdu_0217_aug1_blur.png,پاکستان کی بادشاہت,augmented_blur,train
data/raw/synthetic/urdu_0181.png,قومی پھول - پاکستان کا قوی پھول چنبیلی (یاسمین) ہے,synthetic,train
data/raw/augmented/urdu_0179_aug3_blur.png,گہرا سبز رنگ جس پر ہلال اور پانچ کونوں والا ستارہ بنا ہوا ہے,augmented_blur,train
data/raw/signboards/sign_121.png,تاريخ افريقہ,signboards_synthetic,train
data/raw/augmented/urdu_0542_aug1_rotation.png,اس دوران میں اور اس کے بعد بھی يونانيوں اور کشانوں کا اثر برقرار رہا,augmented_rotation,train
data/raw/other/utrset_166.jpg,وہ فن ہے ، حالانکہ خودجماعت کا رتبہ فن کی حیثیت سے ہونا چاہیے تھا۔ موسیقی سے,utrset_real,train
data/raw/signboards/sign_087.png,فہرست پاکستان کے جزائر,signboards_synthetic,train
data/raw/augmented/urdu_0106_aug2_rotation.png,"صوبہ سندھ کا کل رقبہ 140,914 مربع کلومیٹر ہے جبکہ 2012ء میں آبادی 4 کروڑ 24 لاکھ تھی",augmented_rotation,train
data/raw/signboards/sign_071.png,پاکستان کی سیاسی جماعتیں,signboards_synthetic,train
data/raw/augmented/urdu_0081_aug1_brightness.png,اس وقت غور کیا گیا تو ملک ٹوٹنے کی بہت سے وجوہات تھیں,augmented_brightness,train
data/raw/augmented/urdu_0430_aug2_brightness.png,جھاڑکھنڈ کی زبانیں,augmented_brightness,train
data/raw/augmented/urdu_0237_aug1_rotation.png,(ڈاکٹر آفتاب اصغر، مقدمہ تاریخ مبارک شاہی,augmented_rotation,train
data/raw/synthetic/urdu_0418.png,ہندوستان میں اردو,synthetic,train
data/raw/augmented/urdu_0404_aug3_rotation.png,مدح: بادشاہوں، نوابوں کی شان میں کہا گیا قصیدہ,augmented_rotation,train
data/raw/augmented/urdu_0053_aug2_blur.png,1951ء میں پستول کی گولی کا شانہ بنا کر[لیاقت علی خان]] کو شہید کر دیا گیا,augmented_blur,train
data/raw/signboards/sign_042.png,قانون نافذ کرنے والے ادارے,signboards_synthetic,train
data/raw/augmented/urdu_0585_aug3_rotation.png,یہاں پہنچ کر توما نے سات گرجا گھروں کی بنیاد رکھی,augmented_rotation,train
data/raw/augmented/urdu_0337_aug3_rotation.png,35% تلگو بولنے والے اور 43,augmented_rotation,train
data/raw/other/utrset_170.jpg,ڈراما نویسی یا افسانہ نگاری آج فنون ادبیہ کی پست ترین سطح ہے۔ لیکن,utrset_real,train
data/raw/augmented/urdu_0034_aug3_rotation.png,پاکستان وفاقی پارلیمانی جمہوری ریاست کے تحت چلتا ہے,augmented_rotation,train
data/raw/synthetic/urdu_0581.png,بالخصوص مغربی شترپوں سے ان کی کشمکش طویل عرصہ تک جاری رہی,synthetic,train
data/raw/newspaper/Screenshot 2026-07-01 182048.png,انهو ن مزيدكها كه ايران اين ان صلاحيتو كو مقام وسائل اور تكنيك مهارت ك ذريع مزيد مضبوط بناتا ر كا.,manual_screenshot,train
data/raw/augmented/urdu_0423_aug2_rotation.png,بھارت کی زبانیں,augmented_rotation,train
data/raw/synthetic/urdu_0075.png,22 جون 2012ء کو یوسف رضا گیلانی کی نااہلی کے بعد راجہ پرویز اشرف نئے وزیر اعظم بنے,synthetic,train
data/raw/augmented/urdu_0275_aug1_blur.png,مختلف زبانوں کی آپس ميں مشابہت کے بارے ميں مطالعہ کيا جاتا ہے,augmented_blur,train
data/raw/augmented/urdu_0071_aug2_brightness.png,صدر فاروق احمد خان لغاری کے حکم پر یہ حکومت بھی بر طرف ہو گئی,augmented_brightness,train
data/raw/signboards/sign_149.png,اور مذہبی سیاق و سباق,signboards_synthetic,train
data/raw/synthetic/urdu_0448.png,دوسری طرف اسی دور میں متعدد مذہبی تحریکیں برپا ہوئیں جن میں جین مت اور بدھ مت قابل ذکر ہیں,synthetic,train
data/raw/augmented/urdu_0536_aug1_blur.png,شاید اس کی وجہ یہ تھی کہ جنوب سے کلنگ کے تجارتی روابط مضبوط تھے,augmented_blur,train
data/raw/augmented/urdu_0599_aug3_rotation.png,اس عہد میں علوم و فنون اور سیاسی انتظام و انصرام نے نئی چوٹیاں سر کیں,augmented_rotation,train
data/raw/augmented/urdu_0088_aug3_brightness.png,آئین نے مزید ملک میں دو قانون ساز ایوان قائم کئے ایک قومی اسمبلی اور دوسراں سینٹ,augmented_brightness,train
data/raw/augmented/urdu_0324_aug2_brightness.png,5%)، حالانکہ ان دونوں ریاستوں میں مسلمانوں کی تعداد میں اسی عرصے میں اضافہ ہوا ہے,augmented_brightness,train
data/raw/augmented/urdu_0318_aug2_brightness.png,بروس (2021ء) کے مطابق، اٹھارویں صدی سے اردو نے انگریزی الفاظ کو ڈھال لیا ہے,augmented_brightness,train
data/raw/newspaper/Screenshot 2026-07-01 181504.png,لياقت على ن_ب ب س اردوكو بتايا ك~ تب لابورك لوك  جو زياده تر اندرون شهر ك باس ته اس طرح بادشا مسجدك جانب روال ته جيس برعيد بر نمازك ادائي2 كلي جايا كرت ته,manual_screenshot,train
data/raw/augmented/urdu_0252_aug1_blur.png,(مولانا محمد حنیف ندوی,augmented_blur,train
data/raw/augmented/urdu_0515_aug2_blur.png,مگدھ کا دور اول,augmented_blur,train
data/raw/augmented/urdu_0578_aug3_brightness.png,"ساتواہن سلاطین اصلاً دکنی تھے، اسی بنا پر وہ ""آندھرا سلاطین"" بھی کہلاتے ہیں",augmented_brightness,train
data/raw/other/utrset_066.jpg,مہدی صاحب(بھوپال)(۳) حضرت شریف فکری بھپوال،(۴) مولینافضل الرحمن صاحب باقیؔ(کلکتہ)(۵) حضرت,utrset_real,train
data/raw/augmented/urdu_0603_aug3_rotation.png,گپت خاندان کی تباہی ان منگول قوموں کے ہاتھوں ہوئی جو ہن کہلاتی تھیں,augmented_rotation,train
data/raw/augmented/urdu_0146_aug2_blur.png,پی ٹی وی ورلڈ پاکستان کا پہلا انگریزی چینل ہے,augmented_blur,train
data/raw/augmented/urdu_0108_aug3_brightness.png,جغرافیائی طور پر پاکستان جنوبی ایشیا کے شمال مغربی حصے میں واقع ہے,augmented_brightness,train
data/raw/augmented/urdu_0496_aug2_rotation.png,دوسری شہر کاری (600 ق م تا 200 ق م),augmented_rotation,train
data/raw/books/book_135.png,يہ امراء اور روساء ميں اور بڑے شہروں ميں زيادہ نماياں ہے کيونکہ مغربی اشياء، ميڈيا اور تہذيب تک ان کی زيادہ رسائی ہے,books_synthetic,train
data/raw/signboards/sign_156.png,پاکستان میں اردو,signboards_synthetic,train
data/raw/augmented/urdu_0306_aug2_brightness.png,ہندوی کی ایک ابتدائی ادبی روایت کی بنیاد امیر خسرو نے 13ویں صدی کے آخر میں رکھی تھی,augmented_brightness,train
data/raw/synthetic/urdu_0465.png,""" مائیکل فشر لکھتے ہیں:",synthetic,train
data/raw/other/utrset_311.jpg,اتنا شوق ہے تو میں اپنے باغ کے سیاہ اور نیلے گلاب کی قلمیں لے آتی۔,utrset_real,train
data/raw/signboards/sign_079.png,محمد اقبال,signboards_synthetic,train
data/raw/augmented/urdu_0048_aug1_brightness.png,پاکستانی حکمران,augmented_brightness,train
data/raw/other/utrset_211.jpg,لکھنؤ - ۲۸ مئی ۱۹۱۷,utrset_real,train
data/raw/other/utrset_042.jpg,دونوں کے لیے مصیبت کاباعث ہوتے ہیں، مسلمان لڑکیاں مظلوم بنی رہتی ہیں، اس مصیبت کو,utrset_real,train
data/raw/augmented/urdu_0122_aug2_brightness.png,پاکستان کی قومی زبان اردو ہے، جبکہ زيادہ تر دفتری کام انگريزی ميں کیے جاتے ہيں,augmented_brightness,train
data/raw/augmented/urdu_0336_aug3_blur.png,ارریہ ضلع، بہار میں، اردو بولنے والوں کی کثرت ہے اور حیدرآباد ضلع، تلنگانہ (43,augmented_blur,train
data/raw/augmented/urdu_0184_aug2_brightness.png,دیگر 45 پھلوں کے نام بھی جان سکتے ہیں,augmented_brightness,train
data/raw/augmented/urdu_0276_aug2_blur.png,اُردُو برصغیر کی معیاری زبانوں میں سے ایک ہے,augmented_blur,train
data/raw/augmented/urdu_0512_aug2_rotation.png,500 یا 400 ق م یعنی گوتم بدھ کے عہد تک مذکورہ سولہ مہا جن پد چار بڑی ریاستوں میں ضم ہو گئے,augmented_rotation,train
data/raw/augmented/urdu_0467_aug1_brightness.png,وادی سندھ کی تہذیب,augmented_brightness,train
data/raw/synthetic/urdu_0379.png,غیر مذہبی ادب کو پھر سے دو اشکال میں دیکھ سکتے ہیں,synthetic,train
data/raw/augmented/urdu_0321_aug1_brightness.png,5 فیصد کم ہوئی (اس وقت 5,augmented_brightness,train
data/raw/augmented/urdu_0303_aug3_brightness.png,اسی طرح اس زبان کے کئی دوسرے نام بھی تھے، جیسے ہندوی، ریختہ یا دہلوی,augmented_brightness,train
data/raw/books/book_049.png,کہا جاتا ہے کہ ہندوستان نے اس صورتحال سے فائدہ اٹھاتے ہوئے علیحدگی پسندوں کو بھرپور مالی اور عسکری مدد فراہم کی جس کے نتیجے میں آخرکار دسمبر 1971ء میں سقوط ڈھاکہ ہو گیا اور مشرقی پاکستان ایک علیحدہ ملک بنگلہ دیش کی صورت میں دنیا کے نقشے پر ابھرا,books_synthetic,train
data/raw/other/utrset_100.jpg,یہ رسالہ مستقل خریداروں کومفت ملتاہے۔,utrset_real,train
data/raw/augmented/urdu_0374_aug3_blur.png,اردو زبان میں اسلامی ادب اور شریعت کی کئی تصانیف ہیں,augmented_blur,train
data/raw/other/utrset_078.jpg,کے ذریعہ کی ہے جو تقریباً انیس سال کی طویل کاوش کانتیجہ ہے۔ اورغالباً داسی، کوشش وعمل کی مصروفیت سے,utrset_real,train
data/raw/augmented/urdu_0193_aug3_brightness.png,ریاستی نشان درج ذیل نشانات پر مشتمل ہے,augmented_brightness,train
data/raw/other/utrset_116.jpg,مولویؔ ”رسول نمبر“۔دہلی کے سب سے سَستے اورہندوستان کے سب سے زیادہ کثیرالاشاعت,utrset_real,train
data/raw/augmented/urdu_0145_aug3_rotation.png,اس وقت پاکستان میں نیوز، انٹرٹینمنٹ، ہیلتھ، ایجوکیشن، علاقائی اور بہت سے چینلز موجود ہیں,augmented_rotation,train
data/raw/augmented/urdu_0441_aug1_blur.png,اس تہذیب کا شمار عہد قدیم کی اولین تہذیبوں میں ہوتا ہے,augmented_blur,train
data/raw/augmented/urdu_0200_aug2_blur.png,جہاں پہ ہماری بہت سے زبانیں بولی جاتی ہیں جن میں سے ایک ہماری قومی زبان اردو ہے,augmented_blur,train
data/raw/augmented/urdu_0331_aug1_rotation.png,پاکستان میں کوئی بھی خطہ اردو کو اپنی مادری زبان کے طور پر استعمال نہیں کرتا,augmented_rotation,train
data/raw/augmented/urdu_0471_aug3_blur.png,گیرو رنگ کے برتنوں کی ثقافت,augmented_blur,train
data/raw/augmented/urdu_0327_aug2_blur.png,2011ء کی مردم شماری کے مطابق ہندوستان میں اردو بولنے والوں کی تعداد 50,augmented_blur,train
data/raw/synthetic/urdu_0101.png,تحقیقات کے لیے وفاقی ادارۂ تحقیقات‎ (ایف آئی اے) اور دیگر تحقیقاتی ادارے موجود ہیں,synthetic,train
data/raw/other/utrset_360.jpg,ڈاک گھر میں پوسٹ ماسٹر ہوگئے تھے جس کی وجہ سے کافی لوگ ان کو جانتے,utrset_real,train
data/raw/augmented/urdu_0422_aug1_brightness.png,اتر پردیش کی زبانیں,augmented_brightness,train
data/raw/synthetic/urdu_0210.png,پاکستان کے اضلاع,synthetic,train
data/raw/signboards/sign_047.png,ثقافت اور معاشرہ,signboards_synthetic,train
data/raw/newspaper/Screenshot 2026-07-01 182120.png,بيان ك مطابق ' اكستان ن اسلام آباد مي انديا كبائ كميشن كو 250 اندين قيديو ك فهرست فرابم ك جن مي 52 عام شهرى اور 198 مال كير شامل لي - ',manual_screenshot,train
data/raw/augmented/urdu_0461_aug2_rotation.png,خطہ میں ان کی آمد اور سکونت نے لمبے عرصہ کے بعد زبردست تنوع پیدا کر دیا,augmented_rotation,train
data/raw/signboards/sign_137.png,اردو ادب کی اصطلاحات,signboards_synthetic,train
data/raw/synthetic/urdu_0604.png,یہ لوگ سفید رنگت کی وجہ سے سفید ہن کہلائے,synthetic,train
data/raw/signboards/sign_081.png,قیام پاکستان,signboards_synthetic,train
data/raw/synthetic/urdu_0515.png,مگدھ کا دور اول,synthetic,train
data/raw/augmented/urdu_0459_aug2_brightness.png,مائیکل پیٹراگلیا اور بریجٹ آلچن لکھتے ہیں:,augmented_brightness,train
data/raw/synthetic/urdu_0102.png,پاکستان ميں 4 صوبے، 2 وفاقی علاقے اور پاکستانی کشمير کے 2 حصے ہيں,synthetic,train
data/raw/augmented/urdu_0199_aug1_blur.png,اقوام متحدہ کی اعداد و شمار,augmented_blur,train
data/raw/synthetic/urdu_0120.png,اِس وقت پاکستان کی معيشت مستحکم ہے اور تيزی سے بڑھنا شروع ہو گئی ہے,synthetic,train
data/raw/synthetic/urdu_0302.png,تیرہویں سے اٹھارویں صدی تک اردو کو عام طور پر ہندی ہی کے نام سے پکارا جاتا رہا,synthetic,train
data/raw/books/book_001.png,- جرمنی کی چانسلر انجیلا مرکل نے کہا ہے کہ جوہری توانائی کے استعمال سے گریز کرنے کے لیے دی گئی شراعت کا ایران کی طرف سے جواب غیر تسلی بخش ہے,books_synthetic,train
data/raw/augmented/urdu_0238_aug2_brightness.png,البتہ مختلف ادوار ميں مختلف ذرائع معلومات کو اہميت دی گئی,augmented_brightness,train
data/raw/augmented/urdu_0287_aug2_rotation.png,کچھ ماہرینِ لسانیات اُردو اور ہندی کو ایک ہی زبان کی دو معیاری صورتیں گردانتے ہیں,augmented_rotation,train
data/raw/augmented/urdu_0533_aug3_rotation.png,اس جنگ میں فتح پانے کے بعد دریائے سندھ کا مغربی خطہ بھی اس کی حکومت میں شامل ہو گیا,augmented_rotation,train
data/raw/augmented/urdu_0170_aug3_blur.png,اور 1987ء اور 1996ء میں عالمی کپ کے مقابلے جزوی طور پر پاکستان میں ہوئے,augmented_blur,train
data/raw/augmented/urdu_0168_aug1_brightness.png,پاکستان کرکٹ کے ٹیم، جنہیں شاہین کہا جاتا ہے، نے 1992ء میں کرکٹ کا عالمی کپ جیتا تھا,augmented_brightness,train
data/raw/augmented/urdu_0208_aug3_brightness.png,پاکستان کے وزیراعظم,augmented_brightness,train
data/raw/augmented/urdu_0023_aug3_blur.png,قرون وسطیٰ میں مسلم ممالک میں اس علم میں بہت پیش رفت ہوئی,augmented_blur,train
data/raw/augmented/urdu_0466_aug3_rotation.png,برنجی دور – پہلی شہر کاری (تقریباً 3300 ق م تا 1800 ق م),augmented_rotation,train
data/raw/other/utrset_031.jpg,اور وراثت کے مسائل میں بہت سے سوالات پیداہوتے رہے اس سلسلہ میں,utrset_real,train
data/raw/augmented/urdu_0451_aug2_blur.png,سلطنت دہلی کے زوال سے دکن سلطنتیں ابھریں,augmented_blur,train
data/raw/other/utrset_273.jpg,لیکن وہاں کوئی چیز موجودنہ تھی۔جلالؔ کاایک آدمی کھڑکی کے گوشے کی تاریکی میں,utrset_real,train
data/raw/augmented/urdu_0140_aug2_rotation.png,کرکٹ کے ساتھ ساتھ پاکستان ميں ہاکی بھی بہت شوق سے کھيلی جاتی ہے,augmented_rotation,train
data/raw/signboards/sign_101.png,ترقی پذیر 8,signboards_synthetic,train
data/raw/synthetic/urdu_0139.png,پاکستان کی کرکٹ ٹيم دنيا کی اچھی ٹيموں ميں شمار ہوتی ہے,synthetic,train
data/raw/other/utrset_203.jpg,بلکہ مے میشودازصحبت ناداں بدنام,utrset_real,train
data/raw/other/utrset_054.jpg,مختلف مذہبوں اور قوموں کی ایسی مخلوط آبادی ہے، جس کا لحاظ کرکے یہاں کی غیر,utrset_real,train
data/raw/augmented/urdu_0059_aug1_blur.png,1972ء سے لے کر 1977ء تک پاکستان میں پاکستان پیپلز پارٹی کی حکومت تھی,augmented_blur,train
data/raw/other/utrset_310.jpg,‘‘ارے بی بی تمہیں یہاں سب گلاب ملیں گے۔ نیلے، لال، کالے۔ تم سمجھتی ہو,utrset_real,train
data/raw/signboards/sign_113.png,تاريخ کی قسم بندی,signboards_synthetic,train
data/raw/augmented/urdu_0539_aug2_blur.png,اس منظر نے اشوک کے وجود کو اندر سے ہلا ڈالا تھا,augmented_blur,train
data/raw/other/utrset_225.jpg,میں نے دروازہ بندکرلیااورکمرے میں واپس چلاآیا۔ ایک بار پھر میں نے مکرجیؔ پر,utrset_real,train
data/raw/augmented/urdu_0223_aug2_rotation.png,انگریزی بولنے والے ممالک اور علاقہ جات,augmented_rotation,train
data/raw/synthetic/urdu_0551.png,یہ تینوں شاہی خانوادے تمل اکام کے تاجوران ثلاثہ کہلاتے ہیں,synthetic,train
data/raw/augmented/urdu_0528_aug3_rotation.png,نند سلطنت کی سرحدیں بنگال سے پنجاب تک اور جنوب میں وندھیاچل تک پھیلی ہوئی تھیں,augmented_rotation,train
data/raw/augmented/urdu_0126_aug2_rotation.png,ثقافت اور معاشرہ,augmented_rotation,train
data/raw/augmented/urdu_0025_aug3_rotation.png,مسلمانوں کے علمی زوال کے بعد یورپ میں اس مضمون پر بہت پیش رفت ہوئی,augmented_rotation,train
data/raw/augmented/urdu_0266_aug2_rotation.png,مشرق وسطی کی تاريخ,augmented_rotation,train
data/raw/augmented/urdu_0104_aug2_rotation.png,"صوبہ بلوچستان کا کل رقبہ 347,190 مربع کلومیٹر ہے جبکہ 2011ء میں آبادی 79 لاکھ 14 ہزار تھی",augmented_rotation,train
data/raw/augmented/urdu_0581_aug2_brightness.png,بالخصوص مغربی شترپوں سے ان کی کشمکش طویل عرصہ تک جاری رہی,augmented_brightness,train
data/raw/other/utrset_008.jpg,جس قدر لوگ اس پر عمل کریں اتنا ہی فائدہ ہے، اس کانام اختیاری اندراج ہے،,utrset_real,train
data/raw/synthetic/urdu_0170.png,اور 1987ء اور 1996ء میں عالمی کپ کے مقابلے جزوی طور پر پاکستان میں ہوئے,synthetic,train
data/raw/augmented/urdu_0147_aug3_blur.png,اردو فلم انڈسٹری لالی وڈ کی صدر مقامات لاہور، کراچی اور پشاور میں واقع ہے,augmented_blur,train
data/raw/augmented/urdu_0268_aug2_brightness.png,موجودہ ممالک کی تاريخ,augmented_brightness,train
data/raw/augmented/urdu_0019_aug1_rotation.png,زمانہ قدیم کے جغرافیہ دانوں کی بعض تحریریں بڑی دلچسپ ہیں,augmented_rotation,train
data/raw/augmented/urdu_0562_aug1_blur.png,اس میں کوولن کی بیٹی مادھوی کی کہانی نظم کی گئی ہے جو بودھ بھکشونی بن جاتی ہے,augmented_blur,train
data/raw/augmented/urdu_0092_aug3_rotation.png,پاکستان آبادی کے لحاظ سے انڈونیشیا کے بعد دوسرا بڑا اسلامی ملک ہے,augmented_rotation,train
data/raw/augmented/urdu_0367_aug2_blur.png,"اردو کو اس کے کم باضابطہ رجسٹر میں  (  ،  ) کہا گیا ہے، جس کا مطلب ہے ""کھردرا مرکب""",augmented_blur,train
data/raw/augmented/urdu_0440_aug2_blur.png,ویکی ڈیٹا سے مطابقت رکھنے والی مختصر تفصیل,augmented_blur,train
data/raw/augmented/urdu_0231_aug1_brightness.png,شنگھائی کارپیریشن آرگنائیزیشن کے ارکان,augmented_brightness,train
data/raw/other/utrset_057.jpg,مندی سے قاضی کاانتخاب کریں، یہ تینوں شکلیں فقہ کی کتابوں میں مذکور ہیں۔,utrset_real,train
data/raw/augmented/urdu_0525_aug1_rotation.png,345 ق م میں آخری شی شو ناگ بادشاہ کالا شوک مہا پدم نند کے ہاتھوں مارا گیا,augmented_rotation,train
data/raw/synthetic/urdu_0582.png,ہندوستان کی تجارت اور سیاحت,synthetic,train
data/raw/synthetic/urdu_0205.png,گلگت بلتستان نے ابھی تک 2017ء کی مردم شماری کے کوئی نتائج عوامی طور پر جاری نہیں کیے ہیں,synthetic,train
data/raw/synthetic/urdu_0345.png,جموں و کشمیر کی پانچ سرکاری زبانوں میں سے ایک کے طور پر بھی ہے,synthetic,train
data/raw/augmented/urdu_0379_aug3_blur.png,غیر مذہبی ادب کو پھر سے دو اشکال میں دیکھ سکتے ہیں,augmented_blur,train
data/raw/augmented/urdu_0602_aug2_brightness.png,تاہم شمال کی اس شورش سے دکن سمیت جنوبی ہندوستان کے اکثر حصے عام طور پر محفوظ رہے,augmented_brightness,train
data/raw/augmented/urdu_0312_aug3_brightness.png,شاہ عبدالقادر رائے پوری پہلے شخص تھے جنہوں نے قرآن کا اردو میں ترجمہ کیا,augmented_brightness,train
data/raw/augmented/urdu_0271_aug2_rotation.png,یونانی مستعار الفاظ,augmented_rotation,train
data/raw/other/utrset_386.jpg,میں پیٹھ پھیر کر کھڑا ہوجاتاہے۔,utrset_real,train
data/raw/augmented/urdu_0328_aug3_rotation.png,8 ملین تھی (کل آبادی کا 4,augmented_rotation,train
data/raw/augmented/urdu_0604_aug3_brightness.png,یہ لوگ سفید رنگت کی وجہ سے سفید ہن کہلائے,augmented_brightness,train
data/raw/augmented/urdu_0032_aug3_rotation.png,اس کے جنوب میں 1046 کلومیٹر (650 میل) کی ساحلی پٹی ہے جو بحیرہ عرب سے ملتی ہے,augmented_rotation,train
data/raw/augmented/urdu_0195_aug3_rotation.png,چوکور شیلڈ جس میں ملک کی چار اہم صنعتوں کی علامت کندہ ہے,augmented_rotation,train
data/raw/synthetic/urdu_0452.png,پندرھویں صدی عیسوی میں سکھ مت کا ظہور ہوا,synthetic,train
data/raw/augmented/urdu_0356_aug1_rotation.png,کھری بولی: (کھڑی بولی),augmented_rotation,train
data/raw/augmented/urdu_0121_aug2_blur.png,تقريباً ایک فيصد پاکستانی ہندو اور اتنے ہی پاکستانی مسیحی مذہب سے تعلق رکھتے ہيں,augmented_blur,train
data/raw/augmented/urdu_0328_aug2_blur.png,8 ملین تھی (کل آبادی کا 4,augmented_blur,train
data/raw/synthetic/urdu_0559.png,سیلاپتی کارم کو ایلانگو ادیگل نے لکھا جو ایک غیر مذہبی رزمیہ ہے,synthetic,train
data/raw/other/utrset_312.jpg,مگر یہ سب کتنے پیارے لگ رہے ہیں۔ پھوپھی اماں ۔ مجھے پتہ ہوتا کہ انہیں,utrset_real,train
data/raw/augmented/urdu_0338_aug2_blur.png,24% اردو بولنے والے) میں تقریباً کثرت ہے,augmented_blur,train
data/raw/other/utrset_038.jpg,ساری مشکلات دور ہوجائیں گی، عدالتیں بھی بہت سی دقتوں سے محفوظ ہوجائیں گی،,utrset_real,train
data/raw/augmented/urdu_0453_aug1_rotation.png,لیکن ہندوستان کے باشندے کمپنی راج سے سخت بیزار اور بد دل تھے,augmented_rotation,train
data/raw/augmented/urdu_0544_aug1_rotation.png,جنگ کلنگ کے بعد تقریباً نصف صدی تک سلطنت میں ہر طرف امن و امان کا راج رہا,augmented_rotation,train
data/raw/signboards/sign_075.png,پاکستان کے نیشنل پارک,signboards_synthetic,train
data/raw/other/utrset_026.jpg,تھا، اس کامقصد مسلمانوں کونکاح وطلاق کے معاملات پر غور اور نکاح وطلاق,utrset_real,train
data/raw/augmented/urdu_0001_aug1_brightness.png,- ایپل کمپیوٹرز نے 1،8 ملین بیٹریز کو معیار کی کمی کی وجہ سے واپس منگوا لیا ہے,augmented_brightness,train
data/raw/augmented/urdu_0346_aug2_brightness.png,وہ ریاست جس کے لیے اسے آئین کے آغاز سے فوراً پہلے استعمال کیا جا رہا تھا,augmented_brightness,train
data/raw/augmented/urdu_0270_aug1_brightness.png,تاریخ کے معاون علوم,augmented_brightness,train
data/raw/other/utrset_076.jpg,اُس نے دیکہاکہ:۔ وہ ایک تالاردلکشامیں اپنی حسین ومحبوب بیوی بیاٹرس کے ساتھ بیٹھاہے۔ ’بیاٹرس اسی وقت,utrset_real,train
data/raw/augmented/urdu_0292_aug3_brightness.png,18ویں صدی کے آخر میں، اسے   کے نام سے جانا جاتا تھا,augmented_brightness,train
data/raw/augmented/urdu_0092_aug1_rotation.png,پاکستان آبادی کے لحاظ سے انڈونیشیا کے بعد دوسرا بڑا اسلامی ملک ہے,augmented_rotation,train
data/raw/augmented/urdu_0519_aug3_rotation.png,جین مت اور بدھ مت کے فروغ میں سلطنت مگدھ کا خاصا اہم کردار رہا,augmented_rotation,train
data/raw/augmented/urdu_0435_aug2_rotation.png,مہاراشٹر کی زبانیں,augmented_rotation,train
data/raw/signboards/sign_074.png,پاکستان کے ٹی وی چینل,signboards_synthetic,train
data/raw/augmented/urdu_0554_aug1_brightness.png,ان میں کاشت کار بھی تھے، دست کار بھی تھے، دکان دار، تاجر اور پروہت بھی تھے,augmented_brightness,train
data/raw/augmented/urdu_0572_aug3_blur.png,ان کا عہد سلطنت تقریباً 187 ق م سے 78 ق م تک رہا,augmented_blur,train
data/raw/synthetic/urdu_0502.png,ان کتابوں کو ویدانت (یعنی ویدوں کا ماحصل) بھی کہا جاتا ہے,synthetic,train
data/raw/augmented/urdu_0446_aug1_rotation.png,ان قبیلوں میں وَرَن کا نظام بھی رائج تھا جو آگے چل کر ذات پات کی شکل میں سامنے آیا,augmented_rotation,train
data/raw/synthetic/urdu_0311.png,دیگر تاریخی نام,synthetic,train
data/raw/augmented/urdu_0277_aug1_brightness.png,آئین ہند کے مطابق اسے 22 دفتری شناخت شدہ زبانوں میں شامل کیا جا چکا ہے,augmented_brightness,train
data/raw/other/utrset_343.jpg,کے حقیقی مسائل ، کشمکش اور تقاضوں کا اندازہ بالکل نہیں تھا۔ اس کی دنیا,utrset_real,train
data/raw/augmented/urdu_0502_aug2_brightness.png,ان کتابوں کو ویدانت (یعنی ویدوں کا ماحصل) بھی کہا جاتا ہے,augmented_brightness,train
data/raw/augmented/urdu_0468_aug3_brightness.png,3300 ق م کے آس پاس برصغیر میں برنجی دور کا آغاز ہوا,augmented_brightness,train
data/raw/augmented/urdu_0588_aug2_blur.png,کُجُل کڈفِسیس کشان سلطنت کا پہلا فرماں روا تھا,augmented_blur,train
data/raw/augmented/urdu_0450_aug2_blur.png,پھر دسویں صدی کے اواخر اور گیارھویں صدی کے اوائل میں محمود غزنوی کا ورود ہوا,augmented_blur,train
data/raw/augmented/urdu_0493_aug1_rotation.png,کرو سلطنت کے زوال کے بعد ویدک تہذیب کا مرکز اس کی مشرقی ہمسایہ ریاست پانچال منتقل ہو گیا,augmented_rotation,train
data/raw/augmented/urdu_0189_aug1_blur.png,قومی کھانا - غیر سرکاری طور پر نہاری,augmented_blur,train
data/raw/augmented/urdu_0373_aug3_rotation.png,اس کی بنیادی وجہ اردو کے مصنفین اور فنکار ہیں,augmented_rotation,train
data/raw/synthetic/urdu_0456.png,یہ سنگی آلات نسل انسانی کے بالکل ابتدائی ایام کے ہیں,synthetic,train
data/raw/synthetic/urdu_0590.png,اس کے باوصف بدھ مت کے استحکام میں کشانیوں کے غیر معمولی کردار کو فراموش نہیں جا سکتا,synthetic,train
data/raw/other/utrset_319.jpg,پاتی ۔ طرح طرح کی خوشبوئیں اسے سونگھنے کو ملیں۔ بیلا اور موتیا توتھے ہی۔ جنگلی اور,utrset_real,train
data/raw/synthetic/urdu_0585.png,یہاں پہنچ کر توما نے سات گرجا گھروں کی بنیاد رکھی,synthetic,train
data/raw/augmented/urdu_0037_aug2_blur.png,پاکستان کی تاریخ فوجی آمریت، سیاسی عدم استحکام اور پڑوسی ملک سےجھگڑوں پر مشتمل ہے,augmented_blur,train
data/raw/other/utrset_067.jpg,فرمائی ہے انکی خدمت میں ہدیہئ تشکر وامتنان پیش ہے۔ امیدکہ دیگر معاونین بھی اولین فرصت میں توجہ فرمائینگے۔,utrset_real,train
data/raw/augmented/urdu_0449_aug2_rotation.png,"انھی وجوہ سے یہ دور ""ہندوستان کا عہد زریں"" کہلاتا ہے",augmented_rotation,train
data/raw/augmented/urdu_0570_aug1_brightness.png,ابتدائی کلاسیکی دور (تقریباً 200 ق م تا تقریباً 320 عیسوی),augmented_brightness,train
data/raw/augmented/urdu_0285_aug1_blur.png,اُردو کا بعض اوقات ہندی کے ساتھ موازنہ کیا جاتا ہے,augmented_blur,train
data/raw/synthetic/urdu_0144.png,2002ء کے بعد الیکٹرونک میڈیا نے ترقی کی اور پے در پے نئے نجی چینل آتے رہے,synthetic,train
data/raw/augmented/urdu_0354_aug2_blur.png,دکنی - اس کو دکھنی، دیسیا، مرگان نام سے بھی جانا جاتا ہے,augmented_blur,train
data/raw/augmented/urdu_0205_aug3_rotation.png,گلگت بلتستان نے ابھی تک 2017ء کی مردم شماری کے کوئی نتائج عوامی طور پر جاری نہیں کیے ہیں,augmented_rotation,train
data/raw/synthetic/urdu_0193.png,ریاستی نشان درج ذیل نشانات پر مشتمل ہے,synthetic,train
data/raw/books/book_033.png,ہندوستان کی آزادی (انگریزوں سے) کی تحریک کے دوران میں ہندوستان کے مسلمانوں نے اپنے لیے ایک علیحدہ ملک کا مطالبہ کیا,books_synthetic,train
data/raw/augmented/urdu_0535_aug2_rotation.png,البتہ کلنگ کا علاقہ (موجودہ اوڈیشا) اس کے دائرۂ اقتدار سے باہر رہا,augmented_rotation,train
data/raw/augmented/urdu_0089_aug2_blur.png,جبکہ سینٹ میں تمام صوبوں کو برابر کے نشستیں دیے گئے ہیں چاہے صوبہ چھوٹا ہو یا بڑا,augmented_blur,train
data/raw/augmented/urdu_0488_aug3_rotation.png,آریائی قبائل غالباً جزوی طور پر ابتدا میں گیرو رنگ کے برتنوں کی ثقافت سے مشابہ نظر آتے ہیں,augmented_rotation,train
data/raw/other/utrset_249.jpg,میں شیشے کی چوتھی پلیٹ دیکھ رہاتھا جبکہ مجھے یہ محسوس ہواکہ میری نظر کے سامنے,utrset_real,train
data/raw/books/book_110.png,پاکستان کے مشرقی، وسطی اور جنوبی علاقے میدانی ہیں جبکہ مغربی اور شمالی علاقے پہاڑی ہیں,books_synthetic,train
data/raw/augmented/urdu_0213_aug3_brightness.png,پاکستان کے نیشنل پارک,augmented_brightness,train
data/raw/augmented/urdu_0030_aug1_blur.png,انیسویں صدی میں سائنس,augmented_blur,train
data/raw/synthetic/urdu_0049.png,پاکستان بطور برطانوی ڈامنینئن آزاد ہوا تھا,synthetic,train
data/raw/augmented/urdu_0025_aug2_rotation.png,مسلمانوں کے علمی زوال کے بعد یورپ میں اس مضمون پر بہت پیش رفت ہوئی,augmented_rotation,train
data/raw/augmented/urdu_0141_aug2_blur.png,لباس، فن اور فیشن,augmented_blur,train
data/raw/augmented/urdu_0118_aug2_blur.png,پاکستان دنيا کا ايک ترقی پزیر ملک ہے,augmented_blur,train
data/raw/other/utrset_051.jpg,اپنی رضامندی سے ایک قاضی کاانتخاب کریں اوراس قاضی کوتنقیدکی طاقت اور,utrset_real,train
data/raw/augmented/urdu_0138_aug1_rotation.png,پاکستان کا سب سے پسنديدہ کھيل کرکٹ ہے,augmented_rotation,train
data/raw/augmented/urdu_0597_aug1_blur.png,کلاسیکی دور (320 عیسوی - 650 عیسوی),augmented_blur,train
data/raw/augmented/urdu_0401_aug3_brightness.png,حمد: اللہ کی تعریف میں کہا گیا قصیدہ,augmented_brightness,train
data/raw/augmented/urdu_0508_aug1_rotation.png,قدیم بودھ گرنتھوں انگُتّر نکائے وغیرہ میں ان سولہ ریاستوں کا کثرت سے تذکرہ ملتا ہے,augmented_rotation,train
data/raw/augmented/urdu_0031_aug1_blur.png,"881,913 مربع کلومیٹر (340,509 مربع میل) کے ساتھ یہ دنیا کا تینتیسواں بڑے رقبے والا ملک ہے",augmented_blur,train
data/raw/signboards/sign_159.png,سرکاری حیثیت,signboards_synthetic,train
data/raw/synthetic/urdu_0058.png,جنرل ایوب کے دور میں پاکستان میں ترقی تو ہوئی لیکن مشرقی پاکستان دور ہوتا گیا,synthetic,train
data/raw/augmented/urdu_0114_aug3_brightness.png,صوبہ سندھ کے مشرقی اور صوبہ پنجاب کے جنوب مشرقی علاقے صحرائی ہیں,augmented_brightness,train
data/raw/synthetic/urdu_0105.png,"صوبہ پنجاب کا کل رقبہ 205,344 مربع کلومیٹر ہے جبکہ 2013ء میں آبادی 10 کروڑ 10لاکھ تھی",synthetic,train
data/raw/synthetic/urdu_0315.png,1973 میں، اردو کو پاکستان کی واحد قومی زبان کے طور پر تسلیم کیا گیا تھا,synthetic,train
data/raw/augmented/urdu_0309_aug2_blur.png,1715 میں ریختہ میں ایک مکمل ادبی دیوان نواب صدرالدین خان نے لکھا,augmented_blur,train
data/raw/augmented/urdu_0165_aug2_brightness.png,پاکستان نے ہاکی کا عالمی کپ بھی چار بار جیتا ہے جو ایک ریکارڈ ہے,augmented_brightness,train
data/raw/signboards/sign_077.png,اہم پاکستانی ایام,signboards_synthetic,train
data/raw/augmented/urdu_0394_aug3_rotation.png,نظم: مربوط اور مکمل شاعرانہ کلام,augmented_rotation,train
data/raw/augmented/urdu_0202_aug1_blur.png,پاکستان میں کئی زبانیں بولی، لکھی اور سمجھی جاتی ہیں,augmented_blur,train
data/raw/augmented/urdu_0139_aug3_rotation.png,پاکستان کی کرکٹ ٹيم دنيا کی اچھی ٹيموں ميں شمار ہوتی ہے,augmented_rotation,train
data/raw/augmented/urdu_0347_aug3_brightness.png,دکنی، جنوبی ہندوستان کے علاقے دکن میں بولی جاتی ہے,augmented_brightness,train
data/raw/augmented/urdu_0449_aug3_rotation.png,"انھی وجوہ سے یہ دور ""ہندوستان کا عہد زریں"" کہلاتا ہے",augmented_rotation,train
data/raw/augmented/urdu_0410_aug3_rotation.png,اردو زبان کے شاعروں کی فہرست,augmented_rotation,train
data/raw/augmented/urdu_0050_aug3_blur.png,پاکستان کے پہلے گورنر جنرل قائد اعظم محمد علی جناح اور پہلے وزیراعظم لیاقت علی خان تھے,augmented_blur,train
data/raw/augmented/urdu_0581_aug1_brightness.png,بالخصوص مغربی شترپوں سے ان کی کشمکش طویل عرصہ تک جاری رہی,augmented_brightness,train
data/raw/synthetic/urdu_0236.png,تاریخ جامع انسانی کے انفرادی و اجتماعی عمال و افعال اور کردار کا آئینہ دار ہے,synthetic,train
data/raw/synthetic/urdu_0189.png,قومی کھانا - غیر سرکاری طور پر نہاری,synthetic,train
data/raw/augmented/urdu_0428_aug3_blur.png,تلنگانہ کی زبانیں,augmented_blur,train
data/raw/other/utrset_030.jpg,انھوں نے قرآن مجید، حدیث اور فقہ کے اپنے گہرے مطالعہ سے ان کو حل کرنے,utrset_real,train
data/raw/synthetic/urdu_0269.png,اردو ادب کی اصطلاحات,synthetic,train
data/raw/synthetic/urdu_0260.png,تاريخ ايک بہت وسيع موضوع ہے، اس لیے اس کی کئی طرح سے قسم بندی کی گئی ہے,synthetic,train
data/raw/other/utrset_120.jpg,آزادخیال مولف کی حیثیت سے اپنی تالیف کی تدوین میں متین ثابت ہو۔ اورغالباً ڈاکٹر صاحب,utrset_real,train
data/raw/books/book_038.png,1947ء سے لے کر 1948ء تک پاکستان کو بڑی مالی مشکلات کا سامنا کرنا پڑا، کیونکہ بھارت نے پاکستان کے حصہ میں آنے والی رقم پاکستان کو ادا نہ کی,books_synthetic,train
data/raw/other/utrset_003.jpg,بلکہ اس کے نزدیک وہ پسندیدہ اور مستحسن بھی ہے، عملی پہلوکے لحاظ سے اسلامی سلطنتوں,utrset_real,train
data/raw/augmented/urdu_0032_aug1_blur.png,اس کے جنوب میں 1046 کلومیٹر (650 میل) کی ساحلی پٹی ہے جو بحیرہ عرب سے ملتی ہے,augmented_blur,train
data/raw/other/utrset_156.jpg,میں سے خصوصاً مندرجہ ذیل قابل ذکر ہیں:۔,utrset_real,train
data/raw/augmented/urdu_0546_aug1_blur.png,ارتھ شاستر اور اشوک کے کتبے موریا دور کے احوال و وقائع کے اولین مآخذ ہیں,augmented_blur,train
data/raw/augmented/urdu_0038_aug1_brightness.png,لفظ پاکستان اس وقت پانچ مسلم علاقوں کے ناموں کا سرنامیہ ہے,augmented_brightness,train
data/raw/augmented/urdu_0088_aug2_blur.png,آئین نے مزید ملک میں دو قانون ساز ایوان قائم کئے ایک قومی اسمبلی اور دوسراں سینٹ,augmented_blur,train
data/raw/other/utrset_034.jpg,اس مشکل اس لیے حل نہیں کرسکتی ہیں کہ ان مسائل میں شرع اسلامی کے رو سے,utrset_real,train
data/raw/synthetic/urdu_0087.png,پاکستان کی مختلف علاقہ جات کے متعلق آئین پاکستان کا دوسرا آرٹیکل بیان کرتا ہے:,synthetic,train
data/raw/augmented/urdu_0455_aug1_rotation.png,ماقبل تاریخ کا عہد (تقریباً 3300 ق م تک),augmented_rotation,train
data/raw/augmented/urdu_0364_aug2_rotation.png,اردو میں زیادہ تر مستعار الفاظ اسم اور صفت ہیں,augmented_rotation,train
data/raw/augmented/urdu_0552_aug3_rotation.png,ان کے مسائل کا بچشم خود مشاہدہ کیا اور ان کے درد و کرب کو محسوس کیا,augmented_rotation,train
data/raw/augmented/urdu_0393_aug2_blur.png,نظمی اردو (اردو شاعری) میں ذیل کے اصناف ہیں:,augmented_blur,train
data/raw/signboards/sign_095.png,دولت مشترکہ جمہوریتیں,signboards_synthetic,train
data/raw/books/book_094.png,اسی طرح سرحد کور اور فرنٹیئر کانسٹبلری کو ملک کے مغربی صوبوں یعنی صوبہ خیبر پختونخوا اور بلوچستان میں ذمہ داریاں سونپی گئی ہیں اسی ادارے کو مزید دو شاخوں میں تقسیم کیا گیا ہے یعنی پختونخوا کانسٹبلری اور بلوچستان کانسٹبلری,books_synthetic,train
data/raw/books/book_072.png,1972ء میں مشرقی پاکستان میں مخالفین نے سازشیں کی، دوسری طرف مشرقی پاکستان کی عوام میں احساس محرومی بڑھ گئی جس کی نتیجے میں ملک دو لخت ہو گیا اور مشرقی پاکستان بنگلہ دیش کے نام ایک نیا ملک وجود میں آیا,books_synthetic,train
data/raw/newspaper/Screenshot 2026-07-01 181711.png,احسن خان كا كهنا لكه ' بمارب وبم وكمان ميل لبهر يه نهيل تها كه علل مرتضن جميل اوران ك بج ايك المناد سانح لس دوجار لو ك ورند بم ان كورات كوكراج كلي سفرل نه كرن ديت,manual_screenshot,train
data/raw/augmented/urdu_0070_aug1_rotation.png,اس وقت پاکستان کے صدر فاروق احمد خان لغاری تھے,augmented_rotation,train
data/raw/augmented/urdu_0233_aug1_blur.png,وفاقی جمہوریتیں,augmented_blur,train
data/raw/augmented/urdu_0579_aug2_rotation.png,ساتواہن سلاطین ہندومت اور بدھ مت کے بڑے سرپرست اور مربی گذرے ہیں,augmented_rotation,train
data/raw/augmented/urdu_0290_aug1_brightness.png,خاص کر جنوبی ایشیائی زبانوں میں اردو اپنی شاعری کے حوالے سے جانی جاتی ہے,augmented_brightness,train
data/raw/augmented/urdu_0028_aug1_rotation.png,بنیادی موضوع کے مقالہ جات,augmented_rotation,train
data/raw/augmented/urdu_0285_aug2_brightness.png,اُردو کا بعض اوقات ہندی کے ساتھ موازنہ کیا جاتا ہے,augmented_brightness,train
data/raw/other/utrset_201.jpg,""" زدوپشیماں"" ادبی حیثیت سے، اورنیز(میں انھیں کا لفظ استعمال کرتا ہوں) کیرمکیڑ",utrset_real,train
data/raw/augmented/urdu_0014_aug1_rotation.png,لیکن اس دور میں اس کی اہمیت بہت کم تھی,augmented_rotation,train
data/raw/synthetic/urdu_0562.png,اس میں کوولن کی بیٹی مادھوی کی کہانی نظم کی گئی ہے جو بودھ بھکشونی بن جاتی ہے,synthetic,train
data/raw/synthetic/urdu_0148.png,لالی وڈ نے اب تک بہت سے فلمیں ریلیز کی ہیں اور کر رہا ہے,synthetic,train
data/raw/augmented/urdu_0579_aug1_brightness.png,ساتواہن سلاطین ہندومت اور بدھ مت کے بڑے سرپرست اور مربی گذرے ہیں,augmented_brightness,train
data/raw/books/book_058.png,1997ء میں انتخابات کے بعد دوبارہ نواز شریف کی قیادت میں مسلم لیگ ن اور اس کی حلیف جماعتیں اقتدار میں آئیں,books_synthetic,train
data/raw/augmented/urdu_0577_aug1_blur.png,اس نے سلطنت کو پھلنے پھولنے اور اقتدار حاصل کرنے میں خاصی مدد کی,augmented_blur,train
data/raw/augmented/urdu_0164_aug2_brightness.png,ہاکی پاکستان کا قومی کھیل ہے,augmented_brightness,train
data/raw/synthetic/urdu_0558.png,نیز تمل زبان کے گرامر کی قدیم ترین کتاب تولکا پیئم بھی اسی دوران میں تصنیف کی گئی,synthetic,train
data/raw/other/utrset_354.jpg,سب سے خوبصورت، ذہن اور تیز لڑکی تھی ۔ سب اس کو بہت چاہتے,utrset_real,train
data/raw/augmented/urdu_0550_aug2_brightness.png,تیسری صدی ق م سے چوتھی صدی عیسوی تک کا زمانہ سنگم عہد کہلاتا ہے,augmented_brightness,train
data/raw/augmented/urdu_0224_aug1_blur.png,پاکستان میں 1947ء کی تاسیسات,augmented_blur,train
data/raw/augmented/urdu_0224_aug3_brightness.png,پاکستان میں 1947ء کی تاسیسات,augmented_brightness,train
data/raw/augmented/urdu_0099_aug2_blur.png,اب پاکستان کافی حد تک دفاعی اعتبار سے خود کفیل ہو گیا ہے,augmented_blur,train
data/raw/other/utrset_329.jpg,ملازمہ زیتون بڑی میز پر چائے اور                   لوازمات سجا رہی تھی! بیٹی ۔ گرمیوں میں,utrset_real,train
data/raw/other/utrset_106.jpg,دہلی کے قدیم ترین رسالہ نظام المشایخ، کی اہم ترین خصوصیات میں اسکی,utrset_real,train
data/raw/books/book_007.png,ارسطو کا خیال تھا کہ فضا سے ہوا زمین میں داخل ہو کر محبوس ہو جاتی ہے اور جب وہ فضا میں واپس جانے کے لیے جدوجہد کرتی ہے تو زلزلہ پیدا ہوتا ہے,books_synthetic,train
data/raw/augmented/urdu_0556_aug2_rotation.png,تقریباً 300 ق م سے 200 عیسوی تک پَتو پاٹّو، ایٹو توگئی اور پَتی نَینکل کنکّو لکھے جاتے رہے,augmented_rotation,train
data/raw/other/utrset_104.jpg,ضامن ہیں۔”رسول نمبر“ کی ابتدانظام المشایخ سے ہوئی اوراس اجتہادی عمل صالحہ میں ہر سال کامیابی,utrset_real,train
data/raw/signboards/sign_154.png,آبادیاتی اور جغرافیائی تقسیم,signboards_synthetic,train
data/raw/augmented/urdu_0377_aug3_blur.png,اس کا موضوع فالنامہ ہے,augmented_blur,train
data/raw/newspaper/Screenshot 2026-07-01 151453.png,امريكى ريورث ن بهارت كخلاف جن مي باكستان كى جيت يرمهر لكادىء وزيراعظم فيلد مارشل كى قيادت مي بلاخوف مشاورت س بهربور فيصل كيه افواج باكستان كى دليرى اور فتوحات ك باعث باكستان كا دنيا مير وقار بلند سواء شهباز شريف كا تقريب  _ خطاب,manual_screenshot,train
data/raw/other/utrset_085.jpg,سے ایک دوست مصوّر کے ذریعہ ایک خوش جمال حسینہ سے روزبیٹی کی ملاقات ہوگئی۔رسمی تعارف حدودنے,utrset_real,train
data/raw/augmented/urdu_0415_aug1_blur.png,انگریزی سے اردو آف لائن اور editable ڈکشنری ڈاون لوڈ کریں,augmented_blur,train
data/raw/augmented/urdu_0020_aug1_blur.png,مگر ان عجیب و غریب خیالات کے ساتھ ساتھ قدیم یونانیوں نے بعض حیرت انگیز دریافتیں بھی کیں,augmented_blur,train
data/raw/synthetic/urdu_0563.png,کلاسیکی اور اوائل قرون وسطی کے ادوار (200 ق م تا 1200ء),synthetic,train
data/raw/augmented/urdu_0080_aug3_rotation.png,پاکستان کا اعلیٰ اساسی قانون آئین پاکستان کہلاتا ہے,augmented_rotation,train
data/raw/books/book_090.png,پاکستان میں قانون نافذ کرنے والے بہت سے ادارے شامل ہیں جن میں سول ادارے بھی ہیں اور فوجی بھی,books_synthetic,train
data/raw/synthetic/urdu_0412.png,اردو بولنے والوں کے ذریعہ ہندوستان کی ریاستیں,synthetic,train
data/raw/other/utrset_081.jpg,کچھ ہی عرصہ بعدآبادگھربرباد ہوگیا۔یعنی”روزیٹی“ کی محبوب وجمیل بیوی“ کو”پنجہئ اجل“ نے ہمیشہ کیلئے اُس سے,utrset_real,train
data/raw/augmented/urdu_0162_aug2_brightness.png,پاکستان میں اشیائے خورد و نوش کے نام بہت آسان ہیں,augmented_brightness,train
data/raw/books/book_051.png,اس دور میں پاکستان کی تمام سیاسی جماعتوں کی رضامندی سے آئین پاکستان مرتب اور نافذ العمل کیا گیا,books_synthetic,train
data/raw/synthetic/urdu_0324.png,5%)، حالانکہ ان دونوں ریاستوں میں مسلمانوں کی تعداد میں اسی عرصے میں اضافہ ہوا ہے,synthetic,train
data/raw/augmented/urdu_0571_aug3_rotation.png,شونگ مگدھ سے اٹھے اور برصغیر ہند کے مشرقی اور وسطی علاقوں تک اپنی سلطنت قائم کر لی,augmented_rotation,train
data/raw/augmented/urdu_0374_aug1_blur.png,اردو زبان میں اسلامی ادب اور شریعت کی کئی تصانیف ہیں,augmented_blur,train
data/raw/books/book_024.png,1971ء میں ایک خانہ جنگی کے دوران میں اس کا مشرقی حصہ الگ ہو کر ایک نیا ملک بنگلہ دیش بن گیا,books_synthetic,train
data/raw/books/book_086.png,اس لحاظ سے اس کے تاج برطانیہ کے زیر اثر پہلی جنگ عظیم اور دوسری جنگ عظیم میں بھی حصہ لیا ہے,books_synthetic,train
data/raw/synthetic/urdu_0003.png,جس کے معنی ہیں زمین کا بیان,synthetic,train
data/raw/synthetic/urdu_0119.png,پہلے پاکستان کی معيشت کا زيادہ انحصار زراعت پر تھا,synthetic,train
data/raw/augmented/urdu_0162_aug1_blur.png,پاکستان میں اشیائے خورد و نوش کے نام بہت آسان ہیں,augmented_blur,train
data/raw/other/utrset_069.jpg,شکریہئ التفات,utrset_real,train
data/raw/augmented/urdu_0437_aug1_brightness.png,ایتھنولوگ کے علاوہ دیگر ذرائع کا حوالہ دیتے ہوئے آیزو زبان کے مضامین,augmented_brightness,train
data/raw/synthetic/urdu_0407.png,پاکستان کی زبانیں,synthetic,train
data/raw/synthetic/urdu_0056.png,اس کے باوجود سیاسی بحران کا نتیجہ یہ ہوا کہ 1958ء میں پاکستان میں مارشل لا لگ گیا,synthetic,train
data/raw/augmented/urdu_0302_aug1_blur.png,تیرہویں سے اٹھارویں صدی تک اردو کو عام طور پر ہندی ہی کے نام سے پکارا جاتا رہا,augmented_blur,train
data/raw/augmented/urdu_0011_aug3_rotation.png,زمین انسان کا گھر ہے,augmented_rotation,train
data/raw/augmented/urdu_0556_aug3_blur.png,تقریباً 300 ق م سے 200 عیسوی تک پَتو پاٹّو، ایٹو توگئی اور پَتی نَینکل کنکّو لکھے جاتے رہے,augmented_blur,train
data/raw/augmented/urdu_0095_aug3_blur.png,1947ء میں قیام پاکستان سے پہلے پاک عسکریہ، ہندوستانی فوج کا حصہ تھی,augmented_blur,train
data/raw/augmented/urdu_0334_aug3_rotation.png,جبکہ کچھ اردو الفاظ کو پاکستان کی علاقائی زبانوں نے بھی ضم کر لیا ہے,augmented_rotation,train
data/raw/augmented/urdu_0071_aug1_brightness.png,صدر فاروق احمد خان لغاری کے حکم پر یہ حکومت بھی بر طرف ہو گئی,augmented_brightness,train
data/raw/books/book_012.png,مسلمانوں کے علمی زوال کے بعد یورپ میں اس مضمون پر بہت پیش رفت ہوئی,books_synthetic,train
data/raw/augmented/urdu_0464_aug3_blur.png,یہاں سے نئے سنگی دور کا آغاز ہوتا ہے,augmented_blur,train
data/raw/synthetic/urdu_0163.png,پنجاب اور سندھ کے کھانے مصالحےدار ہوتے ہیں جو جنوبی ایشیا کے کھانوں کی خاصیت ہے,synthetic,train
data/raw/synthetic/urdu_0033.png,پاکستان کے مشرق ميں بھارت، شمال مشرق ميں چین اور مغرب ميں افغانستان اور ايران واقع ہيں,synthetic,train
data/raw/augmented/urdu_0207_aug3_rotation.png,فہرست متعلقہ مضامین پاکستان,augmented_rotation,train
data/raw/other/utrset_390.jpg,گیہوں نیچے گرتھ جاتے ہیں اور موہن باربار اس پر ہتھیلی لگا کر روکنے کی,utrset_real,train
data/raw/synthetic/urdu_0294.png,پہلے اسے ہندوی، ہندی اور ہندوستانی کے نام سے جانا جاتا تھا,synthetic,train
data/raw/synthetic/urdu_0469.png,کہا جاتا ہے کہ وادی سندھ کی تہذیب کے دور عروج میں یہاں پچاس لاکھ افراد بستے تھے,synthetic,train
data/raw/augmented/urdu_0587_aug3_rotation.png,روم و یونان نے شاہراہ بخور اور ہند رومی شاہراہوں کے ذریعہ اپنی تجارت جاری رکھی,augmented_rotation,train
data/raw/synthetic/urdu_0546.png,ارتھ شاستر اور اشوک کے کتبے موریا دور کے احوال و وقائع کے اولین مآخذ ہیں,synthetic,train
data/raw/augmented/urdu_0006_aug1_rotation.png,وہ پہلا شخص تھا,augmented_rotation,train
data/raw/augmented/urdu_0182_aug1_rotation.png,دیگر 45 پھولوں کے نام بھی جان سکتے ہیں,augmented_rotation,train
data/raw/synthetic/urdu_0482.png,ویدک عہد کا دورانیہ 1500 ق م سے 500 ق م تک ہے,synthetic,train
data/raw/augmented/urdu_0204_aug1_brightness.png,تعلیمی ادارے بلحاظ زمرہ جات,augmented_brightness,train
data/raw/synthetic/urdu_0038.png,لفظ پاکستان اس وقت پانچ مسلم علاقوں کے ناموں کا سرنامیہ ہے,synthetic,train
data/raw/books/book_102.png,"صوبہ بلوچستان کا کل رقبہ 347,190 مربع کلومیٹر ہے جبکہ 2011ء میں آبادی 79 لاکھ 14 ہزار تھی",books_synthetic,train
data/raw/augmented/urdu_0342_aug3_brightness.png,یہ ملک کی سماجی و ثقافتی میراث کا خزانہ ہے,augmented_brightness,train
data/raw/synthetic/urdu_0271.png,یونانی مستعار الفاظ,synthetic,train
data/raw/augmented/urdu_0437_aug2_blur.png,ایتھنولوگ کے علاوہ دیگر ذرائع کا حوالہ دیتے ہوئے آیزو زبان کے مضامین,augmented_blur,train
data/raw/augmented/urdu_0499_aug1_blur.png,دوسری شہر کاری کے عہد میں وسطی گنگا کا میدان ایک نمایاں تہذیبی خطہ تھا,augmented_blur,train
data/raw/augmented/urdu_0455_aug2_brightness.png,ماقبل تاریخ کا عہد (تقریباً 3300 ق م تک),augmented_brightness,train
data/raw/signboards/sign_099.png,وفاقی جمہوریتیں,signboards_synthetic,train
data/raw/augmented/urdu_0236_aug1_blur.png,تاریخ جامع انسانی کے انفرادی و اجتماعی عمال و افعال اور کردار کا آئینہ دار ہے,augmented_blur,train
data/raw/augmented/urdu_0076_aug1_blur.png,مئی 2013ء میں عام انتحابات ہوئے جس میں پاکستان مسلم لیگ ن ایک بڑی جماعت کے طور پر ابھری,augmented_blur,train
data/raw/augmented/urdu_0217_aug2_brightness.png,پاکستان کی بادشاہت,augmented_brightness,train
data/raw/augmented/urdu_0003_aug3_brightness.png,جس کے معنی ہیں زمین کا بیان,augmented_brightness,train
data/raw/other/utrset_001.jpg,اندراج و تحریر شرعاً صرف مستحب اور پسندیدہ ہے وہ واجب نہیں کہ کسی شرعی,utrset_real,train
data/raw/synthetic/urdu_0001.png,- ایپل کمپیوٹرز نے 1،8 ملین بیٹریز کو معیار کی کمی کی وجہ سے واپس منگوا لیا ہے,synthetic,train
data/raw/books/book_057.png,صدر فاروق احمد خان لغاری کے حکم پر یہ حکومت بھی بر طرف ہو گئی,books_synthetic,train
data/raw/other/utrset_388.jpg,سامنے سے ریتا آتی ہوئی دکھائی دیتی ہے اور موہن کو اسے,utrset_real,train
data/raw/synthetic/urdu_0339.png,"بھارت میں 3,000 سے زیادہ اردو اشاعتیں ہیں جن میں 405 روزانہ اردو اخبارات بھی شامل ہیں",synthetic,train
data/raw/augmented/urdu_0135_aug2_blur.png,اس کے ساتھ ساتھ ايک بڑھتی ہوئی تحريک ہے جو مغربی اثرات کو کم ديکھنا چاہتی ہے,augmented_blur,train
data/raw/other/utrset_155.jpg,(۱) قدیم افسانے (پہلاحصّہ)۔ طابع وناشر:۔انجمن امدادباہمی مکتبہ ابراہیّہ حیدرآباڈکن۔ قیمت ء,utrset_real,train
data/raw/augmented/urdu_0214_aug3_blur.png,اہم پاکستانی ایام,augmented_blur,train
data/raw/augmented/urdu_0243_aug1_brightness.png,کارل بیکر کے نزدیک اقوال و افعال کا علم ہے,augmented_brightness,train
data/raw/newspaper/Screenshot 2026-07-01 181421.png,26 جون ك شام انجيرواءى س نكلن والا جلوس رحمت باغ قبرستان ك جانب روار تها اور اس مي تقريباً 30 بزار افراد شريك تهء -,manual_screenshot,train
data/raw/augmented/urdu_0189_aug3_rotation.png,قومی کھانا - غیر سرکاری طور پر نہاری,augmented_rotation,train
data/raw/augmented/urdu_0446_aug2_blur.png,ان قبیلوں میں وَرَن کا نظام بھی رائج تھا جو آگے چل کر ذات پات کی شکل میں سامنے آیا,augmented_blur,train
data/raw/augmented/urdu_0472_aug2_brightness.png,یہ دیہاتوں کے باشندے تھے اور شکار و کاشت کاری ان کا ذریعۂ معاش تھا,augmented_brightness,train
data/raw/other/utrset_228.jpg,اس نے گرمجوشی سے میرا ہاتھ دبایااورکمرے کادروازہ کھول دیا۔ مستعدوہوشیارمحافظین,utrset_real,train
data/raw/synthetic/urdu_0039.png,پ پنجاب، ا خیبر پختونخوا (افغانیہ)، ک کشمیر، س سندھ، تان بلوچستان,synthetic,train
data/raw/augmented/urdu_0066_aug3_rotation.png,پاکستان میں پھر سے جمہوریت کا آغاز ہو گیا,augmented_rotation,train
data/raw/newspaper/Screenshot 2026-07-01 181430.png,جلوس ك راست مير روايتى سر6رميال جارى تهيل كه جب يه واقع بيش آيا -,manual_screenshot,train
data/raw/signboards/sign_039.png,بین الاقوامی تعلقات,signboards_synthetic,train
data/raw/augmented/urdu_0016_aug2_blur.png,دوسرے علوم کی نسبت جغرافیہ میں بہت سست رفتاری سے ترقی ہوئی,augmented_blur,train
data/raw/synthetic/urdu_0237.png,(ڈاکٹر آفتاب اصغر، مقدمہ تاریخ مبارک شاہی,synthetic,train
data/raw/augmented/urdu_0064_aug2_rotation.png,اس دور میں پاکستان کے حکمران جنرل ضیا الحق تھے,augmented_rotation,train
data/raw/books/book_108.png,پاکستان کا جغرافیہ اور آب و ہوا انتہائی متنوع ہے، پاکستان بے شمار جانداروں کا گھر ہے، بلکہ کہیں جانور اور پرندے ایسے بھی ہیں جو صرف پاکستان میں پائے جاتے ہیں,books_synthetic,train
data/raw/books/book_149.png,2002ء کے بعد الیکٹرونک میڈیا نے ترقی کی اور پے در پے نئے نجی چینل آتے رہے,books_synthetic,train
data/raw/synthetic/urdu_0232.png,مؤتمر عالم اسلامی کے رکن ممالک,synthetic,train
data/raw/augmented/urdu_0485_aug1_blur.png,ابتدائی ویدک معاشرہ کو رگ وید میں بڑی تفصیل سے بیان کیا گیا ہے,augmented_blur,train
data/raw/augmented/urdu_0500_aug3_rotation.png,یہ علاقہ ویدک ثقافت سے متاثر ضرور ہوا لیکن یہ کرو پنچال کے خطہ سے بہت مختلف تھا,augmented_rotation,train
data/raw/augmented/urdu_0408_aug1_rotation.png,اردو ہندی تنازع,augmented_rotation,train
data/raw/signboards/sign_060.png,ریاستی نشان,signboards_synthetic,train
data/raw/augmented/urdu_0440_aug3_blur.png,ویکی ڈیٹا سے مطابقت رکھنے والی مختصر تفصیل,augmented_blur,train
data/raw/books/book_128.png,پاکستان ميں مختلف قوموں سے تعلّق رکھنے والے لوگ آباد ہيں، ان ميں زيادہ نماياں پنجابی، سرائیکی، سندھی، پٹھان، بلوچی اور مہاجر قوم ہيں، ليکن وقت کے ساتھ ساتھ ان کے مابین فرق کم ہوتا جا رہا ہے,books_synthetic,train
data/raw/augmented/urdu_0558_aug1_rotation.png,نیز تمل زبان کے گرامر کی قدیم ترین کتاب تولکا پیئم بھی اسی دوران میں تصنیف کی گئی,augmented_rotation,train
data/raw/augmented/urdu_0358_aug2_brightness.png,معیاری اردو کا اکثر معیاری ہندی سے موازنہ کیا جاتا ہے,augmented_brightness,train
data/raw/synthetic/urdu_0155.png,تخت بائی اور پڑوسی شہر شہر بہلول کے بدھ مت کے کھنڈر,synthetic,train
data/raw/synthetic/urdu_0085.png,آئین کے مطابق پاکستان ایک جمہوری اور قومی ریاست ہے,synthetic,train
data/raw/augmented/urdu_0303_aug1_blur.png,اسی طرح اس زبان کے کئی دوسرے نام بھی تھے، جیسے ہندوی، ریختہ یا دہلوی,augmented_blur,train
data/raw/other/utrset_223.jpg,اگر میں مذہبی ذہنیت کاانسان ہوتاتوشاید میں بھی اس منظرکودیکھ کر دعائیں پڑھنے,utrset_real,train
data/raw/augmented/urdu_0469_aug1_rotation.png,کہا جاتا ہے کہ وادی سندھ کی تہذیب کے دور عروج میں یہاں پچاس لاکھ افراد بستے تھے,augmented_rotation,train
data/raw/augmented/urdu_0036_aug2_blur.png,اس کی معیشت دنیا میں 23 ویں نمبر پر ہے,augmented_blur,train
data/raw/augmented/urdu_0473_aug1_brightness.png,اس دریافت کے بعد محققین کی توجہ مذکورہ مقام کی جانب مبذول ہوئی,augmented_brightness,train
data/raw/other/utrset_396.jpg,پسند نہین اور پھر میں اتنی دیر تک کھڑی بھی نہیں رہ سکتی۔۔۔۔دیکھو اگر,utrset_real,train
data/raw/synthetic/urdu_0062.png,اسی دور میں پاکستان میں صنعتوں اور اداروں کو قومیا لیا گیا,synthetic,train
data/raw/other/utrset_330.jpg,اور سلو اسپیڈ پنکھے کے نیچے بیٹھی اپنے بال سکھا رہی تھیں۔,utrset_real,train
data/raw/synthetic/urdu_0096.png,اس وقت اعلان ہوا کہ کوئی بھی فوجی جس بھی فوج میں جانا چاہتا ہے تو اسے مکمل اجازت ہے,synthetic,train
data/raw/augmented/urdu_0106_aug3_brightness.png,"صوبہ سندھ کا کل رقبہ 140,914 مربع کلومیٹر ہے جبکہ 2012ء میں آبادی 4 کروڑ 24 لاکھ تھی",augmented_brightness,train
data/raw/other/utrset_179.jpg,"ہے کہ بجاے کا میڈمی کے حضرت ""ناظر"" نے اس ڈراما کا خاتمہ ٹریجڈی پر کیا ہے۔",utrset_real,train
data/raw/augmented/urdu_0427_aug2_rotation.png,تاریخ زبان اردو,augmented_rotation,train
data/raw/synthetic/urdu_0354.png,دکنی - اس کو دکھنی، دیسیا، مرگان نام سے بھی جانا جاتا ہے,synthetic,train
data/raw/augmented/urdu_0097_aug3_blur.png,اس وقت بہت سے مسلمان فوجی، پاک عسکریہ میں شامل ہوگئے,augmented_blur,train
data/raw/other/utrset_077.jpg,”زندہ“رہ سکا۔,utrset_real,train
data/raw/augmented/urdu_0307_aug3_blur.png,اور اسے دکنی کے نام سے جانا جاتا ہے، جس میں تیلگو زبان اور مراٹھی زبان کے  الفاظ شامل ہیں,augmented_blur,train
data/raw/synthetic/urdu_0405.png,نوحہ: معرکۂ کربلا میں ہوئے شہیدوں کے واقعات کو بیان کرنے والی صنف نوحہ ہے,synthetic,train
data/raw/augmented/urdu_0201_aug2_blur.png,اس کے علاوہ چار صوبائی زبانیں اور بہت سے اور زبانیں بولی جاتی ہیں,augmented_blur,train
data/raw/augmented/urdu_0022_aug3_blur.png,جغرافیہ میں سب سے پہلے یونانیوں نے پیش رفت کرنا شروع کی,augmented_blur,train
data/raw/other/utrset_229.jpg,ملنے اور سوالات کرنے کی اجازت مرحمت فرمائیں“,utrset_real,train
data/raw/synthetic/urdu_0437.png,ایتھنولوگ کے علاوہ دیگر ذرائع کا حوالہ دیتے ہوئے آیزو زبان کے مضامین,synthetic,train
data/raw/newspaper/Screenshot 2026-07-01 182139.png,ياد رهء كه 21 مئر 2008 ك معابد ك تحت دونو ممالك بر سال يكم جنورى اور يكم جولائر كوايس فهرستين ايك دوسر كو _فرا٢م كرن ك يابند لي -,manual_screenshot,train
data/raw/other/utrset_065.jpg,اختیار کے بغیر کسی تبرع اور استجاب کو واجب میں نہیں بدلا جاسکتا، یہ شرعی اختیار,utrset_real,train
data/raw/augmented/urdu_0135_aug3_rotation.png,اس کے ساتھ ساتھ ايک بڑھتی ہوئی تحريک ہے جو مغربی اثرات کو کم ديکھنا چاہتی ہے,augmented_rotation,train
data/raw/augmented/urdu_0171_aug3_brightness.png,یہ ایک تاریخی کامیابی تھی,augmented_brightness,train
data/raw/augmented/urdu_0040_aug3_brightness.png,یہ علاقہ سیاسی، مذہبی اور ثقافتی طور پر عرب دنیا سے جڑ جاتا ہے,augmented_brightness,train
data/raw/augmented/urdu_0484_aug2_brightness.png,ہندوستانی فلسفہ کے بہت سے تصورات (مثلاً دھرم) کی اصل اسی ویدک دور میں ملتی ہے,augmented_brightness,train
data/raw/signboards/sign_048.png,لباس، فن اور فیشن,signboards_synthetic,train
data/raw/augmented/urdu_0011_aug2_rotation.png,زمین انسان کا گھر ہے,augmented_rotation,train
data/raw/augmented/urdu_0101_aug1_rotation.png,تحقیقات کے لیے وفاقی ادارۂ تحقیقات‎ (ایف آئی اے) اور دیگر تحقیقاتی ادارے موجود ہیں,augmented_rotation,train
data/raw/augmented/urdu_0296_aug3_rotation.png,مثلاً عربی تائے مربوطہ (ة) کو (ہ) یا (ت) میں بدل دیا جاتا ہے,augmented_rotation,train
data/raw/augmented/urdu_0416_aug3_brightness.png,علوی نستعلیق یونیکوڈ فونٹ ڈاون لوڈ کریں,augmented_brightness,train
data/raw/other/utrset_375.jpg,موہن گھر میں کھڑکی کے پاس بیٹھا پڑھ رہا ہے۔ کپڑوں کے بکس کو,utrset_real,train
data/raw/augmented/urdu_0484_aug3_rotation.png,ہندوستانی فلسفہ کے بہت سے تصورات (مثلاً دھرم) کی اصل اسی ویدک دور میں ملتی ہے,augmented_rotation,train
data/raw/other/utrset_265.jpg,تین آدمیوں کی قریبی موجودگی کااحساس کر رہاہو--- جیسے اس کوپورے کمرے کا,utrset_real,train
data/raw/augmented/urdu_0517_aug1_rotation.png,جین اور بودھ گرنتھوں میں مگدھ کی اس قدیم سلطنت کا بارہا ذکر آیا ہے,augmented_rotation,train
data/raw/signboards/sign_050.png,موہن جو دڑو کے اثریاتی کھنڈر,signboards_synthetic,train
data/raw/other/utrset_102.jpg,مضامین نثرونظم جوڈیڑھ سوصفحات پر مشتمل ہیں اپنی مخصوص شانِ متانت کے ساتھ شایع ہواہے۔,utrset_real,train
data/raw/other/utrset_041.jpg,کیں کہ (۱) مسلمانوں کے ان مسائل کے لیے قاضی مقرر کیے جائیں اوران کوایک مرکزی,utrset_real,train
data/raw/other/utrset_010.jpg,کے لیے غیر ضروری تسلیم کرتے ہوئے اس حیثیت سے یہ مسئلہ زیر بحث آسکتاہے،,utrset_real,train
data/raw/augmented/urdu_0026_aug2_brightness.png,جغرافیہ کی شاخیں,augmented_brightness,train
data/raw/newspaper/Screenshot 2026-07-01 181452.png,سنه 1970 ك موسم رما مير لابور مي اس روز جشن كا سمار تها بلكه 75 ساله وكيل اور دانشور لياقت علل ك بقول ' عيدك دن ك س صورتحال ته ' -,manual_screenshot,train
data/raw/augmented/urdu_0042_aug3_blur.png,"""پاکستان کا مطلب کیا؟ لَآ اِلٰہَ اِلَّا اللہُ"" اس تحریک کا مقبول عام نعرہ تھا",augmented_blur,train
data/raw/augmented/urdu_0005_aug3_blur.png,ایراٹورتھینیس ‎(276-194B,augmented_blur,train
data/raw/synthetic/urdu_0241.png,اناتول قراش کے خیال میں تاریخ گزشتہ حادثات و اتفاقات کے تحریری بیان سے عبارت ہے,synthetic,train
data/raw/augmented/urdu_0525_aug3_brightness.png,345 ق م میں آخری شی شو ناگ بادشاہ کالا شوک مہا پدم نند کے ہاتھوں مارا گیا,augmented_brightness,train
data/raw/augmented/urdu_0319_aug3_blur.png,ہندی کے بڑھتے ہوئے سنسکرتائزیشن سے کچھ حد تک اردو کی ہائپر فارسائزیشن کی حوصلہ افزائی ہوئی,augmented_blur,train
data/raw/books/book_005.png,عموما دریاؤں، پہاڑوں، سمندروں اور مقامات کے نام یاد کرلینا ہی کافی سمجھا جاتا تھا,books_synthetic,train
data/raw/books/book_121.png,7 فيصد شہری مسلمان ہيں جن ميں سے تقريباً 20 فيصد اہل تشیع، 77 فيصد اہل سنت اور تقریباً 3 فيصد ديگر فقہ سے تعلق رکھتے ہيں,books_synthetic,train
data/raw/augmented/urdu_0589_aug1_brightness.png,شہنشاہ کنشک بدھ مت کا بڑا مربی تھا,augmented_brightness,train
data/raw/augmented/urdu_0163_aug3_blur.png,پنجاب اور سندھ کے کھانے مصالحےدار ہوتے ہیں جو جنوبی ایشیا کے کھانوں کی خاصیت ہے,augmented_blur,train
data/raw/books/book_056.png,اگلے انتخابات 1993ء میں ہوئے اور ان میں دوبارہ پاکستان پیپلز پارٹی اور اس کی حلیف جماعتیں اقتدار میں آئیں,books_synthetic,train
data/raw/synthetic/urdu_0337.png,35% تلگو بولنے والے اور 43,synthetic,train
data/raw/augmented/urdu_0494_aug3_brightness.png,ویدک عہد کے اواخر میں ویدک تہذیب کے نئے مرکز کے طور پر ودیہ مملکت ابھر کر سامنے آئی,augmented_brightness,train
data/raw/augmented/urdu_0210_aug3_blur.png,پاکستان کے اضلاع,augmented_blur,train
data/raw/augmented/urdu_0080_aug2_brightness.png,پاکستان کا اعلیٰ اساسی قانون آئین پاکستان کہلاتا ہے,augmented_brightness,train
data/raw/augmented/urdu_0106_aug1_blur.png,"صوبہ سندھ کا کل رقبہ 140,914 مربع کلومیٹر ہے جبکہ 2012ء میں آبادی 4 کروڑ 24 لاکھ تھی",augmented_blur,train
data/raw/augmented/urdu_0136_aug3_brightness.png,کچھ جگہوں ميں اس تحريک کا زيادہ جھکاؤ اسلام اور کچھ ميں روايات کی طرف ہے,augmented_brightness,train
data/raw/synthetic/urdu_0470.png,کہا جاتا ہے کہ ان کے ہاں کسی طرز کا بلدیاتی نظم بھی پایا جاتا تھا,synthetic,train
data/raw/augmented/urdu_0134_aug1_blur.png,پاکستانی تہذيب ميں مغربی عناصر بڑھتے جا رہے ہيں,augmented_blur,train
data/raw/augmented/urdu_0418_aug2_brightness.png,ہندوستان میں اردو,augmented_brightness,train
data/raw/other/utrset_392.jpg,کی کیلیں اس کی ایڑی کو زخمی کئے دیتی ہیں۔ کپڑے بھی میلے اور پھٹے سے,utrset_real,train
data/raw/augmented/urdu_0329_aug3_blur.png,پاکستان میں اردو,augmented_blur,train
data/raw/augmented/urdu_0447_aug1_rotation.png,اس نظام کے تحت ہند,augmented_rotation,train
data/raw/augmented/urdu_0527_aug2_blur.png,نند سلطنت اور سکندر کی مہم,augmented_blur,train
data/raw/synthetic/urdu_0484.png,ہندوستانی فلسفہ کے بہت سے تصورات (مثلاً دھرم) کی اصل اسی ویدک دور میں ملتی ہے,synthetic,train
data/raw/augmented/urdu_0186_aug1_brightness.png,جانور – مارخور قومی جانور ہے,augmented_brightness,train
data/raw/augmented/urdu_0084_aug1_brightness.png,پاکستانی سیاست کی بنیاد کو آئین پاکستان نے قائم کیا ہے,augmented_brightness,train
data/raw/augmented/urdu_0442_aug3_blur.png,یہ قدیم مصر اور میسوپوٹیمیا کی تہذیبوں کی ہم عصر تھی,augmented_blur,train
data/raw/augmented/urdu_0195_aug2_blur.png,چوکور شیلڈ جس میں ملک کی چار اہم صنعتوں کی علامت کندہ ہے,augmented_blur,train
data/raw/other/utrset_331.jpg,کچھ دیر بعد پھوپھی اماں نے اسے اپنے پاس بلا بھیجا۔ وہ بھی نہادھوکر آگئی تھیں,utrset_real,train
data/raw/synthetic/urdu_0059.png,1972ء سے لے کر 1977ء تک پاکستان میں پاکستان پیپلز پارٹی کی حکومت تھی,synthetic,train
data/raw/augmented/urdu_0354_aug3_brightness.png,دکنی - اس کو دکھنی، دیسیا، مرگان نام سے بھی جانا جاتا ہے,augmented_brightness,train
data/raw/other/utrset_182.jpg,اظہار کرتے وقت کی مقاموں پر وہ اپنے اصلی عالم فلسفہ میں واپس چلے گئے ہیں۔ مگر,utrset_real,train
data/raw/synthetic/urdu_0293.png,اس کا مطلب بلند کیمپ کی زبان ہے,synthetic,train
data/raw/other/utrset_132.jpg,یوپی کے مشہورفاضل مورّخ ڈاکٹر شفاعت احمدخانصاحب,utrset_real,train
data/raw/other/utrset_351.jpg,جڑھا رکھا تھا اور اس میں کسی قدر تنک مزاجی بھی آگئی تھی۔ اس میں شک نہیں,utrset_real,train
data/raw/augmented/urdu_0122_aug3_blur.png,پاکستان کی قومی زبان اردو ہے، جبکہ زيادہ تر دفتری کام انگريزی ميں کیے جاتے ہيں,augmented_blur,train
data/raw/synthetic/urdu_0446.png,ان قبیلوں میں وَرَن کا نظام بھی رائج تھا جو آگے چل کر ذات پات کی شکل میں سامنے آیا,synthetic,train
data/raw/augmented/urdu_0298_aug2_brightness.png,شاعری میں لکھا ہے: -,augmented_brightness,train
data/raw/synthetic/urdu_0341.png,یہ تعلیم، اَدب، دفتر، عدالت، وسیط اور دینی اِداروں میں مستعمل ہے,synthetic,train
data/raw/synthetic/urdu_0024.png,اس دور کے اہم ناموں میں ابن بطوطہ، ابن خلدون اور ادریسی شامل ہیں,synthetic,train
data/raw/augmented/urdu_0539_aug1_brightness.png,اس منظر نے اشوک کے وجود کو اندر سے ہلا ڈالا تھا,augmented_brightness,train
data/raw/augmented/urdu_0333_aug2_blur.png,یہ پاکستان کے تمام صوبوں/علاقوں میں لکھی، بولی اور استعمال کی جاتی ہے,augmented_blur,train
data/raw/augmented/urdu_0196_aug1_rotation.png,علامت کے چاروں طرف بانی پاکستان حضرت قائد اعظم محمد علی جناح کا قول,augmented_rotation,train
data/raw/augmented/urdu_0478_aug2_rotation.png,اس عہد کو ویدک دور کہا جاتا ہے,augmented_rotation,train
data/raw/augmented/urdu_0448_aug1_blur.png,دوسری طرف اسی دور میں متعدد مذہبی تحریکیں برپا ہوئیں جن میں جین مت اور بدھ مت قابل ذکر ہیں,augmented_blur,train
data/raw/augmented/urdu_0065_aug2_blur.png,افغانستان میں جنگ کی وجہ سے پاکستان کو بہت امداد ملی,augmented_blur,train
data/raw/augmented/urdu_0418_aug1_rotation.png,ہندوستان میں اردو,augmented_rotation,train
data/raw/augmented/urdu_0360_aug1_brightness.png,پرانی اردو لغات میں سنسکرت کے زیادہ تر الفاظ اب ہندی میں موجود ہیں,augmented_brightness,train
data/raw/other/utrset_237.jpg,سے اسی چیز کو بیان کردیاتھا جس کومیں خودمحسوس کرچکاتھا لیکن الفاظ میں ادا نہ کرسکاتھا۔,utrset_real,train
data/raw/augmented/urdu_0023_aug2_brightness.png,قرون وسطیٰ میں مسلم ممالک میں اس علم میں بہت پیش رفت ہوئی,augmented_brightness,train
data/raw/synthetic/urdu_0547.png,اثریات کی رو سے یہ سیاہ قلعی دار شمالی برتنوں کی تہذیب کا زمانہ تھا,synthetic,train
data/raw/books/book_136.png,اس کے ساتھ ساتھ ايک بڑھتی ہوئی تحريک ہے جو مغربی اثرات کو کم ديکھنا چاہتی ہے,books_synthetic,train
data/raw/augmented/urdu_0249_aug3_blur.png,تاریخ کے کردار حقیقی اور زمان اور مکان متعین و مشخص ہوتے ہیں,augmented_blur,train
data/raw/augmented/urdu_0419_aug3_blur.png,ايتھنولوگ کی اردو پر رپورٹ,augmented_blur,train
data/raw/other/utrset_123.jpg,کے مطالعہ کی غرض سے ہے۔ اوراس لحاظ سے ایک مورّخ کافرض ہے کہ وہ فلسفہ- تاریخ کوسامنے,utrset_real,train
data/raw/synthetic/urdu_0046.png,جبکہ دریائے سندھ، چناب اور جہلم پر پاکستان کا حق تسلیم کر لیا گیا,synthetic,train
data/raw/augmented/urdu_0364_aug3_rotation.png,اردو میں زیادہ تر مستعار الفاظ اسم اور صفت ہیں,augmented_rotation,train
data/raw/synthetic/urdu_0072.png,2004ء میں جنرل مشرف نے شوکت عزیز کو وزیر اعظم بنانے کا فيصلہ کیا,synthetic,train
data/raw/augmented/urdu_0368_aug1_brightness.png,ʃkəɾi  ])  یا صرف لشکری,augmented_brightness,train
data/raw/synthetic/urdu_0560.png,اس ظلم پر کن نکی کا جذبۂ انتقام بیدار ہوتا ہے اور سلطنت سے بدلہ لینے کی ٹھان لیتی ہے,synthetic,train
data/raw/synthetic/urdu_0394.png,نظم: مربوط اور مکمل شاعرانہ کلام,synthetic,train
data/raw/augmented/urdu_0577_aug3_brightness.png,اس نے سلطنت کو پھلنے پھولنے اور اقتدار حاصل کرنے میں خاصی مدد کی,augmented_brightness,train
data/raw/signboards/sign_084.png,نظریہ پاکستان,signboards_synthetic,train
data/raw/augmented/urdu_0302_aug2_rotation.png,تیرہویں سے اٹھارویں صدی تک اردو کو عام طور پر ہندی ہی کے نام سے پکارا جاتا رہا,augmented_rotation,train
data/raw/augmented/urdu_0409_aug3_brightness.png,اردو زبان کی ابتدا کے متعلق نظریات,augmented_brightness,train
data/raw/augmented/urdu_0074_aug3_blur.png,16 نومبر 2007ء کو سینٹ کے چیرمین جناب میاں محمد سومرو نے عبوری وزیر اعظم کا حلف اٹھایا,augmented_blur,train
data/raw/augmented/urdu_0068_aug3_rotation.png,1990ء میں نواز شریف کی قیادت میں آئی جے آئی اور اس کی حلیف جماعتیں اقتدار میں آئیں,augmented_rotation,train
data/raw/synthetic/urdu_0116.png,پاکستان کی زیادہ تر آبادی زراعت کے شعبے سے منسلک ہے,synthetic,train
data/raw/other/utrset_232.jpg,تحقیق حال کے لئے آئیں توآپ ان کوآنے کی اجازت دیدیں لیکن اگر وہ ایک سے,utrset_real,train
data/raw/augmented/urdu_0133_aug1_brightness.png,پاکستان دنيا بھر ميں قوالی کا مرکز سمجھا جاتا ہے,augmented_brightness,train
data/raw/augmented/urdu_0087_aug1_blur.png,پاکستان کی مختلف علاقہ جات کے متعلق آئین پاکستان کا دوسرا آرٹیکل بیان کرتا ہے:,augmented_blur,train
data/raw/other/utrset_158.jpg,اہل نظر کودیکہناچاہیئے۔کاغذ کتاب طباعت اورضخامت”صبح لطافت“ کی مانندہیں۔,utrset_real,train
data/raw/augmented/urdu_0286_aug2_rotation.png,جبکہ ہندی زبان دیوناگری رسم الخط میں لکھی جاتی ہے اور سنسکرت الفاظ زیادہ استعمال کرتی ہے,augmented_rotation,train
data/raw/other/utrset_363.jpg,سرسری باتیں بھی دونوں میں بے تکلفی یا دوستی بالکل نہ تھی۔ اس کی بڑی وجہ دونوں,utrset_real,train
data/raw/augmented/urdu_0533_aug1_blur.png,اس جنگ میں فتح پانے کے بعد دریائے سندھ کا مغربی خطہ بھی اس کی حکومت میں شامل ہو گیا,augmented_blur,train
data/raw/augmented/urdu_0546_aug2_blur.png,ارتھ شاستر اور اشوک کے کتبے موریا دور کے احوال و وقائع کے اولین مآخذ ہیں,augmented_blur,train
data/raw/augmented/urdu_0478_aug1_blur.png,اس عہد کو ویدک دور کہا جاتا ہے,augmented_blur,train
data/raw/augmented/urdu_0266_aug3_brightness.png,مشرق وسطی کی تاريخ,augmented_brightness,train
data/raw/augmented/urdu_0592_aug3_brightness.png,اس عہد میں گندھارا اور متھرا کے فنون بھی بہار دکھانے لگے تھے,augmented_brightness,train
data/raw/synthetic/urdu_0100.png,قانون نافذ کرنے والے ادارے,synthetic,train
data/raw/augmented/urdu_0362_aug3_rotation.png,درج ذیل فہرست میں کچھ ممالک میں اردو بولنے والوں کی تعداد دکھائی گئی ہے,augmented_rotation,train
data/raw/synthetic/urdu_0133.png,پاکستان دنيا بھر ميں قوالی کا مرکز سمجھا جاتا ہے,synthetic,train
data/raw/synthetic/urdu_0127.png,پاکستان کی بہت قديم اور رنگارنگ تہذيب ہے,synthetic,train
data/raw/augmented/urdu_0494_aug2_rotation.png,ویدک عہد کے اواخر میں ویدک تہذیب کے نئے مرکز کے طور پر ودیہ مملکت ابھر کر سامنے آئی,augmented_rotation,train
data/raw/augmented/urdu_0286_aug1_blur.png,جبکہ ہندی زبان دیوناگری رسم الخط میں لکھی جاتی ہے اور سنسکرت الفاظ زیادہ استعمال کرتی ہے,augmented_blur,train
data/raw/augmented/urdu_0139_aug1_rotation.png,پاکستان کی کرکٹ ٹيم دنيا کی اچھی ٹيموں ميں شمار ہوتی ہے,augmented_rotation,train
data/raw/augmented/urdu_0121_aug3_blur.png,تقريباً ایک فيصد پاکستانی ہندو اور اتنے ہی پاکستانی مسیحی مذہب سے تعلق رکھتے ہيں,augmented_blur,train
data/raw/augmented/urdu_0297_aug1_rotation.png,جیسے غلام حمدان مصحفی نے اپنی ایک,augmented_rotation,train
data/raw/synthetic/urdu_0035.png,اس کے پانچ صوبے اور کچھ وفاقی حکومت کے زیر انتظام علاقے ہیں,synthetic,train
data/raw/augmented/urdu_0552_aug2_rotation.png,ان کے مسائل کا بچشم خود مشاہدہ کیا اور ان کے درد و کرب کو محسوس کیا,augmented_rotation,train
data/raw/synthetic/urdu_0415.png,انگریزی سے اردو آف لائن اور editable ڈکشنری ڈاون لوڈ کریں,synthetic,train
data/raw/augmented/urdu_0049_aug3_blur.png,پاکستان بطور برطانوی ڈامنینئن آزاد ہوا تھا,augmented_blur,train
data/raw/augmented/urdu_0569_aug1_blur.png,گپت سلطنت کا یہ دور ہندومت کی تاریخ کا عہد زریں سمجھا جاتا ہے,augmented_blur,train
data/raw/other/utrset_274.jpg,سی ہیبت ناک شے میری طرف دبے پاؤں رینگتی آرہی ہے۔,utrset_real,train
data/raw/synthetic/urdu_0596.png,ان کا آخری قابل ذکر بادشاہ واسو دیو اول تھا,synthetic,train
data/raw/augmented/urdu_0395_aug2_rotation.png,غزل: دو مصرعوں پر مشتمل مکمل، بامعنی اور جداگانہ اشعار کی لڑی,augmented_rotation,train
data/raw/augmented/urdu_0243_aug2_brightness.png,کارل بیکر کے نزدیک اقوال و افعال کا علم ہے,augmented_brightness,train
data/raw/newspaper/Screenshot 2026-07-01 151408.png,آزاد جمول و كشمير كى كابينه ن بيلته كارد اسكيم آغازاور طلبه يونين كى بحالى كى منظورى ديدى بينك آف ا جك كو شيدول بينك كا درجه دلان كيلئ ايكويئى كى فراسمى دويزنل بيدكوارثرز مي خواتين بوليس اسنيشنزك قيام اور متعدد ترقياتى منصوب بهى منطور 11:12am 2025 شائع 03 دسمبر,manual_screenshot,train
data/raw/augmented/urdu_0388_aug2_rotation.png,اس ادب کو اردو نظمی ادب کہتے ہیں,augmented_rotation,train
data/raw/synthetic/urdu_0534.png,چندر گپت کے بعد اس کا بیٹا بندو سار 297 ق م کے آس پاس تخت سلطنت پر بیٹھا,synthetic,train
data/raw/synthetic/urdu_0361.png,اردو بولنے والے ممالک,synthetic,train
data/raw/synthetic/urdu_0079.png,آئین، حکومت اور سياست,synthetic,train
data/raw/augmented/urdu_0462_aug1_brightness.png,اس نوع کی رنگا رنگی افریقا کے بعد جنوبی ایشیا ہی میں پائی جاتی ہے,augmented_brightness,train
data/raw/other/utrset_183.jpg,میں لائے ہیں ، جس میں علت و سبب پرغور کرنا جرم ہے۔ اسی وجہ سے جذبات کا,utrset_real,train
data/raw/other/utrset_382.jpg,مومن شروع سے پڑھنے میں بہت تیز رہا ۔ وہ زیادہ تراپنے درجہ میں,utrset_real,train
data/raw/augmented/urdu_0462_aug2_blur.png,اس نوع کی رنگا رنگی افریقا کے بعد جنوبی ایشیا ہی میں پائی جاتی ہے,augmented_blur,train
data/raw/augmented/urdu_0288_aug2_brightness.png,لیکن حقیقت یہ ہے کہ ہندی، اُردو زبان سے نکلی ہے,augmented_brightness,train
data/raw/synthetic/urdu_0500.png,یہ علاقہ ویدک ثقافت سے متاثر ضرور ہوا لیکن یہ کرو پنچال کے خطہ سے بہت مختلف تھا,synthetic,train
data/raw/augmented/urdu_0578_aug2_brightness.png,"ساتواہن سلاطین اصلاً دکنی تھے، اسی بنا پر وہ ""آندھرا سلاطین"" بھی کہلاتے ہیں",augmented_brightness,train
data/raw/newspaper/Screenshot 2026-07-01 151535.png,كياامريكمايران تنازع مير بدى شكست عرب ممالك ك _بوئ؟ امريكد اور ايران ك درميان مفا٢مت يادداشت ير دستخط ك بعد مشرق وسطن مير عسكرى كشيد2 مي وقت طورير كم آصك ل2- ارجه مذاكرات ابه ابتدائ مرحل مي ليل اود ان ك حتمى نتائج ك بار مير ابهن كجه كهنا قبل ازوقت بوكاء مهراس ك باوجود ايك ا٢م سوال ابهركر سامن آ دبا ر_ اور وه يه ك اس بور تنازع ميل لللب لل زيادد نقصان كس كا بو كا؟ 3 كهنت قبل,manual_screenshot,train
data/raw/synthetic/urdu_0428.png,تلنگانہ کی زبانیں,synthetic,train
data/raw/signboards/sign_139.png,یونانی مستعار الفاظ,signboards_synthetic,train
data/raw/synthetic/urdu_0312.png,شاہ عبدالقادر رائے پوری پہلے شخص تھے جنہوں نے قرآن کا اردو میں ترجمہ کیا,synthetic,train
data/raw/synthetic/urdu_0088.png,آئین نے مزید ملک میں دو قانون ساز ایوان قائم کئے ایک قومی اسمبلی اور دوسراں سینٹ,synthetic,train
data/raw/augmented/urdu_0309_aug1_rotation.png,1715 میں ریختہ میں ایک مکمل ادبی دیوان نواب صدرالدین خان نے لکھا,augmented_rotation,train
data/raw/signboards/sign_012.png,احتیاط: تعمیراتی کام جاری ہے,signboards_synthetic,train
data/raw/augmented/urdu_0258_aug1_brightness.png,افکار ابن خلدون، 75 تا79),augmented_brightness,train
data/raw/augmented/urdu_0282_aug2_blur.png,اردو زبان کو کئی ہندوستانی ریاستوں میں سرکاری حیثیت بھی حاصل ہے,augmented_blur,train
data/raw/augmented/urdu_0589_aug2_brightness.png,شہنشاہ کنشک بدھ مت کا بڑا مربی تھا,augmented_brightness,train
data/raw/augmented/urdu_0525_aug2_brightness.png,345 ق م میں آخری شی شو ناگ بادشاہ کالا شوک مہا پدم نند کے ہاتھوں مارا گیا,augmented_brightness,train
data/raw/other/utrset_356.jpg,یہ سب ریتا سے چھوٹے تھے۔ ریتا سے ونود ایک سال چھوٹا تھا۔ ونود,utrset_real,train
data/raw/augmented/urdu_0295_aug2_rotation.png,اردو ہندی زبان کی طرح فارسی، عربی، ترک زبان کی ایک قسم ہے,augmented_rotation,train
data/raw/augmented/urdu_0134_aug3_brightness.png,پاکستانی تہذيب ميں مغربی عناصر بڑھتے جا رہے ہيں,augmented_brightness,train
data/raw/augmented/urdu_0009_aug2_brightness.png,آج تک انسان نے جتنی بھی ترقی کی ہے,augmented_brightness,train
data/raw/augmented/urdu_0344_aug1_rotation.png,57% پاکستانی اپنی پہلی زبان کے طور پر اردو بولتے ہیں,augmented_rotation,train
data/raw/augmented/urdu_0198_aug2_brightness.png,بلحاظ سال آبادی,augmented_brightness,train
data/raw/books/book_077.png,آئین نے مزید ملک میں دو قانون ساز ایوان قائم کئے ایک قومی اسمبلی اور دوسراں سینٹ,books_synthetic,train
data/raw/other/utrset_275.jpg,مڑ کر اپنے شانے کے اوپر سے یاک نظر ڈالی یہ معلوم کرنے کے لیے کہ پشت کیطرف سے کون,utrset_real,train
data/raw/augmented/urdu_0180_aug3_brightness.png,قومی پرچم گیارہ اگست 1947ء کو لیاقت علی خان نے دستور ساز اسمبلی میں پیش کیا,augmented_brightness,train
data/raw/synthetic/urdu_0022.png,جغرافیہ میں سب سے پہلے یونانیوں نے پیش رفت کرنا شروع کی,synthetic,train
data/raw/synthetic/urdu_0028.png,بنیادی موضوع کے مقالہ جات,synthetic,train
data/raw/augmented/urdu_0024_aug1_rotation.png,اس دور کے اہم ناموں میں ابن بطوطہ، ابن خلدون اور ادریسی شامل ہیں,augmented_rotation,train
data/raw/books/book_117.png,مگر اب پاکستان کی معيشت (جو کافی کمزور سمجھی جاتی ہے) نے گیارہ ستمبر کے امریکی تجارتی مرکز پر حملے، عالمی معاشی پستی، افغانستان جنگ، پانی کی کمی اور بھارت کے ساتھ شديد کشيدگی کے با وجود کچھ بہتر کارکردگی کا مظاہرہ کيا,books_synthetic,train
data/raw/synthetic/urdu_0411.png,اردو زبان کے مصنفین کی فہرست,synthetic,train
data/raw/synthetic/urdu_0125.png,اس کے باوجود اردو پاکستان کی عوامی و قومی زبان ہے,synthetic,train
data/raw/augmented/urdu_0015_aug3_brightness.png,عموما دریاؤں، پہاڑوں، سمندروں اور مقامات کے نام یاد کرلینا ہی کافی سمجھا جاتا تھا,augmented_brightness,train
data/raw/books/book_079.png,جبکہ سینٹ میں تمام صوبوں کو برابر کے نشستیں دیے گئے ہیں چاہے صوبہ چھوٹا ہو یا بڑا,books_synthetic,train
data/raw/augmented/urdu_0232_aug3_brightness.png,مؤتمر عالم اسلامی کے رکن ممالک,augmented_brightness,train
data/raw/augmented/urdu_0064_aug1_rotation.png,اس دور میں پاکستان کے حکمران جنرل ضیا الحق تھے,augmented_rotation,train
data/raw/other/utrset_372.jpg,کے جھونکوں سے لیمپ کو بچانے کے لئے اس نے ایک طرف آئینہ اور,utrset_real,train
data/raw/other/utrset_160.jpg,ہیں۔تفصیلاتِ تقریب پر جومباحث اس کتاب میں درج ہیں دلچسپ ہونیکے ساتھ ہی مفیداورسبق آموزہیں,utrset_real,train
data/raw/augmented/urdu_0290_aug3_rotation.png,خاص کر جنوبی ایشیائی زبانوں میں اردو اپنی شاعری کے حوالے سے جانی جاتی ہے,augmented_rotation,train
data/raw/augmented/urdu_0015_aug1_blur.png,عموما دریاؤں، پہاڑوں، سمندروں اور مقامات کے نام یاد کرلینا ہی کافی سمجھا جاتا تھا,augmented_blur,train
data/raw/other/utrset_190.jpg,(۱) مولانا مولوی عبدالحلیم سحاب  شرر,utrset_real,train
data/raw/augmented/urdu_0586_aug3_brightness.png,ہندوستان کی سیاحت کرنے والے چینیوں میں فاہیان، یی جنگ، سونگ یون اور ہیون سانگ قابل ذکر ہیں,augmented_brightness,train
data/raw/synthetic/urdu_0575.png,کل دس شونگ بادشاہ گذرے ہیں لیکن اگنی متر کی وفات کے بعد سلطنت کا شیرازہ تیزی سے بکھرنے لگا,synthetic,train
data/raw/augmented/urdu_0056_aug3_blur.png,اس کے باوجود سیاسی بحران کا نتیجہ یہ ہوا کہ 1958ء میں پاکستان میں مارشل لا لگ گیا,augmented_blur,train
data/raw/other/utrset_224.jpg,نظر ڈالی-----,utrset_real,train
data/raw/synthetic/urdu_0313.png,نوآبادیاتی دور میں اردو,synthetic,train
data/raw/books/book_078.png,قومی اسمبلی کی بنیاد آبادی کے لحاظ سے ہے یعنی جہاں آبادی زیادہ ہوگی وہاں زیادہ نشستیں رکھی جائے گی اور قومی اسمبلی کے ارکان کو براہ راست عوام اپنے ووٹ سے منتخب کرتے ہیں,books_synthetic,train
data/raw/augmented/urdu_0150_aug3_rotation.png,اس کے بعد گندھارا طرز کا بدھ طرز تعمیر آیا جس میں قدیم یونان کے اجزاء بھی شامل تہے,augmented_rotation,train
data/raw/augmented/urdu_0257_aug2_blur.png,اس راہ میں کذب و اخترا کو دخل کا اکثر موقع ملا ہے,augmented_blur,train
data/raw/signboards/sign_119.png,امريکہ کی تاريخ,signboards_synthetic,train
data/raw/augmented/urdu_0555_aug2_brightness.png,ان میں عورتیں بھی تھیں اور شاہزادے بھی تھے,augmented_brightness,train
data/raw/other/utrset_101.jpg,خداکرے مولاناواحدی صاحب کی مساعی حسنہ کامیاب ترین ثابت ہوں:,utrset_real,train
data/raw/synthetic/urdu_0574.png,بعد ازاں اس کا بیٹا اگنی متر اس کا جانشین ہوا,synthetic,train
data/raw/augmented/urdu_0360_aug2_rotation.png,پرانی اردو لغات میں سنسکرت کے زیادہ تر الفاظ اب ہندی میں موجود ہیں,augmented_rotation,train
data/raw/synthetic/urdu_0242.png,ای ایچ کار کی رائے میں تحقیق شدہ واقعات کے ایک سلسلے پر مشتمل ہے,synthetic,train
data/raw/synthetic/urdu_0287.png,کچھ ماہرینِ لسانیات اُردو اور ہندی کو ایک ہی زبان کی دو معیاری صورتیں گردانتے ہیں,synthetic,train
data/raw/augmented/urdu_0565_aug2_rotation.png,یہ عہد موریہ سلطنت کے زوال سے شروع ہو کر گپت سلطنت کے زوال تک جاری رہا,augmented_rotation,train
data/raw/synthetic/urdu_0301.png,انہوں نے خود اپنی شاعری میں زبان کی تعریف کے لئے ہندوی لفظ بھی استعمال کیا,synthetic,train
data/raw/augmented/urdu_0153_aug3_rotation.png,یہ عمارتیں نئی ریاست کی خود اعتمادی کو ظاہر کرتی ہیں,augmented_rotation,train
data/raw/other/utrset_365.jpg,موہن اب سوبھی جارات بہت ہوگئی ہے صبح تجھے ٹیوشن پرھانے,utrset_real,train
data/raw/books/book_143.png,شلوار قمیص کے علاوہ اور بھی بہت سے لباس پاکستان میں میں پہنے جاتے ہیں جن میں سوٹ اور نیکٹائی بھی عام ہے جن کا استعمال اسکول، کالج، جامعات، دفاتر، وغیرہ میں ہوتا ہے,books_synthetic,train
data/raw/augmented/urdu_0250_aug1_rotation.png,امتتداد زمانہ کے ساتھ ان اسلاف کی حقیقی شخصیتیں روایتوں کے انبار تلے دب گئیں,augmented_rotation,train
data/raw/synthetic/urdu_0147.png,اردو فلم انڈسٹری لالی وڈ کی صدر مقامات لاہور، کراچی اور پشاور میں واقع ہے,synthetic,train
data/raw/synthetic/urdu_0360.png,پرانی اردو لغات میں سنسکرت کے زیادہ تر الفاظ اب ہندی میں موجود ہیں,synthetic,train
data/raw/other/utrset_157.jpg,رسیدکتب:۔ متعددکتب جوبغرض ریویوموصول ہوئی ہیں اُن پر آئندہ بالترتیب تبصرہ کیاجائیگاجن,utrset_real,train
data/raw/books/book_042.png,1951ء میں پستول کی گولی کا شانہ بنا کر[لیاقت علی خان]] کو شہید کر دیا گیا,books_synthetic,train
data/raw/augmented/urdu_0580_aug3_brightness.png,ساتواہن ان اولین ہندوستانی ریاستوں میں سے ہے جنھوں نے اپنے سکوں پر سلاطین کی شبیہ بنائی,augmented_brightness,train
data/raw/synthetic/urdu_0507.png,چھٹی صدی ق م سے تیسری صدی ق م تک مہا جن پد کے عروج کا دور ہے,synthetic,train
data/raw/augmented/urdu_0192_aug3_blur.png,قومی ترانہ - قومی ترانے کے لیے دیکھیں مضمون قومی ترانہ,augmented_blur,train
data/raw/synthetic/urdu_0494.png,ویدک عہد کے اواخر میں ویدک تہذیب کے نئے مرکز کے طور پر ودیہ مملکت ابھر کر سامنے آئی,synthetic,train
data/raw/augmented/urdu_0390_aug1_blur.png,جنوبی ایشیا میں اردو ایک اہم زبان ہے,augmented_blur,train
data/raw/augmented/urdu_0497_aug2_brightness.png,نیز اسی عہد میں اولین اپنیشدیں بھی لکھی گئیں,augmented_brightness,train
data/raw/augmented/urdu_0534_aug2_brightness.png,چندر گپت کے بعد اس کا بیٹا بندو سار 297 ق م کے آس پاس تخت سلطنت پر بیٹھا,augmented_brightness,train
data/raw/synthetic/urdu_0183.png,قومی پھل - پاکستان کا قومی پھل آم ہے,synthetic,train
data/raw/augmented/urdu_0126_aug3_brightness.png,ثقافت اور معاشرہ,augmented_brightness,train
data/raw/synthetic/urdu_0468.png,3300 ق م کے آس پاس برصغیر میں برنجی دور کا آغاز ہوا,synthetic,train
data/raw/signboards/sign_069.png,عسکریہ پاکستان,signboards_synthetic,train
data/raw/augmented/urdu_0408_aug3_brightness.png,اردو ہندی تنازع,augmented_brightness,train
data/raw/augmented/urdu_0272_aug1_rotation.png,لسانيات ايک ايسا مضمون ہے جس ميں انسانی زبانوں کا مطالعہ کيا جاتا ہے,augmented_rotation,train
data/raw/augmented/urdu_0340_aug3_rotation.png,اُردو پاکستان کی قومی زبان ہے اور یہ پورے ملک میں بولی اور سمجھی جاتی ہے,augmented_rotation,train
data/raw/augmented/urdu_0107_aug2_rotation.png,پاکستان کا جغرافيہ، ماحولیات اور آب و ہوا,augmented_rotation,train
data/raw/signboards/sign_130.png,فنون کی تاريخ,signboards_synthetic,train
data/raw/synthetic/urdu_0008.png,جغرافیہ کو زمین کی سائنس بھی کہا جاتا ہے,synthetic,train
data/raw/other/utrset_056.jpg,میں مسلمانوں کے ان شرعی معاملات کے نظم،نسق، ترتیب، ان احکام کے احیاء اور,utrset_real,train
data/raw/augmented/urdu_0438_aug2_brightness.png,آندھرا پردیش کی زبانیں,augmented_brightness,train
data/raw/augmented/urdu_0425_aug3_brightness.png,بہار (بھارت) کی زبانیں,augmented_brightness,train
data/raw/augmented/urdu_0037_aug3_rotation.png,پاکستان کی تاریخ فوجی آمریت، سیاسی عدم استحکام اور پڑوسی ملک سےجھگڑوں پر مشتمل ہے,augmented_rotation,train
data/raw/synthetic/urdu_0572.png,ان کا عہد سلطنت تقریباً 187 ق م سے 78 ق م تک رہا,synthetic,train
data/raw/synthetic/urdu_0179.png,گہرا سبز رنگ جس پر ہلال اور پانچ کونوں والا ستارہ بنا ہوا ہے,synthetic,train
data/raw/books/book_112.png,صوبہ خیبر پختونخوا کے جنوبی علاقے، صوبہ سندھ کے وسطی علاقے اور پنجاب کے شمالی، وسطی اور جنوبی علاقے میدانی ہیں,books_synthetic,train
data/raw/other/utrset_297.jpg,”خدا کی پناہ!“ وہ زیر لب بولا۔,utrset_real,train
data/raw/synthetic/urdu_0043.png,اس مطالبے کے تحت تحریک پاکستان وجود میں آئی,synthetic,train
data/raw/augmented/urdu_0447_aug3_brightness.png,اس نظام کے تحت ہند,augmented_brightness,train
data/raw/signboards/sign_162.png,کھری بولی: (کھڑی بولی),signboards_synthetic,train
data/raw/signboards/sign_125.png,آسٹريليا کا تاريخ,signboards_synthetic,train
data/raw/augmented/urdu_0141_aug1_brightness.png,لباس، فن اور فیشن,augmented_brightness,train
data/raw/augmented/urdu_0591_aug1_rotation.png,مورخ ونسنٹ اسمتھ کنشک کے متعلق لکھتا ہے:,augmented_rotation,train
data/raw/augmented/urdu_0506_aug3_blur.png,مہا بھارت دنیا کی طویل ترین نظم سمجھی جاتی ہے,augmented_blur,train
data/raw/augmented/urdu_0456_aug1_rotation.png,یہ سنگی آلات نسل انسانی کے بالکل ابتدائی ایام کے ہیں,augmented_rotation,train
data/raw/synthetic/urdu_0378.png,یہ کتاب برہمنوں کے اُن خاندانوں میں جہاں اردو عام زبان تھی، کافی مشہور کتاب مانی گئی,synthetic,train
data/raw/augmented/urdu_0520_aug3_blur.png,مگدھ کے دائرۂ اقتدار میں بعض جمہوری برادریاں مثلاً راج کمار برادری وغیرہ بھی شامل تھیں,augmented_blur,train
data/raw/augmented/urdu_0477_aug1_blur.png,اسی دور ميں ويد لکھے گئے جن میں آریائی قبائل کے خداؤں کی حمدیہ نظمیں اکٹھا کی گئی ہیں,augmented_blur,train
data/raw/augmented/urdu_0514_aug1_blur.png,گوتم بدھ کے حالات زندگی انھی چار ریاستوں کے گرد گھومتے ہیں,augmented_blur,train
data/raw/synthetic/urdu_0473.png,اس دریافت کے بعد محققین کی توجہ مذکورہ مقام کی جانب مبذول ہوئی,synthetic,train
data/raw/synthetic/urdu_0078.png,17 اگست 2018ء کو عمران خان 176 ووٹ حاصل کر کے بائیسویں وزیر اعظم پاکستان بن گئے,synthetic,train
data/raw/synthetic/urdu_0154.png,موہن جو دڑو کے اثریاتی کھنڈر,synthetic,train
data/raw/books/book_009.png,مثلاً 200ق م کے قریب، ارسطاطالیس نے مصر کے مشرق و مغرب میں مدوجزر کی لہروں میں تناسب معلوم کرنے پر یہ اعلان کیا کہ بحر اوقیانوس اور بحر ہند آپس میں منسلک ہیں,books_synthetic,train
data/raw/synthetic/urdu_0151.png,اس کے بقایا جات گندھارا کے صدر مقام ٹیکسلا میں دکھائی دیتے ہیں,synthetic,train
data/raw/augmented/urdu_0076_aug3_rotation.png,مئی 2013ء میں عام انتحابات ہوئے جس میں پاکستان مسلم لیگ ن ایک بڑی جماعت کے طور پر ابھری,augmented_rotation,train
data/raw/newspaper/Screenshot 2026-07-01 181521.png,لياقت على كا كهر بادشاب مسجد س قريب بادامى باغ ك علاق مير تهاء سووه به 9بار جا بهنج - تب وه اين ايف ايس س امتحان ك نتائج ك منتظرته -,manual_screenshot,train
data/raw/synthetic/urdu_0107.png,پاکستان کا جغرافيہ، ماحولیات اور آب و ہوا,synthetic,train
data/raw/other/utrset_269.jpg,آلوددلکشی و محویت کے ساتھ مکرجیؔ کے چہرے پر جمی ہوئی تھیں --- اسی وقت میں,utrset_real,train
data/raw/augmented/urdu_0573_aug3_blur.png,پشیہ متر شونگ نے 36 برس حکومت کی,augmented_blur,train
data/raw/augmented/urdu_0455_aug3_rotation.png,ماقبل تاریخ کا عہد (تقریباً 3300 ق م تک),augmented_rotation,train
data/raw/synthetic/urdu_0292.png,18ویں صدی کے آخر میں، اسے   کے نام سے جانا جاتا تھا,synthetic,train
data/raw/books/book_114.png,زیادہ تر بلوچستان پہاڑی سلسلوں پر مشتمل ہے لیکن بلوچستان کا سبی علاقہ میدانی اور صحرائی ہے,books_synthetic,train
data/raw/augmented/urdu_0016_aug1_blur.png,دوسرے علوم کی نسبت جغرافیہ میں بہت سست رفتاری سے ترقی ہوئی,augmented_blur,train
data/raw/synthetic/urdu_0466.png,برنجی دور – پہلی شہر کاری (تقریباً 3300 ق م تا 1800 ق م),synthetic,train
data/raw/synthetic/urdu_0225.png,پشتو زبان بولنے والے ممالک اور علاقہ جات,synthetic,train
data/raw/other/utrset_294.jpg,کوئی راستہ نہ تھا سوائے اس دروازے کے جو ہال میں کھلتاتھا۔ پرائیویٹ باتھ روم چاروں,utrset_real,train
data/raw/synthetic/urdu_0255.png,افکار ابن خلدون، 79),synthetic,train
data/raw/synthetic/urdu_0047.png,ریاست بہاولپور کے نواب صادق محمد خان پنجم نے اس وقت پاکستان کی مالی مدد کی,synthetic,train
data/raw/synthetic/urdu_0498.png,گنگا اور بالخصوص وسطی گنگا کے میدانوں میں نئے شہر آباد ہوئے,synthetic,train
data/raw/augmented/urdu_0039_aug2_rotation.png,پ پنجاب، ا خیبر پختونخوا (افغانیہ)، ک کشمیر، س سندھ، تان بلوچستان,augmented_rotation,train
data/raw/synthetic/urdu_0380.png,ایک فکشن ہے تو دوسرا غیر فکشن,synthetic,train
data/raw/synthetic/urdu_0576.png,شونگ سلطنت اپنے دور حکمرانی میں بیرونی اور اندرونی دونوں طاقتوں سے نبرد آزما رہی,synthetic,train
data/raw/augmented/urdu_0402_aug2_brightness.png,نعت: حضرت محمد  کی شان میں کہا گیا قصیدہ,augmented_brightness,train
data/raw/augmented/urdu_0454_aug1_blur.png,کچھ عرصہ کے بعد اس جد و جہد میں آل انڈیا مسلم لیگ بھی شامل ہو گئی,augmented_blur,train
data/raw/books/book_025.png,یہ ملک لسانی اور قومی طور پر مختلف اقوام کا علاقہ ہے اور اس کا جغرافیہ بھی ہر طرح کے خطے پر مشتمل ہے,books_synthetic,train
data/raw/augmented/urdu_0111_aug2_brightness.png,پاکستان کے مشرقی، وسطی اور جنوبی علاقے میدانی ہیں جبکہ مغربی اور شمالی علاقے پہاڑی ہیں,augmented_brightness,train
data/raw/books/book_106.png,"گلگت بلتستان (سابق شمالی علاقہ جات) کا کل رقبہ 72,496 مربع کلومیٹر ہے جبکہ 2008ء میں آبادی 18 لاکھ تھی",books_synthetic,train
data/raw/other/utrset_061.jpg,ہیں، (۱) اگر ممکن ہو تومسلمان خود اپنی طرف سے متفق اور متحد ہوکر ایک.... والی کا,utrset_real,train
data/raw/augmented/urdu_0083_aug3_brightness.png,مسودہ تیار ہونے کے بعد اسے قومی اسمبلی سے پاس کرایا گیا,augmented_brightness,train
data/raw/augmented/urdu_0462_aug3_brightness.png,اس نوع کی رنگا رنگی افریقا کے بعد جنوبی ایشیا ہی میں پائی جاتی ہے,augmented_brightness,train
data/raw/augmented/urdu_0091_aug3_blur.png,یہ سب وقت اور حالات کے تحت بدلتا رہتا ہے,augmented_blur,train
data/raw/augmented/urdu_0159_aug1_blur.png,عالمی معاشی بحران سے پہلے پاکستان میں سالانہ تقریباً پانچ (5) لاکھ سیاح آتے تھے,augmented_blur,train
data/raw/other/utrset_087.jpg,ملّاصاحب کی شادی کے حالات کی دلکش تفصیلات جوخودجناب موصوف نے انداز مخصوص میں تحریر,utrset_real,train
data/raw/augmented/urdu_0144_aug2_brightness.png,2002ء کے بعد الیکٹرونک میڈیا نے ترقی کی اور پے در پے نئے نجی چینل آتے رہے,augmented_brightness,train
data/raw/augmented/urdu_0418_aug3_blur.png,ہندوستان میں اردو,augmented_blur,train
data/raw/other/utrset_359.jpg,اور ان کا خیال کرتے تھے ۔آدمی بھی خلیق ملنسار اور سمجھدار تھے۔ گھر سے,utrset_real,train
data/raw/augmented/urdu_0498_aug2_brightness.png,گنگا اور بالخصوص وسطی گنگا کے میدانوں میں نئے شہر آباد ہوئے,augmented_brightness,train
data/raw/augmented/urdu_0210_aug2_brightness.png,پاکستان کے اضلاع,augmented_brightness,train
data/raw/other/utrset_217.jpg,کے مصارف اوراز ویا دنسل کے علاوہ باقی تمام ذمہ داریاں ، نوجوان میں بیوی,utrset_real,train
data/raw/augmented/urdu_0561_aug1_brightness.png,سیتَلئی ساتّنار نے منی میکالئی تصنیف کی جو دراصل سیلاپتی کارم ہی کا تسلسل ہے,augmented_brightness,train
data/raw/synthetic/urdu_0492.png,اسی کے پہلو بہ پہلو اتھرو وید کی ترتیب و تدوین بھی جاری تھی,synthetic,train
data/raw/synthetic/urdu_0082.png,اسی بنا پر 1973ء کا آئین بنایا گیا,synthetic,train
data/raw/signboards/sign_049.png,فن تعمیرات,signboards_synthetic,train
data/raw/augmented/urdu_0137_aug3_brightness.png,ان لوگوں نے ماضی ميں پاکستان ميں بہت سرمايہ کاری بھی کی ہے,augmented_brightness,train
data/raw/synthetic/urdu_0570.png,ابتدائی کلاسیکی دور (تقریباً 200 ق م تا تقریباً 320 عیسوی),synthetic,train
data/raw/augmented/urdu_0017_aug1_blur.png,زمانہ قدیم میں جغرافیہ کا تصور,augmented_blur,train
data/raw/synthetic/urdu_0326.png,ہندوستان اور پاکستان میں اردو بولنے والوں کی تعداد 100 ملین سے زیادہ ہے,synthetic,train
data/raw/augmented/urdu_0517_aug2_brightness.png,جین اور بودھ گرنتھوں میں مگدھ کی اس قدیم سلطنت کا بارہا ذکر آیا ہے,augmented_brightness,train
data/raw/augmented/urdu_0186_aug3_blur.png,جانور – مارخور قومی جانور ہے,augmented_blur,train
data/raw/synthetic/urdu_0495.png,یہ مملکت مشرق کے اس خطہ میں قائم تھی جو اب نیپال اور بہار کا حصہ ہے,synthetic,train
data/raw/synthetic/urdu_0174.png,اس نے 35 سونے کے طمغے اور 15 عالمی چاندی اور پیتل کے طمغے پاکستان کے لیے حاصل کئے,synthetic,train
data/raw/synthetic/urdu_0175.png,اچھا اور مناسب علاج درمیانے سے لیکر اعلیٰ طبقے کے ليے مخصوص ہے,synthetic,train
data/raw/augmented/urdu_0420_aug3_rotation.png,(جلد اول) بنيادی اردو,augmented_rotation,train
data/raw/augmented/urdu_0117_aug3_blur.png,پاکستان کی سرحدیں,augmented_blur,train
data/raw/augmented/urdu_0425_aug1_rotation.png,بہار (بھارت) کی زبانیں,augmented_rotation,train
data/raw/books/book_089.png,تقسیم کے وقت بھارت میں 16 آرڈیننس فیکٹریاں تھیں جبکہ پاکستان میں ایک بھی نہیں تھی,books_synthetic,train
data/raw/synthetic/urdu_0421.png,رومن حروف تہجی کا قاعدہ,synthetic,train
data/raw/other/utrset_144.jpg,باعث اُس نے اپنے بیٹے کانام”ڈانٹے جبرئیل روزیٹی“رکہاتھا۔,utrset_real,train
data/raw/augmented/urdu_0586_aug1_brightness.png,ہندوستان کی سیاحت کرنے والے چینیوں میں فاہیان، یی جنگ، سونگ یون اور ہیون سانگ قابل ذکر ہیں,augmented_brightness,train
data/raw/augmented/urdu_0278_aug2_rotation.png,2001ء کی مردم شماری کے مطابق اردو کو بطور مادری زبان بھارت میں 5,augmented_rotation,train
data/raw/books/book_088.png,اس وقت اعلان ہوا کہ کوئی بھی فوجی جس بھی فوج میں جانا چاہتا ہے تو اسے مکمل اجازت ہے,books_synthetic,train
data/raw/signboards/sign_037.png,پاکستانی حکمران,signboards_synthetic,train
data/raw/augmented/urdu_0002_aug3_blur.png,جغرافیہ ‎(انگریزی: Geography)‎ یونانی زبان کا لفظ ہے,augmented_blur,train
data/raw/augmented/urdu_0289_aug3_brightness.png,اسی طرح اگر اردو اور ہندی زبان کو ایک سمجھا جائے تو یہ دنیا کی چوتھی بڑی زبان ہے,augmented_brightness,train
data/raw/synthetic/urdu_0370.png,ایک ہاتھ سے لکھا ہوا اردو اخبار، دی مسلمان ، اب بھی چنئی میں روزانہ شائع ہوتا ہے,synthetic,train
data/raw/signboards/sign_123.png,تاريخ ہند,signboards_synthetic,train
data/raw/augmented/urdu_0419_aug1_blur.png,ايتھنولوگ کی اردو پر رپورٹ,augmented_blur,train
data/raw/books/book_021.png,یہ علاقہ مختلف سلطنتوں جیسے چندر گپت موریا، ہخامنشی سلطنت عربوں کی خلافت امویہ، مغل سلطنت، مغلیہ سلطنت، درانی سلطنت، سکھ سلطنت اور برطانوی راج کا اہم حصہ رہا ہے,books_synthetic,train
data/raw/other/utrset_068.jpg,:۔  نیرنگ کی پسندیدہ خدمات کے اعتراف میں جن حضرات نے توجہ والتفات فرماکر مخصوص معاونت,utrset_real,train
data/raw/newspaper/Screenshot 2026-07-01 181513.png,'مر اس روزعيد نهي ته- ان بزارو لوؤو ك مسجد جان_ك وجه ايك ايس خاتون ك وبار آن ك خبرته جن كا دعوى تهاك وه ايك ايس معجزات بجك مال بنن والل ٢ي جو ان ك رحم مي اذان ديتا ل_ اور قرآن ك تلاوت كرتا ل_,manual_screenshot,train
data/raw/augmented/urdu_0427_aug1_rotation.png,تاریخ زبان اردو,augmented_rotation,train
data/raw/augmented/urdu_0252_aug2_brightness.png,(مولانا محمد حنیف ندوی,augmented_brightness,train
data/raw/augmented/urdu_0230_aug2_brightness.png,سارک کے رکن ممالک,augmented_brightness,train
data/raw/augmented/urdu_0129_aug1_blur.png,اس کے ساتھ ساتھ مختلف صوبوں ميں لباس، کھانے، زبان اور تمدن کا فرق پايا جاتا ہے,augmented_blur,train
data/raw/books/book_053.png,اسی دور میں 1985ء کے غیر جماعتی انتخابات ہوئے اور جونیجو حکومت بنی جسے 1988ء میں ضیاءالحق نے برطرف کر دیا- 1988ء میں صدر مملکت کا طیارہ گر گیا اور ضیاءالحق کے ساتھ ساتھ پاکستان کی اعلیٰ عسکری قیادت کی اکثریت زندگی سے ہاتھ دھو بیٹھی,books_synthetic,train
data/raw/other/utrset_379.jpg,بورڈ میں پوریشن آئی اور اس کے بعد کے امتحانات بھی اس نے بہت,utrset_real,train
data/raw/other/utrset_397.jpg,پھر کون جائے گا   ___ مجھےمردوں کے ساتھ لائن میں لگنا بالکل,utrset_real,train
data/raw/augmented/urdu_0378_aug1_rotation.png,یہ کتاب برہمنوں کے اُن خاندانوں میں جہاں اردو عام زبان تھی، کافی مشہور کتاب مانی گئی,augmented_rotation,train
data/raw/other/utrset_180.jpg,لاٹ لٹریچرایک لطف   الان کے ساتھ گرانبار اور وقبق ہوگیا ہے ۔ اسی کا ایک نمونہ یہ بھی,utrset_real,train
data/raw/synthetic/urdu_0332.png,اردو کو 1947ء میں پاکستان کی نئی ریاست کے لیے اتحاد کے طور پر منتخب کیا گیا تھا,synthetic,train
data/raw/other/utrset_140.jpg,والہئ وشیداہوکر رہیگا۔ڈانٹے کی واجدانی شاعی کے اثرات اسکے دل پر نقش ہوکر رہ گئے۔,utrset_real,train
data/raw/augmented/urdu_0338_aug1_rotation.png,24% اردو بولنے والے) میں تقریباً کثرت ہے,augmented_rotation,train
data/raw/augmented/urdu_0281_aug3_brightness.png,اس لحاظ سے یہ دنیا کی نویں بڑی زبان ہے,augmented_brightness,train
data/raw/other/utrset_391.jpg,ہیں اور پیجامہ میں پیوند لگا ہے۔ گٹھری کی چادر میں سوراخ ہے جس سے,utrset_real,train
data/raw/augmented/urdu_0179_aug2_rotation.png,گہرا سبز رنگ جس پر ہلال اور پانچ کونوں والا ستارہ بنا ہوا ہے,augmented_rotation,train
data/raw/augmented/urdu_0349_aug3_brightness.png,ان ریاستوں میں اردو کے کئی روزنامے اور کئی ماہانہ رسائل شائع ہوتے ہیں,augmented_brightness,train
data/raw/books/book_020.png,اس علاقے پر پراچین راجپوت ایرانی یونانیعرب، بدھ مت، سکھ، مغل، ہن سفید اور ترک حملہ آوروں کی حکومت بھی رہی ہے,books_synthetic,train
data/raw/augmented/urdu_0120_aug1_brightness.png,اِس وقت پاکستان کی معيشت مستحکم ہے اور تيزی سے بڑھنا شروع ہو گئی ہے,augmented_brightness,train
data/raw/augmented/urdu_0583_aug1_rotation.png,کیرالا کی مسالوں کی تجارت قدیم دنیا کے تاجروں کو کھینچ کھینچ کر ہندوستان لا رہی تھی,augmented_rotation,train
data/raw/other/utrset_362.jpg,گھروں کی مالی حیثیت کا فرق تھا۔ ریتا کے باپ نے ڈاک اور تارمحکمہ میں,utrset_real,train
data/raw/augmented/urdu_0050_aug2_brightness.png,پاکستان کے پہلے گورنر جنرل قائد اعظم محمد علی جناح اور پہلے وزیراعظم لیاقت علی خان تھے,augmented_brightness,train
data/raw/augmented/urdu_0557_aug1_blur.png,پَتو پاٹّو اوسط لمبائی کی دس نظموں کا مجموعہ ہے اور سنگم ادب کا حصہ سمجھا جاتا ہے,augmented_blur,train
data/raw/augmented/urdu_0261_aug1_rotation.png,علاقائی قسم بندی,augmented_rotation,train
data/raw/augmented/urdu_0294_aug2_blur.png,پہلے اسے ہندوی، ہندی اور ہندوستانی کے نام سے جانا جاتا تھا,augmented_blur,train
data/raw/augmented/urdu_0003_aug2_brightness.png,جس کے معنی ہیں زمین کا بیان,augmented_brightness,train
data/raw/augmented/urdu_0197_aug2_blur.png,اتحاد، ایمان، نظم تحریر ہے,augmented_blur,train
data/raw/signboards/sign_147.png,دیگر تاریخی نام,signboards_synthetic,train
data/raw/augmented/urdu_0154_aug1_brightness.png,موہن جو دڑو کے اثریاتی کھنڈر,augmented_brightness,train
data/raw/augmented/urdu_0516_aug2_blur.png,ابتدا میں راجگیر پایۂ تخت رہا لیکن بعد میں پاٹلی پتر (موجودہ پٹنہ) منتقل ہو گیا,augmented_blur,train
data/raw/augmented/urdu_0424_aug3_brightness.png,بھارت کی سرکاری زبانیں,augmented_brightness,train
data/raw/augmented/urdu_0419_aug2_brightness.png,ايتھنولوگ کی اردو پر رپورٹ,augmented_brightness,train
data/raw/augmented/urdu_0336_aug2_brightness.png,ارریہ ضلع، بہار میں، اردو بولنے والوں کی کثرت ہے اور حیدرآباد ضلع، تلنگانہ (43,augmented_brightness,train
data/raw/signboards/sign_150.png,تقسیم کے بعد,signboards_synthetic,train
data/raw/augmented/urdu_0427_aug3_rotation.png,تاریخ زبان اردو,augmented_rotation,train
data/raw/augmented/urdu_0542_aug2_blur.png,اس دوران میں اور اس کے بعد بھی يونانيوں اور کشانوں کا اثر برقرار رہا,augmented_blur,train
data/raw/synthetic/urdu_0591.png,مورخ ونسنٹ اسمتھ کنشک کے متعلق لکھتا ہے:,synthetic,train
data/raw/augmented/urdu_0131_aug2_rotation.png,ليکن ايک اسلامی تہذيب کا حصہ ہونے کی وجہ سے اس ميں کافی تہذيبی ہم آہنگی بھی موجود ہے,augmented_rotation,train
data/raw/synthetic/urdu_0483.png,اتھرو وید کے زمانہ تک پیپل کے درخت اور گائے مقدس سمجھے جانے لگے تھے,synthetic,train
data/raw/augmented/urdu_0236_aug3_brightness.png,تاریخ جامع انسانی کے انفرادی و اجتماعی عمال و افعال اور کردار کا آئینہ دار ہے,augmented_brightness,train
data/raw/augmented/urdu_0359_aug1_blur.png,سماجی لسانی ہونا؛ کچھ ان کی الگ الگ درجہ بندی کرتے ہیں,augmented_blur,train
data/raw/other/utrset_005.jpg,ہے، اس لیے اس کولازمی طورپر جاری کردیاجائے، اس کانام جبر ی اندراج ہے،,utrset_real,train
data/raw/augmented/urdu_0325_aug2_blur.png,آبادیاتی اور جغرافیائی تقسیم,augmented_blur,train
data/raw/signboards/sign_016.png,جس کے معنی ہیں زمین کا بیان,signboards_synthetic,train
data/raw/signboards/sign_127.png,ديگر قسمبندياں,signboards_synthetic,train
data/raw/augmented/urdu_0014_aug2_rotation.png,لیکن اس دور میں اس کی اہمیت بہت کم تھی,augmented_rotation,train
data/raw/other/utrset_230.jpg,آئیں کہ وہ مکرجیؔ کے قریبی اعزاء ہیں تواس صورت میں بھی آپ میرے آدمیوں کوان سے,utrset_real,train
data/raw/other/utrset_277.jpg,نظر آتاتھالیکن اب اس کی نظروں میں ایک ایسی کیفیت تھی جس کوایک ”شیطانی اشتیاق“,utrset_real,train
data/raw/augmented/urdu_0403_aug2_brightness.png,منقبت: بزرگوں کی شان میں کہا گیا قصیدہ,augmented_brightness,train
data/raw/synthetic/urdu_0286.png,جبکہ ہندی زبان دیوناگری رسم الخط میں لکھی جاتی ہے اور سنسکرت الفاظ زیادہ استعمال کرتی ہے,synthetic,train
data/raw/augmented/urdu_0162_aug3_blur.png,پاکستان میں اشیائے خورد و نوش کے نام بہت آسان ہیں,augmented_blur,train
data/raw/other/utrset_367.jpg,بولنے کی آوازیں سنائی پڑرہی ہیں۔ موہن کی ماں تھکی تھکی سی آنکھیں,utrset_real,train
data/raw/augmented/urdu_0532_aug1_blur.png,برصغیر کی تاریخ میں پہلی بار ایسی عظیم الشان اور مستحکم سلطنت قائم ہوئی تھی,augmented_blur,train
data/raw/other/utrset_325.jpg,یہی حال میرا ہے وہ بھی مسکرائیں ۔ اور جوڑا باندھ کر میز کے پاس سرک,utrset_real,train
data/raw/augmented/urdu_0319_aug2_brightness.png,ہندی کے بڑھتے ہوئے سنسکرتائزیشن سے کچھ حد تک اردو کی ہائپر فارسائزیشن کی حوصلہ افزائی ہوئی,augmented_brightness,train
data/raw/augmented/urdu_0411_aug1_rotation.png,اردو زبان کے مصنفین کی فہرست,augmented_rotation,train
data/raw/other/utrset_188.jpg,نوجوان کے قلم سے کمل ہو کر اس پبلک کے سامنے پیش ہوتا ہے ، جس کا بہت ہی محدود,utrset_real,train
data/raw/augmented/urdu_0301_aug3_brightness.png,انہوں نے خود اپنی شاعری میں زبان کی تعریف کے لئے ہندوی لفظ بھی استعمال کیا,augmented_brightness,train
data/raw/augmented/urdu_0150_aug1_blur.png,اس کے بعد گندھارا طرز کا بدھ طرز تعمیر آیا جس میں قدیم یونان کے اجزاء بھی شامل تہے,augmented_blur,train
data/raw/synthetic/urdu_0076.png,مئی 2013ء میں عام انتحابات ہوئے جس میں پاکستان مسلم لیگ ن ایک بڑی جماعت کے طور پر ابھری,synthetic,train
data/raw/synthetic/urdu_0123.png,پاکستان کے خواص بھی بنيادی طور پر انگريزی کا استعمال کرتے ہيں,synthetic,train
data/raw/synthetic/urdu_0503.png,ان تحریکوں نے برہمنیت کے تسلط کو للکارا اور قدیم رسم و رواج کے زور کو توڑنے کی کوشش کی,synthetic,train
data/raw/augmented/urdu_0465_aug2_brightness.png,""" مائیکل فشر لکھتے ہیں:",augmented_brightness,train
data/raw/synthetic/urdu_0276.png,اُردُو برصغیر کی معیاری زبانوں میں سے ایک ہے,synthetic,train
data/raw/augmented/urdu_0544_aug2_brightness.png,جنگ کلنگ کے بعد تقریباً نصف صدی تک سلطنت میں ہر طرف امن و امان کا راج رہا,augmented_brightness,train
data/raw/other/utrset_263.jpg,یہ مسرت دیوانگی آمیزنہ تھی۔ یہ شیطانی مسرت تھی۔ یہ نگاہیں اس شیطان کی مسرور نگاہیں,utrset_real,train
data/raw/other/utrset_197.jpg,بھی آج کل کی ناٹک کمپنی اسے اسٹیج پراجیکٹ کرسکے ایسے اجزا کو دخل دیا جو اسکی,utrset_real,train
data/raw/other/utrset_281.jpg,میں سے ہی کسی نے مکرجیؔ پر حملہ کیاہے تواس نے مجھے کمزور کرنے کے لئے ایساکیاہے۔,utrset_real,train
data/raw/augmented/urdu_0060_aug3_brightness.png,ذوالفقار علی بھٹو پاکستان کے صدر اور بعد ازاں وزیر اعظم رہے,augmented_brightness,train
data/raw/augmented/urdu_0547_aug3_brightness.png,اثریات کی رو سے یہ سیاہ قلعی دار شمالی برتنوں کی تہذیب کا زمانہ تھا,augmented_brightness,train
data/raw/synthetic/urdu_0467.png,وادی سندھ کی تہذیب,synthetic,train
data/raw/synthetic/urdu_0513.png,یہ چار ریاستیں تھیں: وَتس، اَوَنتی، کوشل اور مگدھ,synthetic,train
data/raw/augmented/urdu_0047_aug3_brightness.png,ریاست بہاولپور کے نواب صادق محمد خان پنجم نے اس وقت پاکستان کی مالی مدد کی,augmented_brightness,train
data/raw/augmented/urdu_0147_aug2_blur.png,اردو فلم انڈسٹری لالی وڈ کی صدر مقامات لاہور، کراچی اور پشاور میں واقع ہے,augmented_blur,train
data/raw/synthetic/urdu_0262.png,ادواری قسم بندی,synthetic,train
data/raw/synthetic/urdu_0188.png,قومی مشروب – گنے کا رس,synthetic,train
data/raw/signboards/sign_091.png,ایشیائی ممالک,signboards_synthetic,train
data/raw/synthetic/urdu_0227.png,جنوب ایشیائی ممالک,synthetic,train
data/raw/augmented/urdu_0593_aug3_blur.png,ان میں نئے شگوفے کھلے، نئے غنچے چٹخے، نئے رجحان سامنے آئے اور یہ فنون اپنی جوبن پر آگئے,augmented_blur,train
data/raw/augmented/urdu_0254_aug2_blur.png,مورخ کی ذمہ داری,augmented_blur,train
data/raw/augmented/urdu_0436_aug2_brightness.png,ٹرینیڈاڈ و ٹوباگو کی زبانیں,augmented_brightness,train
data/raw/other/utrset_018.jpg,احکام کی بناء پر نکاح وطلاق کی صحت کے لیے کتاب اور رجسٹر میں اندراج کی ضرورت,utrset_real,train
data/raw/synthetic/urdu_0519.png,جین مت اور بدھ مت کے فروغ میں سلطنت مگدھ کا خاصا اہم کردار رہا,synthetic,train
data/raw/other/utrset_309.jpg,اس کے پاس کالے گلاب نہیں ہیں؟,utrset_real,train
data/raw/augmented/urdu_0452_aug1_rotation.png,پندرھویں صدی عیسوی میں سکھ مت کا ظہور ہوا,augmented_rotation,train
data/raw/augmented/urdu_0600_aug2_rotation.png,یہی وجہ ہے کہ تاریخ کے چہرے پر اس عہد کو گپت سلطنت کا بوسۂ امن قرار دیا جاتا ہے,augmented_rotation,train
data/raw/augmented/urdu_0225_aug3_brightness.png,پشتو زبان بولنے والے ممالک اور علاقہ جات,augmented_brightness,train
data/raw/augmented/urdu_0062_aug1_rotation.png,اسی دور میں پاکستان میں صنعتوں اور اداروں کو قومیا لیا گیا,augmented_rotation,train
data/raw/augmented/urdu_0228_aug2_brightness.png,دولت مشترکہ جمہوریتیں,augmented_brightness,train
data/raw/augmented/urdu_0552_aug1_rotation.png,ان کے مسائل کا بچشم خود مشاہدہ کیا اور ان کے درد و کرب کو محسوس کیا,augmented_rotation,train
data/raw/augmented/urdu_0316_aug3_rotation.png,ہندوستانی میڈیا خاص طور پر ہندی-اردو بالی ووڈ فلمیں اور گانے اردو زبان میں ہوتے ہیں,augmented_rotation,train
data/raw/synthetic/urdu_0279.png,59% فیصد لوگ استعمال کرتے ہیں، یہ پاکستان کی پانچویں بڑی زبان ہے,synthetic,train
data/raw/synthetic/urdu_0544.png,جنگ کلنگ کے بعد تقریباً نصف صدی تک سلطنت میں ہر طرف امن و امان کا راج رہا,synthetic,train
data/raw/synthetic/urdu_0122.png,پاکستان کی قومی زبان اردو ہے، جبکہ زيادہ تر دفتری کام انگريزی ميں کیے جاتے ہيں,synthetic,train
data/raw/other/utrset_139.jpg,جوان ہوکر روزیٹیؔ نے فن مصوّری میں کمال حاصل کیا۔ ڈانٹے سے اکتساب کانتیجہ یہ تھاکہ ”روزیٹی ڈاناٹے“,utrset_real,train
data/raw/augmented/urdu_0142_aug2_brightness.png,دیہی علاقوں میں شہروں کے بہ نسبت سوٹ اور ٹائی کا استعمال کم ہوتا ہے,augmented_brightness,train
data/raw/synthetic/urdu_0429.png,جموں و کشمیر کی زبانیں,synthetic,train
data/raw/synthetic/urdu_0545.png,یہ عوام کی فلاح و بہبود، سماجی ہم آہنگی، مذہبی تبدیلی اور علوم و فنون کی ترقی کا زمانہ تھا,synthetic,train
data/raw/augmented/urdu_0547_aug1_brightness.png,اثریات کی رو سے یہ سیاہ قلعی دار شمالی برتنوں کی تہذیب کا زمانہ تھا,augmented_brightness,train
data/raw/signboards/sign_140.png,انسانیات,signboards_synthetic,train
data/raw/synthetic/urdu_0006.png,وہ پہلا شخص تھا,synthetic,train
data/raw/augmented/urdu_0279_aug1_rotation.png,59% فیصد لوگ استعمال کرتے ہیں، یہ پاکستان کی پانچویں بڑی زبان ہے,augmented_rotation,train
data/raw/augmented/urdu_0430_aug3_rotation.png,جھاڑکھنڈ کی زبانیں,augmented_rotation,train
data/raw/augmented/urdu_0094_aug2_brightness.png,پاکستان کی دفاع کا ذمہ ملک کے مسلح افواج پر ہے جس کی بنیادی طور پر تین شاخیں ہیں:,augmented_brightness,train
data/raw/synthetic/urdu_0138.png,پاکستان کا سب سے پسنديدہ کھيل کرکٹ ہے,synthetic,train
data/raw/synthetic/urdu_0295.png,اردو ہندی زبان کی طرح فارسی، عربی، ترک زبان کی ایک قسم ہے,synthetic,train
data/raw/augmented/urdu_0228_aug3_blur.png,دولت مشترکہ جمہوریتیں,augmented_blur,train
data/raw/augmented/urdu_0598_aug3_brightness.png,انھی وجوہ سے گپت عہد کو ہندوستانی ثقافت کی تاریخ کا اہم ترین موڑ سمجھا جاتا ہے,augmented_brightness,train
data/raw/synthetic/urdu_0300.png,لفظ اردو کو شاعر غلام ہمدانی مصحفی نے 1780ء کے آس پاس سب سے پہلے استعمال کیا تھا,synthetic,train
data/raw/augmented/urdu_0316_aug2_brightness.png,ہندوستانی میڈیا خاص طور پر ہندی-اردو بالی ووڈ فلمیں اور گانے اردو زبان میں ہوتے ہیں,augmented_brightness,train
data/raw/augmented/urdu_0522_aug3_brightness.png,انگ کا علاقہ اب مشرقی بہار اور مغربی بنگال میں پڑتا ہے,augmented_brightness,train
data/raw/augmented/urdu_0093_aug1_rotation.png,ایک ایٹمی طاقت ہونے کے باعث بھی اسے اقوام عالم میں مسلمان ممالک میں اونچا مقام حاص  ہے,augmented_rotation,train
data/raw/other/utrset_127.jpg,گذر کر ’ذات‘ پر بھی حملے شروع کردیئے ہیں۔ اوربتایاجارہاہے کہ یہ تاریخ مسلمان طلباء کیلئے نہایت,utrset_real,train
data/raw/augmented/urdu_0164_aug3_blur.png,ہاکی پاکستان کا قومی کھیل ہے,augmented_blur,train
data/raw/synthetic/urdu_0441.png,اس تہذیب کا شمار عہد قدیم کی اولین تہذیبوں میں ہوتا ہے,synthetic,train
data/raw/other/utrset_153.jpg,(۳) بقائے دوام:۔ مصنفہ مسٹرایم اسلم لاہور طابع ناشر:۔ نسیم بکبڑ پوبار و دخانہ لاہور قیمت ء,utrset_real,train
data/raw/augmented/urdu_0576_aug3_rotation.png,شونگ سلطنت اپنے دور حکمرانی میں بیرونی اور اندرونی دونوں طاقتوں سے نبرد آزما رہی,augmented_rotation,train
data/raw/other/utrset_286.jpg,کچھ نہیں۔دوسری سمت کے مقابل ایک کلیساہے۔,utrset_real,train
data/raw/augmented/urdu_0512_aug1_brightness.png,500 یا 400 ق م یعنی گوتم بدھ کے عہد تک مذکورہ سولہ مہا جن پد چار بڑی ریاستوں میں ضم ہو گئے,augmented_brightness,train
data/raw/augmented/urdu_0568_aug2_brightness.png,چوتھی صدی عیسوی سے چھٹی صدی عیسوی تک گپت سلطنت قائم رہی,augmented_brightness,train
data/raw/synthetic/urdu_0083.png,مسودہ تیار ہونے کے بعد اسے قومی اسمبلی سے پاس کرایا گیا,synthetic,train
data/raw/books/book_071.png,ملک میں چار مرتبہ مارشل لا لگا جس سے دو مرتبہ آئین معطل ہوا، ایک مرتبہ 1956ء کا آئین اور دوسری مرتبہ 1962ء کا آئین,books_synthetic,train
data/raw/augmented/urdu_0392_aug1_brightness.png,اردو کی روایات میں کئی اصناف ہیں جن میں غزل نمایاں ترین حیثیت کی حامل ہے,augmented_brightness,train
data/raw/other/utrset_327.jpg,وہ ہنستی ہوئی ان کے پہلو میں ٹک گئی۔ نہیں پھوپھی اماں ۔ آج تک مجھے چائے,utrset_real,train
data/raw/augmented/urdu_0592_aug1_brightness.png,اس عہد میں گندھارا اور متھرا کے فنون بھی بہار دکھانے لگے تھے,augmented_brightness,train
data/raw/augmented/urdu_0062_aug3_brightness.png,اسی دور میں پاکستان میں صنعتوں اور اداروں کو قومیا لیا گیا,augmented_brightness,train
data/raw/augmented/urdu_0373_aug2_rotation.png,اس کی بنیادی وجہ اردو کے مصنفین اور فنکار ہیں,augmented_rotation,train
data/raw/augmented/urdu_0378_aug2_rotation.png,یہ کتاب برہمنوں کے اُن خاندانوں میں جہاں اردو عام زبان تھی، کافی مشہور کتاب مانی گئی,augmented_rotation,train
data/raw/augmented/urdu_0595_aug1_blur.png,تیسری صدی عیسوی تک پہنچتے پہنچتے کشانوں کی سلطنت بکھرنے لگی,augmented_blur,train
data/raw/augmented/urdu_0524_aug1_blur.png,ہریک خانوادہ کے بعد شی شو ناگ خانوادہ تخت سلطنت پر متمکن ہوا,augmented_blur,train
data/raw/other/utrset_146.jpg,تہا۔مگر والدین ترک سکونت کرکے انگلستان آگئے تھے۔,utrset_real,train
data/raw/augmented/urdu_0425_aug2_blur.png,بہار (بھارت) کی زبانیں,augmented_blur,train
data/raw/augmented/urdu_0553_aug3_rotation.png,ان کا دھرم مختلف اور پیشے جدا جدا تھے,augmented_rotation,train
data/raw/augmented/urdu_0203_aug3_brightness.png,ایک اندازے کے مطابق پاکستان میں تقریباً 65 سے زیادہ زبانیں بولی جاتی ہیں,augmented_brightness,train
data/raw/augmented/urdu_0342_aug1_brightness.png,یہ ملک کی سماجی و ثقافتی میراث کا خزانہ ہے,augmented_brightness,train
data/raw/augmented/urdu_0492_aug1_blur.png,اسی کے پہلو بہ پہلو اتھرو وید کی ترتیب و تدوین بھی جاری تھی,augmented_blur,train
data/raw/synthetic/urdu_0250.png,امتتداد زمانہ کے ساتھ ان اسلاف کی حقیقی شخصیتیں روایتوں کے انبار تلے دب گئیں,synthetic,train
data/raw/augmented/urdu_0211_aug1_rotation.png,پاکستان کے اخبار,augmented_rotation,train
data/raw/augmented/urdu_0192_aug1_blur.png,قومی ترانہ - قومی ترانے کے لیے دیکھیں مضمون قومی ترانہ,augmented_blur,train
data/raw/augmented/urdu_0511_aug3_blur.png,سیاہ قلعی دار شمالی برتنوں کی ثقافت کا زمانہ بھی یہی ہے,augmented_blur,train
data/raw/augmented/urdu_0371_aug2_blur.png,صوبہ بہار میں عدالتی زبان اردو تھی جو کیتھی رسم الخط میں لکھی جاتی تھی,augmented_blur,train
data/raw/books/book_081.png,پاکستان آبادی کے لحاظ سے انڈونیشیا کے بعد دوسرا بڑا اسلامی ملک ہے,books_synthetic,train
data/raw/synthetic/urdu_0098.png,تقسیم کے وقت بھارت میں 16 آرڈیننس فیکٹریاں تھیں جبکہ پاکستان میں ایک بھی نہیں تھی,synthetic,train
data/raw/synthetic/urdu_0306.png,ہندوی کی ایک ابتدائی ادبی روایت کی بنیاد امیر خسرو نے 13ویں صدی کے آخر میں رکھی تھی,synthetic,train
data/raw/augmented/urdu_0404_aug2_brightness.png,مدح: بادشاہوں، نوابوں کی شان میں کہا گیا قصیدہ,augmented_brightness,train
data/raw/synthetic/urdu_0084.png,پاکستانی سیاست کی بنیاد کو آئین پاکستان نے قائم کیا ہے,synthetic,train
data/raw/augmented/urdu_0044_aug2_blur.png,اس تحریک کی قیادت محمد علی جناح نے کی,augmented_blur,train
data/raw/augmented/urdu_0502_aug3_rotation.png,ان کتابوں کو ویدانت (یعنی ویدوں کا ماحصل) بھی کہا جاتا ہے,augmented_rotation,train
data/raw/augmented/urdu_0458_aug2_brightness.png,جنوبی ایشیا کی آبادیات کے ایک ماہر جِم ڈائسن لکھتے ہیں:,augmented_brightness,train
data/raw/augmented/urdu_0299_aug3_blur.png,اور شاعر مير تقی میر نے کہا ہے:,augmented_blur,train
data/raw/synthetic/urdu_0089.png,جبکہ سینٹ میں تمام صوبوں کو برابر کے نشستیں دیے گئے ہیں چاہے صوبہ چھوٹا ہو یا بڑا,synthetic,train
data/raw/other/utrset_358.jpg,بھی تھوڑی بہت زمینداری تھی جس کی وجہ سے کسی قدر آرام سے گزر بسر,utrset_real,train
data/raw/augmented/urdu_0353_aug3_rotation.png,اردو کی وہ بولیاں جن کی شناخت کی گئی ہے، یہ ہیں:,augmented_rotation,train
data/raw/other/utrset_278.jpg,بھی وہ میرے جسم کے اس پار اور خوداپنے جسم کے اندر کی طرف بہ یک وقت دیکھتا,utrset_real,train
data/raw/synthetic/urdu_0602.png,تاہم شمال کی اس شورش سے دکن سمیت جنوبی ہندوستان کے اکثر حصے عام طور پر محفوظ رہے,synthetic,train
data/raw/augmented/urdu_0274_aug2_blur.png,زبانوں ميں وقت کے ساتھ ساتھ ہونے والی تبديليوں کا مطالعہ کيا جاتا ہے,augmented_blur,train
data/raw/augmented/urdu_0382_aug2_brightness.png,افسانہ لکھنے والے کو افسانہ نگار کہتے ہیں,augmented_brightness,train
data/raw/augmented/urdu_0396_aug2_rotation.png,مثنوی: ایک لمبی نظم جس میں کوئی قصہ یا داستان کہی گئی ہو,augmented_rotation,train
data/raw/augmented/urdu_0479_aug2_blur.png,اس تہذیب کو ویدوں میں بڑی تفصیل سے بیان کیا گیا ہے,augmented_blur,train
data/raw/signboards/sign_131.png,ادب کی تاريخ,signboards_synthetic,train
data/raw/signboards/sign_082.png,مینار پاکستان,signboards_synthetic,train
data/raw/augmented/urdu_0383_aug3_brightness.png,اردو ناول بھی کافی مشہور صنف ہے,augmented_brightness,train
data/raw/books/book_134.png,کلاسيکی موسيقی، نيم کلاسيکی موسيقی، لوک موسيقی اور اس کے ساتھ ساتھ جديد پاپولر ميوزک، ان سب کے پاکستان ميں بلند پايہ موسيقار موجود ہيں,books_synthetic,train
data/raw/augmented/urdu_0508_aug3_rotation.png,قدیم بودھ گرنتھوں انگُتّر نکائے وغیرہ میں ان سولہ ریاستوں کا کثرت سے تذکرہ ملتا ہے,augmented_rotation,train
data/raw/augmented/urdu_0135_aug1_rotation.png,اس کے ساتھ ساتھ ايک بڑھتی ہوئی تحريک ہے جو مغربی اثرات کو کم ديکھنا چاہتی ہے,augmented_rotation,train
data/raw/augmented/urdu_0054_aug1_brightness.png,1951ء سے 1958ء تک کئی حکومتیں آئیں اور ختم ہو گئیں,augmented_brightness,train
data/raw/augmented/urdu_0262_aug1_brightness.png,ادواری قسم بندی,augmented_brightness,train
data/raw/augmented/urdu_0279_aug3_rotation.png,59% فیصد لوگ استعمال کرتے ہیں، یہ پاکستان کی پانچویں بڑی زبان ہے,augmented_rotation,train
data/raw/augmented/urdu_0246_aug1_brightness.png,یہی وجہ ہے تاریخ اتنی قدیم ہے کہ جتنی تحریر,augmented_brightness,train
data/raw/synthetic/urdu_0080.png,پاکستان کا اعلیٰ اساسی قانون آئین پاکستان کہلاتا ہے,synthetic,train
data/raw/books/book_043.png,اس کے باوجود سیاسی بحران کا نتیجہ یہ ہوا کہ 1958ء میں پاکستان میں مارشل لا لگ گیا,books_synthetic,train
data/raw/augmented/urdu_0289_aug2_brightness.png,اسی طرح اگر اردو اور ہندی زبان کو ایک سمجھا جائے تو یہ دنیا کی چوتھی بڑی زبان ہے,augmented_brightness,train
data/raw/augmented/urdu_0343_aug1_brightness.png,اردو واحد قومی ہے، اور پاکستان کی دو سرکاری زبانوں میں سے ایک (انگریزی کے ساتھ),augmented_brightness,train
data/raw/signboards/sign_117.png,جامعاتی قسم بندی,signboards_synthetic,train
data/raw/augmented/urdu_0189_aug2_blur.png,قومی کھانا - غیر سرکاری طور پر نہاری,augmented_blur,train
data/raw/augmented/urdu_0155_aug3_rotation.png,تخت بائی اور پڑوسی شہر شہر بہلول کے بدھ مت کے کھنڈر,augmented_rotation,train
data/raw/augmented/urdu_0083_aug1_brightness.png,مسودہ تیار ہونے کے بعد اسے قومی اسمبلی سے پاس کرایا گیا,augmented_brightness,train
data/raw/signboards/sign_111.png,مورخ کی لغزش,signboards_synthetic,train
data/raw/synthetic/urdu_0458.png,جنوبی ایشیا کی آبادیات کے ایک ماہر جِم ڈائسن لکھتے ہیں:,synthetic,train
data/raw/synthetic/urdu_0414.png,ترتیب وڈیزائننگ ایم پی خاؿ اردولشکری زبان,synthetic,train
data/raw/synthetic/urdu_0335.png,بھارت کے تقریباً 800 اضلاع میں ایک بہت بڑی تعداد میں اردو بولنے والی اقلیت میں ہیں,synthetic,train
data/raw/augmented/urdu_0335_aug3_blur.png,بھارت کے تقریباً 800 اضلاع میں ایک بہت بڑی تعداد میں اردو بولنے والی اقلیت میں ہیں,augmented_blur,train
data/raw/augmented/urdu_0550_aug1_blur.png,تیسری صدی ق م سے چوتھی صدی عیسوی تک کا زمانہ سنگم عہد کہلاتا ہے,augmented_blur,train
data/raw/signboards/sign_158.png,دیگر ممالک,signboards_synthetic,train
data/raw/augmented/urdu_0518_aug3_rotation.png,نیز راماین، مہا بھارت اور پرانوں میں بھی اس کا مذکور ملتا ہے,augmented_rotation,train
data/raw/augmented/urdu_0357_aug1_rotation.png,ہندی کے ساتھ موازنہ,augmented_rotation,train
data/raw/augmented/urdu_0302_aug3_brightness.png,تیرہویں سے اٹھارویں صدی تک اردو کو عام طور پر ہندی ہی کے نام سے پکارا جاتا رہا,augmented_brightness,train
data/raw/synthetic/urdu_0387.png,یعنی کلام کو ایک ترتیب وار ہیئت کے ساتھ پیش کریں تو وہ صنف نظم کہلاتی ہے,synthetic,train
data/raw/augmented/urdu_0118_aug1_brightness.png,پاکستان دنيا کا ايک ترقی پزیر ملک ہے,augmented_brightness,train
data/raw/augmented/urdu_0304_aug1_blur.png,اردو زبان کو برطانوی دور میں انگریزوں نے ترقی دی، تاکہ فارسی کی اہمیت کو ختم کیا جا سکے,augmented_blur,train
data/raw/books/book_075.png,"آئین کا پہلا آرٹیکل بیان کرتا ہے کہ ""مملکت پاکستان ایک وفاقی جمہوریت ہوگا جس کا نام اسلامی جمہوریہ پاکستان ہوگا اور جسے بعد ازیں پاکستان کہا جائے گا""",books_synthetic,train
data/raw/augmented/urdu_0602_aug3_brightness.png,تاہم شمال کی اس شورش سے دکن سمیت جنوبی ہندوستان کے اکثر حصے عام طور پر محفوظ رہے,augmented_brightness,train
data/raw/other/utrset_400.jpg,ٹائم ہو توکسی وقت جاکر راشن کی دوکان سے شکر لادینا۔,utrset_real,train
data/raw/augmented/urdu_0096_aug1_blur.png,اس وقت اعلان ہوا کہ کوئی بھی فوجی جس بھی فوج میں جانا چاہتا ہے تو اسے مکمل اجازت ہے,augmented_blur,train
data/raw/augmented/urdu_0259_aug1_blur.png,تاريخ کی قسم بندی,augmented_blur,train
data/raw/augmented/urdu_0370_aug3_blur.png,ایک ہاتھ سے لکھا ہوا اردو اخبار، دی مسلمان ، اب بھی چنئی میں روزانہ شائع ہوتا ہے,augmented_blur,train
data/raw/augmented/urdu_0355_aug3_brightness.png,یہ زبان دکن بھارت میں بولی جاتی ہے,augmented_brightness,train
data/raw/augmented/urdu_0310_aug2_blur.png,ایک اردو فارسی لغت خان آرزو نے 1751ء میں احمد شاہ بہادر کے دور میں لکھی تھی,augmented_blur,train
data/raw/augmented/urdu_0052_aug3_rotation.png,1948 میں قائد اعظم ٹی بی سے وفات پا گئے,augmented_rotation,train
data/raw/augmented/urdu_0102_aug2_rotation.png,پاکستان ميں 4 صوبے، 2 وفاقی علاقے اور پاکستانی کشمير کے 2 حصے ہيں,augmented_rotation,train
data/raw/other/utrset_125.jpg,ابھی بالاستیعاب نہیں پڑہاہے۔تاہم اسوقت عام غلط فہمی پہیلی ہوئی دیکہکریہ کہناضروری سمجہتے,utrset_real,train
data/raw/augmented/urdu_0594_aug2_rotation.png,ہیو جارج رالنسن رقم طراز ہے:,augmented_rotation,train
data/raw/augmented/urdu_0257_aug1_brightness.png,اس راہ میں کذب و اخترا کو دخل کا اکثر موقع ملا ہے,augmented_brightness,train
data/raw/augmented/urdu_0096_aug3_brightness.png,اس وقت اعلان ہوا کہ کوئی بھی فوجی جس بھی فوج میں جانا چاہتا ہے تو اسے مکمل اجازت ہے,augmented_brightness,train
data/raw/synthetic/urdu_0543.png,اس کا دارالخلافہ قنوج تھا جس کے کھنڈر آج بھی شمالی بھارت میں پائےجاتے ہیں,synthetic,train
data/raw/augmented/urdu_0309_aug3_brightness.png,1715 میں ریختہ میں ایک مکمل ادبی دیوان نواب صدرالدین خان نے لکھا,augmented_brightness,train
data/raw/augmented/urdu_0085_aug1_rotation.png,آئین کے مطابق پاکستان ایک جمہوری اور قومی ریاست ہے,augmented_rotation,train
data/raw/augmented/urdu_0291_aug2_rotation.png,اردو کا مطلب ترک زبان میں فوج ہے,augmented_rotation,train
data/raw/augmented/urdu_0452_aug2_blur.png,پندرھویں صدی عیسوی میں سکھ مت کا ظہور ہوا,augmented_blur,train
data/raw/synthetic/urdu_0209.png,پاکستان کی سیاسی جماعتیں,synthetic,train
data/raw/augmented/urdu_0308_aug3_brightness.png,کیونکہ اگرچہ مورز  بولی اپنے لیے مخصوص ہے، پھر بھی اس کے اظہار کے لیے خطوط سے محروم ہے,augmented_brightness,train
data/raw/augmented/urdu_0089_aug3_rotation.png,جبکہ سینٹ میں تمام صوبوں کو برابر کے نشستیں دیے گئے ہیں چاہے صوبہ چھوٹا ہو یا بڑا,augmented_rotation,train
data/raw/augmented/urdu_0078_aug2_rotation.png,17 اگست 2018ء کو عمران خان 176 ووٹ حاصل کر کے بائیسویں وزیر اعظم پاکستان بن گئے,augmented_rotation,train
data/raw/signboards/sign_029.png,حوالہ جات,signboards_synthetic,train
data/raw/augmented/urdu_0268_aug3_rotation.png,موجودہ ممالک کی تاريخ,augmented_rotation,train
data/raw/augmented/urdu_0324_aug3_blur.png,5%)، حالانکہ ان دونوں ریاستوں میں مسلمانوں کی تعداد میں اسی عرصے میں اضافہ ہوا ہے,augmented_blur,train
data/raw/other/utrset_020.jpg,اس لیے اس سے ان کے خیالات کااندازہ کیاجاسکتاہے۔,utrset_real,train
data/raw/synthetic/urdu_0540.png,بالآخر اس نے زور و تشدد کی راہ ترک کر دی اور بدھ مت قبول کرنے کا اعلان کیا,synthetic,train
data/raw/books/book_040.png,ریاست بہاولپور کے نواب صادق محمد خان پنجم نے اس وقت پاکستان کی مالی مدد کی,books_synthetic,train
data/raw/other/utrset_258.jpg,کرکچھ ایسا لڑکھڑاگیاتھاکہ دوسروں کے سامنے اس کااعتراف کرنے کودل نہ چاہتا,utrset_real,train
data/raw/signboards/sign_032.png,درسی علوم,signboards_synthetic,train
data/raw/augmented/urdu_0206_aug2_rotation.png,ڈویژنل دار الحکومت,augmented_rotation,train
data/raw/synthetic/urdu_0436.png,ٹرینیڈاڈ و ٹوباگو کی زبانیں,synthetic,train
data/raw/augmented/urdu_0207_aug1_blur.png,فہرست متعلقہ مضامین پاکستان,augmented_blur,train
data/raw/augmented/urdu_0258_aug2_blur.png,افکار ابن خلدون، 75 تا79),augmented_blur,train
data/raw/other/utrset_033.jpg,غیر مسلم حاکم کافیصلہ جائز نہیں ہوسکتاہے اور نہ ایسے مسلمان حاکموں سے اس کے,utrset_real,train
data/raw/augmented/urdu_0513_aug1_rotation.png,یہ چار ریاستیں تھیں: وَتس، اَوَنتی، کوشل اور مگدھ,augmented_rotation,train
data/raw/augmented/urdu_0448_aug2_blur.png,دوسری طرف اسی دور میں متعدد مذہبی تحریکیں برپا ہوئیں جن میں جین مت اور بدھ مت قابل ذکر ہیں,augmented_blur,train
data/raw/synthetic/urdu_0126.png,ثقافت اور معاشرہ,synthetic,train
data/raw/augmented/urdu_0386_aug2_blur.png,نظم کے معنی موتی پرونا ہے,augmented_blur,train
data/raw/augmented/urdu_0445_aug1_rotation.png,یہاں سے ویدک دور کا آغاز ہوتا ہے,augmented_rotation,train
data/raw/books/book_125.png,پاکستان کے خواص بھی بنيادی طور پر انگريزی کا استعمال کرتے ہيں,books_synthetic,train
data/raw/synthetic/urdu_0161.png,پاکستانی کھانے جنوبی ایشیا کے مختلف علاقائی کھانوں کا حسین امتزاج ہیں,synthetic,train
data/raw/augmented/urdu_0499_aug2_blur.png,دوسری شہر کاری کے عہد میں وسطی گنگا کا میدان ایک نمایاں تہذیبی خطہ تھا,augmented_blur,train
data/raw/other/utrset_298.jpg,سفاک نظر مستعدی کے مالک تھے۔ ان میں سے ایک نے ایک تیزنظر مکرجی پر ڈالی۔,utrset_real,train
data/raw/synthetic/urdu_0506.png,مہا بھارت دنیا کی طویل ترین نظم سمجھی جاتی ہے,synthetic,train
data/raw/synthetic/urdu_0488.png,آریائی قبائل غالباً جزوی طور پر ابتدا میں گیرو رنگ کے برتنوں کی ثقافت سے مشابہ نظر آتے ہیں,synthetic,train
data/raw/augmented/urdu_0161_aug2_blur.png,پاکستانی کھانے جنوبی ایشیا کے مختلف علاقائی کھانوں کا حسین امتزاج ہیں,augmented_blur,train
data/raw/books/book_129.png,پاکستان کا علاقہ ماضی ميں دراوڑ، آريا، ہن، ايرانی، يونانی، عرب، ترک اور منگول لوگوں کی رياستوں ميں شامل رہا ہے,books_synthetic,train
data/raw/other/utrset_296.jpg,یہ کمرہ عمارت کے گوشے میں تھا۔ اس میں دوکھڑکیاں تھیں۔ ایک کھڑکی ساحلی شاہرہ,utrset_real,train
data/raw/synthetic/urdu_0281.png,اس لحاظ سے یہ دنیا کی نویں بڑی زبان ہے,synthetic,train
data/raw/augmented/urdu_0384_aug3_rotation.png,سفر نامہ، مضمون، سرگذشت، انشائیہ، مراسلہ، خود نوشت وغیرہ دیگر اصناف میں سے ہیں,augmented_rotation,train
data/raw/augmented/urdu_0131_aug1_brightness.png,ليکن ايک اسلامی تہذيب کا حصہ ہونے کی وجہ سے اس ميں کافی تہذيبی ہم آہنگی بھی موجود ہے,augmented_brightness,train
data/raw/synthetic/urdu_0212.png,پاکستان کے ٹی وی چینل,synthetic,train
data/raw/augmented/urdu_0236_aug2_rotation.png,تاریخ جامع انسانی کے انفرادی و اجتماعی عمال و افعال اور کردار کا آئینہ دار ہے,augmented_rotation,train
data/raw/synthetic/urdu_0027.png,بنیادی موضوع قسم بندی,synthetic,train
data/raw/signboards/sign_057.png,قومی چیزیں,signboards_synthetic,train
data/raw/other/utrset_126.jpg,مضر ہے۔ الزام یہ ہے کہ مسلمان بادشاہوں کااحترام ملحوظ نہیں رکہاگیاوغیرہ۔ ہم نے اس تاریخ کو,utrset_real,train
data/raw/other/utrset_284.jpg,کیطرف شارہ کر رہاتھا۔ اب آپ کمرہ روشن کرسکتے ہیں ڈاکٹرصاحب“,utrset_real,train
data/raw/augmented/urdu_0468_aug2_brightness.png,3300 ق م کے آس پاس برصغیر میں برنجی دور کا آغاز ہوا,augmented_brightness,train
data/raw/augmented/urdu_0330_aug1_blur.png,یہ مدرسوں میں اعلیٰ ثانوی جماعتوں تک لازمی مضمون کی طور پر پڑھائی جاتی ہے,augmented_blur,train
data/raw/other/utrset_152.jpg,"(۴)غزال:۔ "" "" "" "" "" "" "" "" "" "" قیمت۱۰",utrset_real,train
data/raw/other/utrset_040.jpg,نظام میں لاکر پورے صوبہ میں مسلمانوں کے نکاح وطلاق کے لیے ایک علیحدہ محکمہئ قضا,utrset_real,train
data/raw/augmented/urdu_0074_aug2_rotation.png,16 نومبر 2007ء کو سینٹ کے چیرمین جناب میاں محمد سومرو نے عبوری وزیر اعظم کا حلف اٹھایا,augmented_rotation,train
data/raw/augmented/urdu_0439_aug3_rotation.png,مدھیہ پردیش کی زبانیں,augmented_rotation,train
data/raw/synthetic/urdu_0338.png,24% اردو بولنے والے) میں تقریباً کثرت ہے,synthetic,train
data/raw/synthetic/urdu_0536.png,شاید اس کی وجہ یہ تھی کہ جنوب سے کلنگ کے تجارتی روابط مضبوط تھے,synthetic,train
data/raw/augmented/urdu_0371_aug3_rotation.png,صوبہ بہار میں عدالتی زبان اردو تھی جو کیتھی رسم الخط میں لکھی جاتی تھی,augmented_rotation,train
data/raw/augmented/urdu_0583_aug3_brightness.png,کیرالا کی مسالوں کی تجارت قدیم دنیا کے تاجروں کو کھینچ کھینچ کر ہندوستان لا رہی تھی,augmented_brightness,train
data/raw/augmented/urdu_0478_aug3_blur.png,اس عہد کو ویدک دور کہا جاتا ہے,augmented_blur,train
data/raw/augmented/urdu_0184_aug1_brightness.png,دیگر 45 پھلوں کے نام بھی جان سکتے ہیں,augmented_brightness,train
data/raw/augmented/urdu_0514_aug3_rotation.png,گوتم بدھ کے حالات زندگی انھی چار ریاستوں کے گرد گھومتے ہیں,augmented_rotation,train
data/raw/augmented/urdu_0105_aug2_rotation.png,"صوبہ پنجاب کا کل رقبہ 205,344 مربع کلومیٹر ہے جبکہ 2013ء میں آبادی 10 کروڑ 10لاکھ تھی",augmented_rotation,train
data/raw/augmented/urdu_0161_aug3_brightness.png,پاکستانی کھانے جنوبی ایشیا کے مختلف علاقائی کھانوں کا حسین امتزاج ہیں,augmented_brightness,train
data/raw/augmented/urdu_0329_aug1_rotation.png,پاکستان میں اردو,augmented_rotation,train
data/raw/synthetic/urdu_0158.png,پاکستان 7000 میٹر سے زیادہ بلند کئی چوٹیوں کا مسکن ہے,synthetic,train
data/raw/augmented/urdu_0196_aug2_blur.png,علامت کے چاروں طرف بانی پاکستان حضرت قائد اعظم محمد علی جناح کا قول,augmented_blur,train
data/raw/synthetic/urdu_0018.png,اس علم کا آغاز بطور سائنس مصر و یونان میں ہوا,synthetic,train
data/raw/augmented/urdu_0510_aug2_blur.png,وجی مہا جن پد کے تخت اقتدار پر لچھوی سب سے معروف قبیلہ گذرا ہے,augmented_blur,train
data/raw/other/utrset_136.jpg,امرنہیں کیونکہ عموماً رسائل میں تصاویر کی اشاعت کامعیار بہی ہے۔لیکن نیرنگ کی روایات کے ضرور منافی,utrset_real,train
data/raw/augmented/urdu_0436_aug3_rotation.png,ٹرینیڈاڈ و ٹوباگو کی زبانیں,augmented_rotation,train
data/raw/augmented/urdu_0091_aug1_rotation.png,یہ سب وقت اور حالات کے تحت بدلتا رہتا ہے,augmented_rotation,train
data/raw/augmented/urdu_0267_aug3_brightness.png,آسٹريليا کا تاريخ,augmented_brightness,train
data/raw/other/utrset_357.jpg,ہوتی تھی۔ریتا کے دو بھائی دنواراور دیویندر اور ایک بہن سیتا تھی۔,utrset_real,train
data/raw/other/utrset_019.jpg,اس وقت مسئلہ یہ تھا کہ نکاح وطلاق کا اندراج سرکاری طورپر ایک رجسٹرمیں,utrset_real,train
data/raw/augmented/urdu_0248_aug2_blur.png,گو تاریخ اور اساطیر مین فرق ہے,augmented_blur,train
data/raw/augmented/urdu_0182_aug2_brightness.png,دیگر 45 پھولوں کے نام بھی جان سکتے ہیں,augmented_brightness,train
data/raw/synthetic/urdu_0374.png,اردو زبان میں اسلامی ادب اور شریعت کی کئی تصانیف ہیں,synthetic,train
data/raw/books/book_052.png,اس دور کے آخر میں حزب اقتدار اور حزب اختلاف کے درمیان میں کشیدگی بڑھ گئی اور اس کے نتیجے میں 1977ء میں دوبارہ مارشل لا لگ گیا,books_synthetic,train
data/raw/augmented/urdu_0021_aug3_rotation.png,اس کے 1700 سال بعد کولمبس نے اس ملک امریکا کو دریافت کیا,augmented_rotation,train
data/raw/augmented/urdu_0323_aug3_brightness.png,8% سے 5%) اور بہار (c,augmented_brightness,train
data/raw/augmented/urdu_0075_aug1_brightness.png,22 جون 2012ء کو یوسف رضا گیلانی کی نااہلی کے بعد راجہ پرویز اشرف نئے وزیر اعظم بنے,augmented_brightness,train
data/raw/augmented/urdu_0414_aug3_brightness.png,ترتیب وڈیزائننگ ایم پی خاؿ اردولشکری زبان,augmented_brightness,train
data/raw/augmented/urdu_0481_aug3_rotation.png,نیز یہ ہندوستان کے ان قدیم ترین متون میں سے ہیں جو دست بردِ زمانہ سے محفوظ رہے,augmented_rotation,train
data/raw/synthetic/urdu_0537.png,بندو سار کے بعد سلطنت کی باگ ڈور اشوک کے ہاتھوں میں آئی,synthetic,train
data/raw/augmented/urdu_0046_aug2_brightness.png,جبکہ دریائے سندھ، چناب اور جہلم پر پاکستان کا حق تسلیم کر لیا گیا,augmented_brightness,train
data/raw/augmented/urdu_0160_aug3_blur.png,یہ پانچ مقامات ٹیکسلا، لاہور، شاہراہ قراقرم، کریم آباد، اور جھیل سیف الملوک تہے,augmented_blur,train
data/raw/augmented/urdu_0537_aug1_blur.png,بندو سار کے بعد سلطنت کی باگ ڈور اشوک کے ہاتھوں میں آئی,augmented_blur,train
data/raw/augmented/urdu_0085_aug2_rotation.png,آئین کے مطابق پاکستان ایک جمہوری اور قومی ریاست ہے,augmented_rotation,train
data/raw/books/book_113.png,صوبہ سندھ کے مشرقی اور صوبہ پنجاب کے جنوب مشرقی علاقے صحرائی ہیں,books_synthetic,train
data/raw/augmented/urdu_0148_aug1_rotation.png,لالی وڈ نے اب تک بہت سے فلمیں ریلیز کی ہیں اور کر رہا ہے,augmented_rotation,train
data/raw/books/book_019.png,موجودہ پاکستان کے علاقے قدیم ترین دنیا میں وہ علاقے تھے جن میں موہنجوداڑو اور انڈس سولائیزیشن مہر گڑھ ٹیکسلا پراچین سنسکرت دور اور دیگر زیرتحقیق آرک لوجیکل سائٹسٹ جیسے قندھارا تہذیب و تمدن تھی,books_synthetic,train
data/raw/books/book_138.png,پاکستانيوں کی بڑی تعداد امريکہ، برطانيہ، آسٹريليا، کینیڈا اور مشرق وسطی ميں مقيم ہے- ان بيرون ملک پاکستانيوں کا پاکستان پر اور پاکستان کی بين الاقوامی تصوير پر بہت گہرا اثر پڑتا ہے,books_synthetic,train
data/raw/augmented/urdu_0470_aug2_blur.png,کہا جاتا ہے کہ ان کے ہاں کسی طرز کا بلدیاتی نظم بھی پایا جاتا تھا,augmented_blur,train
data/raw/augmented/urdu_0048_aug3_brightness.png,پاکستانی حکمران,augmented_brightness,train
data/raw/augmented/urdu_0100_aug3_blur.png,قانون نافذ کرنے والے ادارے,augmented_blur,train
data/raw/augmented/urdu_0295_aug3_blur.png,اردو ہندی زبان کی طرح فارسی، عربی، ترک زبان کی ایک قسم ہے,augmented_blur,train
data/raw/augmented/urdu_0041_aug2_rotation.png,اس واقعہ نے برصغیر اور جنوبی ایشیا کی تاریخ پر گہرے اثرات مرتب کیے,augmented_rotation,train
data/raw/synthetic/urdu_0321.png,5 فیصد کم ہوئی (اس وقت 5,synthetic,train
data/raw/augmented/urdu_0504_aug2_brightness.png,سنسکرت کے رزمیے,augmented_brightness,train
data/raw/augmented/urdu_0188_aug2_blur.png,قومی مشروب – گنے کا رس,augmented_blur,train
data/raw/augmented/urdu_0280_aug3_blur.png,اردو تاریخی طور پر ہندوستان کی مسلم آبادی سے جڑی ہے,augmented_blur,train
data/raw/augmented/urdu_0515_aug1_blur.png,مگدھ کا دور اول,augmented_blur,train
data/raw/other/utrset_227.jpg,کا ایک اور جوڑاباہر دہلیز پر اس کا منتظرتھا۔ وہ مستعدی و سرعت سے اسکے آگے اور,utrset_real,train
data/raw/synthetic/urdu_0067.png,کچھ عرصہ بعد صدر غلام اسحاق خان نے حکومت کو برطرف کر دیا,synthetic,train
data/raw/augmented/urdu_0512_aug3_rotation.png,500 یا 400 ق م یعنی گوتم بدھ کے عہد تک مذکورہ سولہ مہا جن پد چار بڑی ریاستوں میں ضم ہو گئے,augmented_rotation,train
data/raw/other/utrset_250.jpg,ہوا بریک ہٹ جائے۔,utrset_real,train
data/raw/augmented/urdu_0560_aug2_blur.png,اس ظلم پر کن نکی کا جذبۂ انتقام بیدار ہوتا ہے اور سلطنت سے بدلہ لینے کی ٹھان لیتی ہے,augmented_blur,train
data/raw/augmented/urdu_0361_aug3_blur.png,اردو بولنے والے ممالک,augmented_blur,train
data/raw/augmented/urdu_0115_aug2_rotation.png,زیادہ تر بلوچستان پہاڑی سلسلوں پر مشتمل ہے لیکن بلوچستان کا سبی علاقہ میدانی اور صحرائی ہے,augmented_rotation,train
data/raw/augmented/urdu_0404_aug1_blur.png,مدح: بادشاہوں، نوابوں کی شان میں کہا گیا قصیدہ,augmented_blur,train
data/raw/synthetic/urdu_0167.png,تاہم، کرکٹ پاکستان کا سب سے زیادہ مشہور کھیل ہے,synthetic,train
data/raw/augmented/urdu_0442_aug1_blur.png,یہ قدیم مصر اور میسوپوٹیمیا کی تہذیبوں کی ہم عصر تھی,augmented_blur,train
data/raw/augmented/urdu_0360_aug3_brightness.png,پرانی اردو لغات میں سنسکرت کے زیادہ تر الفاظ اب ہندی میں موجود ہیں,augmented_brightness,train
data/raw/augmented/urdu_0423_aug1_brightness.png,بھارت کی زبانیں,augmented_brightness,train
data/raw/augmented/urdu_0344_aug2_brightness.png,57% پاکستانی اپنی پہلی زبان کے طور پر اردو بولتے ہیں,augmented_brightness,train
data/raw/synthetic/urdu_0433.png,گجرات (بھارت) کی زبانیں,synthetic,train
data/raw/augmented/urdu_0471_aug1_blur.png,گیرو رنگ کے برتنوں کی ثقافت,augmented_blur,train
data/raw/other/utrset_205.jpg,میں نہیں لیتے۔,utrset_real,train
data/raw/augmented/urdu_0389_aug2_rotation.png,لیکن آج کل اس کو اردو شاعری یا شاعری کے نام سے بھی جانا جانے لگا ہے,augmented_rotation,train
data/raw/other/utrset_193.jpg,یا نہ دیا جائے ، اور دیاجائے توکسی حد تک ' والدین اس حق کو کس طرح استعمال کرتے,utrset_real,train
data/raw/other/utrset_253.jpg,پر زیادہ آزادی سے سوچنے کی اہلیت پیداہوجاتی ہے۔ لہٰذا میں نے مکرجیؔ کے خون,utrset_real,train
data/raw/augmented/urdu_0022_aug1_brightness.png,جغرافیہ میں سب سے پہلے یونانیوں نے پیش رفت کرنا شروع کی,augmented_brightness,train
data/raw/other/utrset_221.jpg,رفاقت یا دام الحیات کے تمام لوازمات پرایک دورہیں نظرڈال سکتے ہیں؛ اور اگرڈ ال سکتے,utrset_real,train
data/raw/other/utrset_378.jpg,اچھے نمبروں سے پاس کئے۔ ہائی اسکول کے بعد سے اس کو برابر وظیفہ,utrset_real,train
data/raw/augmented/urdu_0272_aug2_blur.png,لسانيات ايک ايسا مضمون ہے جس ميں انسانی زبانوں کا مطالعہ کيا جاتا ہے,augmented_blur,train
data/raw/augmented/urdu_0125_aug1_blur.png,اس کے باوجود اردو پاکستان کی عوامی و قومی زبان ہے,augmented_blur,train
data/raw/augmented/urdu_0283_aug1_brightness.png,فارسی اس وقت تک مختلف ہند-اسلامی سلطنتوں کی درباری زبان کے طور پر کام کرتی تھی,augmented_brightness,train
data/raw/augmented/urdu_0173_aug1_rotation.png,ورزشی کھیلوں میں عبدالخالق نے سال 1954ء اور سال 1958ء کے ایشیائی کھیلوں میں حصہ لیا,augmented_rotation,train
data/raw/augmented/urdu_0516_aug3_rotation.png,ابتدا میں راجگیر پایۂ تخت رہا لیکن بعد میں پاٹلی پتر (موجودہ پٹنہ) منتقل ہو گیا,augmented_rotation,train
data/raw/augmented/urdu_0176_aug3_rotation.png,قومی دن – یوم پاکستان، 23 مارچ کو منایا جاتا ہے,augmented_rotation,train
data/raw/synthetic/urdu_0493.png,کرو سلطنت کے زوال کے بعد ویدک تہذیب کا مرکز اس کی مشرقی ہمسایہ ریاست پانچال منتقل ہو گیا,synthetic,train
data/raw/synthetic/urdu_0424.png,بھارت کی سرکاری زبانیں,synthetic,train
data/raw/books/book_142.png,تاہم پھر ہر صوبے اور علاقے میں شلوار قمیص پہننے کا طرز تھوڑا مختلف بھی ہوتا ہے ہر کوئی اپنے مقامی انداز میں پہنتا ہے,books_synthetic,train
data/raw/augmented/urdu_0540_aug2_rotation.png,بالآخر اس نے زور و تشدد کی راہ ترک کر دی اور بدھ مت قبول کرنے کا اعلان کیا,augmented_rotation,train
data/raw/synthetic/urdu_0403.png,منقبت: بزرگوں کی شان میں کہا گیا قصیدہ,synthetic,train
data/raw/signboards/sign_142.png,لہجہ (لسانيات),signboards_synthetic,train
data/raw/synthetic/urdu_0455.png,ماقبل تاریخ کا عہد (تقریباً 3300 ق م تک),synthetic,train
data/raw/augmented/urdu_0476_aug1_rotation.png,مقامی لوگوں کے ساتھ ميل جول ہوا اور ايک ن‏‏ئی تہذيب نے جنم ليا,augmented_rotation,train
data/raw/augmented/urdu_0122_aug1_brightness.png,پاکستان کی قومی زبان اردو ہے، جبکہ زيادہ تر دفتری کام انگريزی ميں کیے جاتے ہيں,augmented_brightness,train
data/raw/books/book_028.png,یہ ملک مؤتمر عالم اسلامی، اقوام متحدہ، دولت مشترکہ ممالک، سارک، ترقی پذیر 8، اقتصادی تعاون تنظیم جیسی تنظیموں کا اہم رکن ہے,books_synthetic,train
data/raw/augmented/urdu_0215_aug3_brightness.png,قرارداد پاکستان,augmented_brightness,train
data/raw/augmented/urdu_0233_aug2_blur.png,وفاقی جمہوریتیں,augmented_blur,train
data/raw/augmented/urdu_0037_aug1_blur.png,پاکستان کی تاریخ فوجی آمریت، سیاسی عدم استحکام اور پڑوسی ملک سےجھگڑوں پر مشتمل ہے,augmented_blur,train
data/raw/synthetic/urdu_0520.png,مگدھ کے دائرۂ اقتدار میں بعض جمہوری برادریاں مثلاً راج کمار برادری وغیرہ بھی شامل تھیں,synthetic,train
data/raw/augmented/urdu_0090_aug2_brightness.png,بین الاقوامی تعلقات,augmented_brightness,train
data/raw/augmented/urdu_0283_aug3_rotation.png,فارسی اس وقت تک مختلف ہند-اسلامی سلطنتوں کی درباری زبان کے طور پر کام کرتی تھی,augmented_rotation,train
data/raw/augmented/urdu_0107_aug1_rotation.png,پاکستان کا جغرافيہ، ماحولیات اور آب و ہوا,augmented_rotation,train
data/raw/augmented/urdu_0035_aug2_rotation.png,اس کے پانچ صوبے اور کچھ وفاقی حکومت کے زیر انتظام علاقے ہیں,augmented_rotation,train
data/raw/augmented/urdu_0210_aug1_brightness.png,پاکستان کے اضلاع,augmented_brightness,train
data/raw/augmented/urdu_0114_aug1_brightness.png,صوبہ سندھ کے مشرقی اور صوبہ پنجاب کے جنوب مشرقی علاقے صحرائی ہیں,augmented_brightness,train
data/raw/synthetic/urdu_0391.png,بالخصوص نظم میں اردو کے مقابلہ میں دوسری زبان نہیں,synthetic,train
data/raw/augmented/urdu_0158_aug1_brightness.png,پاکستان 7000 میٹر سے زیادہ بلند کئی چوٹیوں کا مسکن ہے,augmented_brightness,train
data/raw/augmented/urdu_0312_aug1_rotation.png,شاہ عبدالقادر رائے پوری پہلے شخص تھے جنہوں نے قرآن کا اردو میں ترجمہ کیا,augmented_rotation,train
data/raw/augmented/urdu_0139_aug2_brightness.png,پاکستان کی کرکٹ ٹيم دنيا کی اچھی ٹيموں ميں شمار ہوتی ہے,augmented_brightness,train
data/raw/augmented/urdu_0260_aug2_blur.png,تاريخ ايک بہت وسيع موضوع ہے، اس لیے اس کی کئی طرح سے قسم بندی کی گئی ہے,augmented_blur,train
data/raw/synthetic/urdu_0524.png,ہریک خانوادہ کے بعد شی شو ناگ خانوادہ تخت سلطنت پر متمکن ہوا,synthetic,train
data/raw/other/utrset_107.jpg,نظام المشایخ”رسول نمبر“,utrset_real,train
data/raw/augmented/urdu_0507_aug1_brightness.png,چھٹی صدی ق م سے تیسری صدی ق م تک مہا جن پد کے عروج کا دور ہے,augmented_brightness,train
data/raw/other/utrset_075.jpg,موت کی دستبروسے مجبور ہوکر اس سے جداہوتی ہے۔ اورحسین غالب بے جان رہی ہے، ادھر عشق دیوتااپنا تیرزہریلا,utrset_real,train
data/raw/augmented/urdu_0477_aug2_rotation.png,اسی دور ميں ويد لکھے گئے جن میں آریائی قبائل کے خداؤں کی حمدیہ نظمیں اکٹھا کی گئی ہیں,augmented_rotation,train
data/raw/augmented/urdu_0004_aug2_blur.png,"""جغرافیہ وہ علم ہے",augmented_blur,train
data/raw/augmented/urdu_0163_aug2_brightness.png,پنجاب اور سندھ کے کھانے مصالحےدار ہوتے ہیں جو جنوبی ایشیا کے کھانوں کی خاصیت ہے,augmented_brightness,train
data/raw/other/utrset_369.jpg,رات کے تین بج چکے ہیں ۔ گلی میں کتوں کے بھونکنے اور دور سیاروںکے,utrset_real,train
data/raw/books/book_141.png,پاکستان میں سب سے عام لباس شلوار قمیض ہے جس کو قومی لباس کا درجہ حاصل ہے، شلوار قمیص کو پاکستان کے چاروں صوبوں بلوچستان، پنجاب، سندھ اور خیبر پختونخوا سمیت قبائلی علاقہ جات، گلگت بلتستان اور آزاد کشمیر میں پہنا جاتا ہے,books_synthetic,train
data/raw/augmented/urdu_0374_aug2_blur.png,اردو زبان میں اسلامی ادب اور شریعت کی کئی تصانیف ہیں,augmented_blur,train
data/raw/signboards/sign_031.png,بنیادی موضوع کے مقالہ جات,signboards_synthetic,train
data/raw/synthetic/urdu_0373.png,اس کی بنیادی وجہ اردو کے مصنفین اور فنکار ہیں,synthetic,train
data/raw/synthetic/urdu_0397.png,مرثیہ: شہیدوں کے واقعات کو بیان کرنے والی نظم,synthetic,train
data/raw/other/utrset_260.jpg,موجودتھاکہ جانچ کے مزید نتائج سے بھی کچھ ثابت نہ ہوگا۔ اس کے علاوہ میں مکرجیؔ کے,utrset_real,train
data/raw/augmented/urdu_0274_aug1_brightness.png,زبانوں ميں وقت کے ساتھ ساتھ ہونے والی تبديليوں کا مطالعہ کيا جاتا ہے,augmented_brightness,train
data/raw/augmented/urdu_0257_aug3_brightness.png,اس راہ میں کذب و اخترا کو دخل کا اکثر موقع ملا ہے,augmented_brightness,train
data/raw/augmented/urdu_0244_aug2_rotation.png,سیلی کی رائے میں تاریخ گزشتہ سیاست اور گزشتہ سیاست موجودہ تایخ ہے,augmented_rotation,train
data/raw/synthetic/urdu_0272.png,لسانيات ايک ايسا مضمون ہے جس ميں انسانی زبانوں کا مطالعہ کيا جاتا ہے,synthetic,train
data/raw/augmented/urdu_0242_aug3_rotation.png,ای ایچ کار کی رائے میں تحقیق شدہ واقعات کے ایک سلسلے پر مشتمل ہے,augmented_rotation,train
data/raw/synthetic/urdu_0340.png,اُردو پاکستان کی قومی زبان ہے اور یہ پورے ملک میں بولی اور سمجھی جاتی ہے,synthetic,train
data/raw/synthetic/urdu_0393.png,نظمی اردو (اردو شاعری) میں ذیل کے اصناف ہیں:,synthetic,train
data/raw/signboards/sign_100.png,ویڈیو کلپس پر مشتمل مضامین,signboards_synthetic,train
data/raw/augmented/urdu_0123_aug3_rotation.png,پاکستان کے خواص بھی بنيادی طور پر انگريزی کا استعمال کرتے ہيں,augmented_rotation,train
data/raw/augmented/urdu_0220_aug1_brightness.png,اردو بولنے والے ممالک اور علاقہ جات,augmented_brightness,train
data/raw/augmented/urdu_0167_aug1_brightness.png,تاہم، کرکٹ پاکستان کا سب سے زیادہ مشہور کھیل ہے,augmented_brightness,train
data/raw/augmented/urdu_0563_aug1_rotation.png,کلاسیکی اور اوائل قرون وسطی کے ادوار (200 ق م تا 1200ء),augmented_rotation,train
data/raw/augmented/urdu_0563_aug2_blur.png,کلاسیکی اور اوائل قرون وسطی کے ادوار (200 ق م تا 1200ء),augmented_blur,train
data/raw/augmented/urdu_0152_aug2_rotation.png,آزادی کے بعد کا فن تعمیر بھی ایک منفرد مقام رکھتا ہے,augmented_rotation,train
data/raw/signboards/sign_027.png,تہذیبی جغرافیہ,signboards_synthetic,train
data/raw/augmented/urdu_0026_aug1_brightness.png,جغرافیہ کی شاخیں,augmented_brightness,train
data/raw/signboards/sign_040.png,پاک بحریہ,signboards_synthetic,train
data/raw/augmented/urdu_0458_aug3_brightness.png,جنوبی ایشیا کی آبادیات کے ایک ماہر جِم ڈائسن لکھتے ہیں:,augmented_brightness,train
data/raw/augmented/urdu_0033_aug3_brightness.png,پاکستان کے مشرق ميں بھارت، شمال مشرق ميں چین اور مغرب ميں افغانستان اور ايران واقع ہيں,augmented_brightness,train
data/raw/augmented/urdu_0141_aug3_brightness.png,لباس، فن اور فیشن,augmented_brightness,train
data/raw/books/book_004.png,اور اس گھر سے زیادہ فوائد حاصل کرنے کے لیے علم جغرافیہ انسان کی رہنمائی کرتا ہے,books_synthetic,train
data/raw/signboards/sign_034.png,انیسویں صدی میں سائنس,signboards_synthetic,train
data/raw/augmented/urdu_0423_aug3_blur.png,بھارت کی زبانیں,augmented_blur,train
data/raw/augmented/urdu_0556_aug1_rotation.png,تقریباً 300 ق م سے 200 عیسوی تک پَتو پاٹّو، ایٹو توگئی اور پَتی نَینکل کنکّو لکھے جاتے رہے,augmented_rotation,train
data/raw/augmented/urdu_0209_aug1_blur.png,پاکستان کی سیاسی جماعتیں,augmented_blur,train
data/raw/newspaper/Screenshot 2026-07-01 181531.png,ان كا كهنا تها كه مسجد مي بر شخص خاتون كو عجوب ك  طرح ديكه ربا تها- سب ك كوشش تهر كه وه ان كاس بهنجي اور قريب س ديكهيل تاكد وه يه منظر بعد مي فخريه طوربربيان كر سكيل -,manual_screenshot,train
data/raw/augmented/urdu_0306_aug1_blur.png,ہندوی کی ایک ابتدائی ادبی روایت کی بنیاد امیر خسرو نے 13ویں صدی کے آخر میں رکھی تھی,augmented_blur,train
data/raw/augmented/urdu_0295_aug1_blur.png,اردو ہندی زبان کی طرح فارسی، عربی، ترک زبان کی ایک قسم ہے,augmented_blur,train
data/raw/other/utrset_313.jpg,میں کہتی ہوں پتہ نہیں ان کے نیچے کتنے بچھو اور کھن کھجورے ہوں گے۔,utrset_real,train
data/raw/signboards/sign_085.png,آل انڈیا مسلم لیگ,signboards_synthetic,train
data/raw/augmented/urdu_0022_aug2_brightness.png,جغرافیہ میں سب سے پہلے یونانیوں نے پیش رفت کرنا شروع کی,augmented_brightness,train
data/raw/augmented/urdu_0475_aug1_rotation.png,ويدک دور (تقریباً 1500 ق م تا 600 ق م),augmented_rotation,train
data/raw/synthetic/urdu_0203.png,ایک اندازے کے مطابق پاکستان میں تقریباً 65 سے زیادہ زبانیں بولی جاتی ہیں,synthetic,train
data/raw/signboards/sign_089.png,اسلامی جمہوریتیں,signboards_synthetic,train
data/raw/other/utrset_347.jpg,اسے بہت پسند تھیں جن میں ہیرو ہیرئن پر پروانہ وار فدا ہوتا ہے اور اس,utrset_real,train
data/raw/other/utrset_059.jpg,ہوسکے توغیر مسلم حکومت سے مطالبہ کیاجائے کہ وہی ان پر ایک مسلمان والی مقرر,utrset_real,train
data/raw/other/utrset_235.jpg,”ایک بات اور عرض کرنی ہے۔ اگر کوئی شخص ٹیلیفون پر مکرجیؔ کی حالت دریافت,utrset_real,train
data/raw/other/utrset_088.jpg,شادی۔  طابع وناشر۔ عالمگیر بکڈپولاہور۔قیمت,utrset_real,train
data/raw/synthetic/urdu_0257.png,اس راہ میں کذب و اخترا کو دخل کا اکثر موقع ملا ہے,synthetic,train
data/raw/augmented/urdu_0071_aug3_blur.png,صدر فاروق احمد خان لغاری کے حکم پر یہ حکومت بھی بر طرف ہو گئی,augmented_blur,train
data/raw/augmented/urdu_0021_aug1_brightness.png,اس کے 1700 سال بعد کولمبس نے اس ملک امریکا کو دریافت کیا,augmented_brightness,train
data/raw/augmented/urdu_0166_aug3_rotation.png,پاکستان نے ہاکی کا عالمی کپ 1971ء، 1978ء، 1982ء اور 1994ء میں جیتا ہے,augmented_rotation,train
data/raw/synthetic/urdu_0514.png,گوتم بدھ کے حالات زندگی انھی چار ریاستوں کے گرد گھومتے ہیں,synthetic,train
data/raw/augmented/urdu_0214_aug2_brightness.png,اہم پاکستانی ایام,augmented_brightness,train
data/raw/synthetic/urdu_0509.png,وادی سندھ کی تہذیب کے خاتمہ کے بعد اسی عہد میں پہلی بار ہندوستان میں بڑے بڑے شہر بسائے گئے,synthetic,train
data/raw/augmented/urdu_0496_aug3_brightness.png,دوسری شہر کاری (600 ق م تا 200 ق م),augmented_brightness,train
data/raw/augmented/urdu_0250_aug3_brightness.png,امتتداد زمانہ کے ساتھ ان اسلاف کی حقیقی شخصیتیں روایتوں کے انبار تلے دب گئیں,augmented_brightness,train
data/raw/augmented/urdu_0370_aug2_brightness.png,ایک ہاتھ سے لکھا ہوا اردو اخبار، دی مسلمان ، اب بھی چنئی میں روزانہ شائع ہوتا ہے,augmented_brightness,train
data/raw/augmented/urdu_0156_aug2_brightness.png,شاہی قلعہ لاہور اور شالیمار باغ لاہور,augmented_brightness,train
data/raw/augmented/urdu_0470_aug3_rotation.png,کہا جاتا ہے کہ ان کے ہاں کسی طرز کا بلدیاتی نظم بھی پایا جاتا تھا,augmented_rotation,train
data/raw/synthetic/urdu_0156.png,شاہی قلعہ لاہور اور شالیمار باغ لاہور,synthetic,train
data/raw/synthetic/urdu_0425.png,بہار (بھارت) کی زبانیں,synthetic,train
data/raw/augmented/urdu_0581_aug3_brightness.png,بالخصوص مغربی شترپوں سے ان کی کشمکش طویل عرصہ تک جاری رہی,augmented_brightness,train
data/raw/synthetic/urdu_0594.png,ہیو جارج رالنسن رقم طراز ہے:,synthetic,train
data/raw/augmented/urdu_0327_aug3_rotation.png,2011ء کی مردم شماری کے مطابق ہندوستان میں اردو بولنے والوں کی تعداد 50,augmented_rotation,train
data/raw/newspaper/Screenshot 2026-07-01 181314.png,ان دونور خواتين ن نشاندلل رر ملزم كوبكرا كيا اور بعدازال بوليس ك حوال كيا كيا اور اس بعد سامن آن تفصيلات ن بهت لله سوالات كوجنم ديا,manual_screenshot,train
data/raw/augmented/urdu_0444_aug3_blur.png,آریائی قبائل وسط ایشیا سے نکل کر خطۂ پنجاب میں وارد ہوئے,augmented_blur,train
data/raw/augmented/urdu_0339_aug2_blur.png,"بھارت میں 3,000 سے زیادہ اردو اشاعتیں ہیں جن میں 405 روزانہ اردو اخبارات بھی شامل ہیں",augmented_blur,train
data/raw/augmented/urdu_0452_aug3_rotation.png,پندرھویں صدی عیسوی میں سکھ مت کا ظہور ہوا,augmented_rotation,train
data/raw/synthetic/urdu_0336.png,ارریہ ضلع، بہار میں، اردو بولنے والوں کی کثرت ہے اور حیدرآباد ضلع، تلنگانہ (43,synthetic,train
data/raw/augmented/urdu_0509_aug3_brightness.png,وادی سندھ کی تہذیب کے خاتمہ کے بعد اسی عہد میں پہلی بار ہندوستان میں بڑے بڑے شہر بسائے گئے,augmented_brightness,train
data/raw/synthetic/urdu_0299.png,اور شاعر مير تقی میر نے کہا ہے:,synthetic,train
data/raw/books/book_097.png,ایئرپورٹ پولیس کا کام ایئرپورٹ کے امور سرانجام دینا ہے اسی طرح موٹروے پولیس اور قومی شاہراہ پولیس کا کام سڑکوں کی حفاظت ہے,books_synthetic,train
data/raw/augmented/urdu_0332_aug3_brightness.png,اردو کو 1947ء میں پاکستان کی نئی ریاست کے لیے اتحاد کے طور پر منتخب کیا گیا تھا,augmented_brightness,train
data/raw/synthetic/urdu_0569.png,گپت سلطنت کا یہ دور ہندومت کی تاریخ کا عہد زریں سمجھا جاتا ہے,synthetic,train
data/raw/augmented/urdu_0537_aug2_blur.png,بندو سار کے بعد سلطنت کی باگ ڈور اشوک کے ہاتھوں میں آئی,augmented_blur,train
data/raw/augmented/urdu_0588_aug3_rotation.png,کُجُل کڈفِسیس کشان سلطنت کا پہلا فرماں روا تھا,augmented_rotation,train
data/raw/other/utrset_200.jpg,نگاری کی حیثیت سے ایک تصنیف لطیف ہے۔,utrset_real,train
data/raw/signboards/sign_068.png,پاکستان کے صدر,signboards_synthetic,train
data/raw/augmented/urdu_0028_aug3_brightness.png,بنیادی موضوع کے مقالہ جات,augmented_brightness,train
data/raw/other/utrset_177.jpg,ارو بارونق عالیشان قصروایوان کو چھوڑ کے نہرم کھنڈروں اور عبرتناک ویرانوں  کی سیر,utrset_real,train
data/raw/augmented/urdu_0444_aug1_blur.png,آریائی قبائل وسط ایشیا سے نکل کر خطۂ پنجاب میں وارد ہوئے,augmented_blur,train
data/raw/augmented/urdu_0386_aug3_rotation.png,نظم کے معنی موتی پرونا ہے,augmented_rotation,train
data/raw/augmented/urdu_0563_aug3_rotation.png,کلاسیکی اور اوائل قرون وسطی کے ادوار (200 ق م تا 1200ء),augmented_rotation,train
data/raw/augmented/urdu_0403_aug3_blur.png,منقبت: بزرگوں کی شان میں کہا گیا قصیدہ,augmented_blur,train
data/raw/augmented/urdu_0555_aug1_rotation.png,ان میں عورتیں بھی تھیں اور شاہزادے بھی تھے,augmented_rotation,train
data/raw/augmented/urdu_0432_aug1_blur.png,کرناٹک کی زبانیں,augmented_blur,train
data/raw/augmented/urdu_0572_aug2_brightness.png,ان کا عہد سلطنت تقریباً 187 ق م سے 78 ق م تک رہا,augmented_brightness,train
data/raw/augmented/urdu_0036_aug1_rotation.png,اس کی معیشت دنیا میں 23 ویں نمبر پر ہے,augmented_rotation,train
data/raw/synthetic/urdu_0454.png,کچھ عرصہ کے بعد اس جد و جہد میں آل انڈیا مسلم لیگ بھی شامل ہو گئی,synthetic,train
data/raw/augmented/urdu_0417_aug1_blur.png,اردو حروفِ تہجی کی کہانی,augmented_blur,train
data/raw/other/utrset_332.jpg,راحت سے اس کے متعلق استفسار کرتے اسے اچھا نہ لگا!,utrset_real,train
data/raw/augmented/urdu_0238_aug1_rotation.png,البتہ مختلف ادوار ميں مختلف ذرائع معلومات کو اہميت دی گئی,augmented_rotation,train
data/raw/augmented/urdu_0104_aug1_rotation.png,"صوبہ بلوچستان کا کل رقبہ 347,190 مربع کلومیٹر ہے جبکہ 2011ء میں آبادی 79 لاکھ 14 ہزار تھی",augmented_rotation,train
data/raw/books/book_100.png,پاکستان ميں 4 صوبے، 2 وفاقی علاقے اور پاکستانی کشمير کے 2 حصے ہيں,books_synthetic,train
data/raw/augmented/urdu_0079_aug1_brightness.png,آئین، حکومت اور سياست,augmented_brightness,train
data/raw/other/utrset_134.jpg,خواہ ہیں اور ارکین پریس و”نیرنگ“ احتیاط کے لئے متنبہ ہوچکے ہیں,utrset_real,train
data/raw/augmented/urdu_0053_aug1_blur.png,1951ء میں پستول کی گولی کا شانہ بنا کر[لیاقت علی خان]] کو شہید کر دیا گیا,augmented_blur,train
data/raw/augmented/urdu_0449_aug1_brightness.png,"انھی وجوہ سے یہ دور ""ہندوستان کا عہد زریں"" کہلاتا ہے",augmented_brightness,train
data/raw/augmented/urdu_0119_aug3_rotation.png,پہلے پاکستان کی معيشت کا زيادہ انحصار زراعت پر تھا,augmented_rotation,train
data/raw/other/utrset_093.jpg,طابع وناشر:۔ عالمگیب بکڈپو۔لاہورسائز,utrset_real,train
data/raw/synthetic/urdu_0320.png,ہندو اردو استعمال کرتے ہیں,synthetic,train
data/raw/augmented/urdu_0381_aug1_rotation.png,فکشن اصناف: افسانہ نگاری کافی مشہور صنف تسلیم کی گئی,augmented_rotation,train
data/raw/other/utrset_242.jpg,نے اپنی آنکھوں کوملااورپھر دیکھا۔اس کے بعدمیں نے ڈاکٹر اشوک کواپنے پاس بلاکر,utrset_real,train
data/raw/augmented/urdu_0012_aug2_brightness.png,اور اس گھر سے زیادہ فوائد حاصل کرنے کے لیے علم جغرافیہ انسان کی رہنمائی کرتا ہے,augmented_brightness,train
data/raw/other/utrset_336.jpg,مصروفیت کے دوران جینی کو یونہی سا خیال آیا کہ پتہ نہیں پھوپھی اماں کا بچہ,utrset_real,train
data/raw/augmented/urdu_0495_aug2_brightness.png,یہ مملکت مشرق کے اس خطہ میں قائم تھی جو اب نیپال اور بہار کا حصہ ہے,augmented_brightness,train
data/raw/augmented/urdu_0016_aug3_brightness.png,دوسرے علوم کی نسبت جغرافیہ میں بہت سست رفتاری سے ترقی ہوئی,augmented_brightness,train
data/raw/augmented/urdu_0107_aug3_blur.png,پاکستان کا جغرافيہ، ماحولیات اور آب و ہوا,augmented_blur,train
data/raw/synthetic/urdu_0530.png,چنانچہ سکندر کو پنجاب اور سندھ کے میدانوں سے واپس لوٹنا پڑا,synthetic,train
data/raw/augmented/urdu_0513_aug2_rotation.png,یہ چار ریاستیں تھیں: وَتس، اَوَنتی، کوشل اور مگدھ,augmented_rotation,train
data/raw/books/book_018.png,پاکستان کو شمال میں ایک تنگ واخان راہداری تاجکستان سے جدا کرتی ہے جبکہ اس ملک کی سمندری سرحدی حدود اومان کے سمندری حدود سے بھی ملتی ہیں,books_synthetic,train
data/raw/signboards/sign_122.png,مشرق وسطی کی تاريخ,signboards_synthetic,train
data/raw/augmented/urdu_0270_aug2_blur.png,تاریخ کے معاون علوم,augmented_blur,train
data/raw/augmented/urdu_0345_aug1_brightness.png,جموں و کشمیر کی پانچ سرکاری زبانوں میں سے ایک کے طور پر بھی ہے,augmented_brightness,train
data/raw/synthetic/urdu_0317.png,انگریزی نے ایک مشترکہ سرکاری زبان کے طور پر دونوں پر بہت زیادہ اثر ڈالا ہے,synthetic,train
data/raw/augmented/urdu_0082_aug1_rotation.png,اسی بنا پر 1973ء کا آئین بنایا گیا,augmented_rotation,train
data/raw/synthetic/urdu_0430.png,جھاڑکھنڈ کی زبانیں,synthetic,train
data/raw/books/book_118.png,اِس وقت پاکستان کی معيشت مستحکم ہے اور تيزی سے بڑھنا شروع ہو گئی ہے,books_synthetic,train
data/raw/other/utrset_011.jpg,اسلامی حکم کے خلاف ہوگا، ہاں نکاح وطلاق کے اندراج کوصحت نکاح وطلاق,utrset_real,train
data/raw/augmented/urdu_0128_aug1_brightness.png,ان تمام تہذيبوں نے پاکستان کی موجودہ تہذيب پر بہت گہرا اثر چھوڑا ہے,augmented_brightness,train
data/raw/augmented/urdu_0055_aug1_rotation.png,1956ء میں پاکستان میں پہلا آئین نافذ ہوا,augmented_rotation,train
data/raw/synthetic/urdu_0016.png,دوسرے علوم کی نسبت جغرافیہ میں بہت سست رفتاری سے ترقی ہوئی,synthetic,train
data/raw/signboards/sign_008.png,باہر نکلنے کا راستہ,signboards_synthetic,train
data/raw/augmented/urdu_0417_aug3_blur.png,اردو حروفِ تہجی کی کہانی,augmented_blur,train
data/raw/synthetic/urdu_0215.png,قرارداد پاکستان,synthetic,train
data/raw/synthetic/urdu_0298.png,شاعری میں لکھا ہے: -,synthetic,train
data/raw/augmented/urdu_0128_aug3_rotation.png,ان تمام تہذيبوں نے پاکستان کی موجودہ تہذيب پر بہت گہرا اثر چھوڑا ہے,augmented_rotation,train
data/raw/synthetic/urdu_0070.png,اس وقت پاکستان کے صدر فاروق احمد خان لغاری تھے,synthetic,train
data/raw/synthetic/urdu_0230.png,سارک کے رکن ممالک,synthetic,train
data/raw/newspaper/Screenshot 2026-07-01 181605.png,كراص  لل كوئنه ك سيرك لي  نكلن وال_ على مرتضن جميل ن شايد كبه تصور به نهير كيا بوكا كه اليد اوردو بينيو ك ساته خوشيو س بهربوريه سفران ك زند2 ك اختتام رر ختم بو2ا .,manual_screenshot,train
data/raw/signboards/sign_118.png,دور قديم کی تاريخ,signboards_synthetic,train
data/raw/other/utrset_241.jpg,نظرڈالتاہوں اور زندگی میں پہلی مرتبہ مجھے----- جلال جیسے آہنی انسان کو-----,utrset_real,train
data/raw/signboards/sign_106.png,مورخ کے فرائض,signboards_synthetic,train
data/raw/signboards/sign_023.png,زمانہ قدیم میں جغرافیہ کا تصور,signboards_synthetic,train
data/raw/augmented/urdu_0193_aug1_blur.png,ریاستی نشان درج ذیل نشانات پر مشتمل ہے,augmented_blur,train
data/raw/synthetic/urdu_0031.png,"881,913 مربع کلومیٹر (340,509 مربع میل) کے ساتھ یہ دنیا کا تینتیسواں بڑے رقبے والا ملک ہے",synthetic,train
data/raw/other/utrset_082.jpg,حسین نقش ونگار کونمایاں کیا۔,utrset_real,train
data/raw/synthetic/urdu_0141.png,لباس، فن اور فیشن,synthetic,train
data/raw/newspaper/Screenshot 2026-07-01 181632.png,جمع اور سنيجرك درميان شب ضلع مستون  ك علاق دشت مي مبيند طوربر راسته بهنك جان_ ك بعدان كا سامنا نامعلوم مسلح افراد س بوا- فائرن ك _ اس واقع مير على مرتضن جميل جان ك بازى باركئ جبكد انك ابليد زخمى بوئي- ليكن انك دوكمسن بيئيال اس حمل مي محفوظ ربي -,manual_screenshot,train
data/raw/augmented/urdu_0547_aug2_blur.png,اثریات کی رو سے یہ سیاہ قلعی دار شمالی برتنوں کی تہذیب کا زمانہ تھا,augmented_blur,train
data/raw/signboards/sign_017.png,"""جغرافیہ وہ علم ہے",signboards_synthetic,train
data/raw/augmented/urdu_0301_aug1_brightness.png,انہوں نے خود اپنی شاعری میں زبان کی تعریف کے لئے ہندوی لفظ بھی استعمال کیا,augmented_brightness,train
data/raw/augmented/urdu_0305_aug3_rotation.png,اس کا تعلق وسطی ہند آریائی زبانوں کے مغربی ہندی زبان سے ہے,augmented_rotation,train
data/raw/synthetic/urdu_0064.png,اس دور میں پاکستان کے حکمران جنرل ضیا الحق تھے,synthetic,train
data/raw/augmented/urdu_0365_aug1_brightness.png,پرتگالیوں سے ادھار کی تعداد بھی کم ہے,augmented_brightness,train
data/raw/augmented/urdu_0177_aug1_blur.png,قومی شاعر – حکیم الامت حضرت ڈاکٹر علامہ محمد اقبال,augmented_blur,train
data/raw/synthetic/urdu_0314.png,اور مذہبی سیاق و سباق,synthetic,train
data/raw/augmented/urdu_0587_aug1_rotation.png,روم و یونان نے شاہراہ بخور اور ہند رومی شاہراہوں کے ذریعہ اپنی تجارت جاری رکھی,augmented_rotation,train
data/raw/signboards/sign_086.png,پاکستان کی بادشاہت,signboards_synthetic,train
data/raw/augmented/urdu_0194_aug3_rotation.png,چاند اور ستارہ جو روایتی طور پر اسلام سے ریاست کی عقیدت اور محبت کا اظہار کرتے ہیں,augmented_rotation,train
data/raw/books/book_010.png,اس کی ایک اور دریافت قابل ذکر ہے، جس کے مطابق اس نے بتایا کہ دور مغرب میں شمال سے جنوب تک کوئی ملک ضرور واقع ہے,books_synthetic,train
data/raw/synthetic/urdu_0268.png,موجودہ ممالک کی تاريخ,synthetic,train
data/raw/other/utrset_288.jpg,کے ساتھ دونوں سڑکوں سے لے کر عمارت کی اس چوتھی منزل تک کی زبردست بلندی پر,utrset_real,train
data/raw/augmented/urdu_0426_aug3_brightness.png,پیشہ ہائے اردو زبان,augmented_brightness,train
data/raw/augmented/urdu_0075_aug3_brightness.png,22 جون 2012ء کو یوسف رضا گیلانی کی نااہلی کے بعد راجہ پرویز اشرف نئے وزیر اعظم بنے,augmented_brightness,train
data/raw/augmented/urdu_0003_aug1_rotation.png,جس کے معنی ہیں زمین کا بیان,augmented_rotation,train
data/raw/books/book_133.png,ليکن ايک اسلامی تہذيب کا حصہ ہونے کی وجہ سے اس ميں کافی تہذيبی ہم آہنگی بھی موجود ہے,books_synthetic,train
data/raw/other/utrset_161.jpg,وبلند مقصد کی جس ناپاک اور گندہ طرز تحریر کے ذریے سے پامای کی گیی ہے وہ حردرجہ,utrset_real,train
data/raw/augmented/urdu_0441_aug2_blur.png,اس تہذیب کا شمار عہد قدیم کی اولین تہذیبوں میں ہوتا ہے,augmented_blur,train
data/raw/augmented/urdu_0550_aug3_brightness.png,تیسری صدی ق م سے چوتھی صدی عیسوی تک کا زمانہ سنگم عہد کہلاتا ہے,augmented_brightness,train
data/raw/augmented/urdu_0474_aug1_blur.png,آہنی دور (1500 ق م تا 200 ق م),augmented_blur,train
data/raw/augmented/urdu_0099_aug1_brightness.png,اب پاکستان کافی حد تک دفاعی اعتبار سے خود کفیل ہو گیا ہے,augmented_brightness,train
data/raw/augmented/urdu_0576_aug1_blur.png,شونگ سلطنت اپنے دور حکمرانی میں بیرونی اور اندرونی دونوں طاقتوں سے نبرد آزما رہی,augmented_blur,train
data/raw/augmented/urdu_0178_aug1_blur.png,قومی پرچم - اصل مضمون کے لیے دیکھیں قومی پرچم,augmented_blur,train
data/raw/books/book_066.png,22 جون 2012ء کو یوسف رضا گیلانی کی نااہلی کے بعد راجہ پرویز اشرف نئے وزیر اعظم بنے,books_synthetic,train
data/raw/synthetic/urdu_0593.png,ان میں نئے شگوفے کھلے، نئے غنچے چٹخے، نئے رجحان سامنے آئے اور یہ فنون اپنی جوبن پر آگئے,synthetic,train
data/raw/augmented/urdu_0230_aug3_rotation.png,سارک کے رکن ممالک,augmented_rotation,train
data/raw/augmented/urdu_0504_aug1_rotation.png,سنسکرت کے رزمیے,augmented_rotation,train
data/raw/augmented/urdu_0120_aug2_blur.png,اِس وقت پاکستان کی معيشت مستحکم ہے اور تيزی سے بڑھنا شروع ہو گئی ہے,augmented_blur,train
data/raw/augmented/urdu_0308_aug2_blur.png,کیونکہ اگرچہ مورز  بولی اپنے لیے مخصوص ہے، پھر بھی اس کے اظہار کے لیے خطوط سے محروم ہے,augmented_blur,train
data/raw/augmented/urdu_0410_aug2_blur.png,اردو زبان کے شاعروں کی فہرست,augmented_blur,train
data/raw/other/utrset_039.jpg,قائم کردیاجائے جس کوان معاملات میں فیصلہ کرنے کاپورااختیار ہو، اس طرح تو,utrset_real,train
data/raw/synthetic/urdu_0497.png,نیز اسی عہد میں اولین اپنیشدیں بھی لکھی گئیں,synthetic,train
data/raw/augmented/urdu_0073_aug2_brightness.png,شوکت عزیز قومی اسمبلی کی مدت 15 نومبر 2007ء کو ختم ہونے کے بعد مستعفی ہو گئے,augmented_brightness,train
data/raw/signboards/sign_133.png,فلسفے کی تاريخ,signboards_synthetic,train
data/raw/augmented/urdu_0537_aug3_rotation.png,بندو سار کے بعد سلطنت کی باگ ڈور اشوک کے ہاتھوں میں آئی,augmented_rotation,train
data/raw/synthetic/urdu_0090.png,بین الاقوامی تعلقات,synthetic,train
data/raw/other/utrset_086.jpg,کی تصویریں بولتی تصویریں کہلائی جاتی ہیں اور اپنے عہدکاکامیاب ومقبول مصوّر ہوا۔حسن اتفاق,utrset_real,train
data/raw/augmented/urdu_0211_aug3_blur.png,پاکستان کے اخبار,augmented_blur,train
data/raw/augmented/urdu_0388_aug1_rotation.png,اس ادب کو اردو نظمی ادب کہتے ہیں,augmented_rotation,train
data/raw/other/utrset_147.jpg,روزیٹیؔ ڈانٹے-- نوجوان اورکامیاب مصوّر انگلستان میں ۸۲۸۱ء میں پیداہوا۔اُسکاآبائی وطن اٹلی,utrset_real,train
data/raw/augmented/urdu_0239_aug2_blur.png,تصور تاریخ اتنا ہی قدیم ہے کہ جتنا تصور زماں و مکاں,augmented_blur,train
data/raw/augmented/urdu_0424_aug1_brightness.png,بھارت کی سرکاری زبانیں,augmented_brightness,train
data/raw/augmented/urdu_0553_aug1_rotation.png,ان کا دھرم مختلف اور پیشے جدا جدا تھے,augmented_rotation,train
data/raw/augmented/urdu_0568_aug3_rotation.png,چوتھی صدی عیسوی سے چھٹی صدی عیسوی تک گپت سلطنت قائم رہی,augmented_rotation,train
data/raw/augmented/urdu_0385_aug3_blur.png,ادب کی دوسری قسم نظم ہے,augmented_blur,train
data/raw/augmented/urdu_0598_aug1_blur.png,انھی وجوہ سے گپت عہد کو ہندوستانی ثقافت کی تاریخ کا اہم ترین موڑ سمجھا جاتا ہے,augmented_blur,train
data/raw/augmented/urdu_0571_aug2_blur.png,شونگ مگدھ سے اٹھے اور برصغیر ہند کے مشرقی اور وسطی علاقوں تک اپنی سلطنت قائم کر لی,augmented_blur,train
data/raw/augmented/urdu_0058_aug2_rotation.png,جنرل ایوب کے دور میں پاکستان میں ترقی تو ہوئی لیکن مشرقی پاکستان دور ہوتا گیا,augmented_rotation,train
data/raw/synthetic/urdu_0117.png,پاکستان کی سرحدیں,synthetic,train
data/raw/books/book_044.png,پاکستان میں موجود تمام بڑے آبی ڈیم جنرل ایوب کے دور آمریت میں بنائے گئے,books_synthetic,train
data/raw/augmented/urdu_0409_aug2_brightness.png,اردو زبان کی ابتدا کے متعلق نظریات,augmented_brightness,train
data/raw/augmented/urdu_0604_aug1_brightness.png,یہ لوگ سفید رنگت کی وجہ سے سفید ہن کہلائے,augmented_brightness,train
data/raw/synthetic/urdu_0342.png,یہ ملک کی سماجی و ثقافتی میراث کا خزانہ ہے,synthetic,train
data/raw/augmented/urdu_0507_aug3_brightness.png,چھٹی صدی ق م سے تیسری صدی ق م تک مہا جن پد کے عروج کا دور ہے,augmented_brightness,train
data/raw/synthetic/urdu_0363.png,ہندوستان میں ہندی سے اردو اتنی نہیں بدل گئی جتنی پاکستان میں ہے,synthetic,train
data/raw/augmented/urdu_0496_aug1_rotation.png,دوسری شہر کاری (600 ق م تا 200 ق م),augmented_rotation,train
data/raw/augmented/urdu_0220_aug3_brightness.png,اردو بولنے والے ممالک اور علاقہ جات,augmented_brightness,train
data/raw/augmented/urdu_0086_aug3_rotation.png,آئین پاکستان نے ایک وفاق اور اس کے ماتحت صوبائی حکومتیں قائم کی ہیں,augmented_rotation,train
data/raw/augmented/urdu_0247_aug1_brightness.png,یہ اور بات ہے تاریخ کی ابتدا اساطیر یا دیومالائی کہانیوں سے شروع ہوئی,augmented_brightness,train
data/raw/augmented/urdu_0055_aug3_rotation.png,1956ء میں پاکستان میں پہلا آئین نافذ ہوا,augmented_rotation,train
data/raw/newspaper/Screenshot 2026-07-01 181650.png,كوئنه مي على مرتضن جميل ك قريبر دوست احسن خان كو جب اين دوست بلاكت اطلاع ملى توان ك لي اس خبر بريقين كرنا به مشكل تها,manual_screenshot,train
data/raw/books/book_131.png,اس کے ساتھ ساتھ مختلف صوبوں ميں لباس، کھانے، زبان اور تمدن کا فرق پايا جاتا ہے,books_synthetic,train
data/raw/synthetic/urdu_0539.png,اس منظر نے اشوک کے وجود کو اندر سے ہلا ڈالا تھا,synthetic,train
data/raw/augmented/urdu_0528_aug1_rotation.png,نند سلطنت کی سرحدیں بنگال سے پنجاب تک اور جنوب میں وندھیاچل تک پھیلی ہوئی تھیں,augmented_rotation,train
data/raw/augmented/urdu_0582_aug3_rotation.png,ہندوستان کی تجارت اور سیاحت,augmented_rotation,train
data/raw/signboards/sign_007.png,داخلہ بند ہے,signboards_synthetic,train
data/raw/augmented/urdu_0004_aug1_brightness.png,"""جغرافیہ وہ علم ہے",augmented_brightness,train
data/raw/other/utrset_321.jpg,پھوپھی اماں آپ کا گھر تو سچ مچ طبلۂ عطار ہے۔,utrset_real,train
data/raw/augmented/urdu_0331_aug2_blur.png,پاکستان میں کوئی بھی خطہ اردو کو اپنی مادری زبان کے طور پر استعمال نہیں کرتا,augmented_blur,train
data/raw/augmented/urdu_0183_aug1_rotation.png,قومی پھل - پاکستان کا قومی پھل آم ہے,augmented_rotation,train
data/raw/augmented/urdu_0330_aug3_brightness.png,یہ مدرسوں میں اعلیٰ ثانوی جماعتوں تک لازمی مضمون کی طور پر پڑھائی جاتی ہے,augmented_brightness,train
data/raw/augmented/urdu_0325_aug1_brightness.png,آبادیاتی اور جغرافیائی تقسیم,augmented_brightness,train
data/raw/synthetic/urdu_0135.png,اس کے ساتھ ساتھ ايک بڑھتی ہوئی تحريک ہے جو مغربی اثرات کو کم ديکھنا چاہتی ہے,synthetic,train
data/raw/other/utrset_012.jpg,جو نکاح وطلاق کی اس حیثیت پر اثر انداز ہو، قبول نہیں کیاجاسکتا، کیونکہ وہ,utrset_real,train
data/raw/synthetic/urdu_0011.png,زمین انسان کا گھر ہے,synthetic,train
data/raw/other/utrset_302.jpg,کی تاکید کرکے خود تھکن اتارتے گاؤ تکیہ پر سر رکھ کر لیٹ گئیں۔,utrset_real,train
data/raw/augmented/urdu_0058_aug1_blur.png,جنرل ایوب کے دور میں پاکستان میں ترقی تو ہوئی لیکن مشرقی پاکستان دور ہوتا گیا,augmented_blur,train
data/raw/augmented/urdu_0500_aug1_rotation.png,یہ علاقہ ویدک ثقافت سے متاثر ضرور ہوا لیکن یہ کرو پنچال کے خطہ سے بہت مختلف تھا,augmented_rotation,train
data/raw/signboards/sign_041.png,پاک فضائیہ,signboards_synthetic,train
data/raw/augmented/urdu_0169_aug2_brightness.png,1999ءمیں شاھین دوسرے نمبر پر رہے,augmented_brightness,train
data/raw/augmented/urdu_0379_aug1_brightness.png,غیر مذہبی ادب کو پھر سے دو اشکال میں دیکھ سکتے ہیں,augmented_brightness,train
data/raw/augmented/urdu_0307_aug1_rotation.png,اور اسے دکنی کے نام سے جانا جاتا ہے، جس میں تیلگو زبان اور مراٹھی زبان کے  الفاظ شامل ہیں,augmented_rotation,train
data/raw/augmented/urdu_0566_aug3_brightness.png,اس دور کو مزید مختلف ذیلی ادوار میں تقسیم کیا گیا ہے,augmented_brightness,train
data/raw/other/utrset_043.jpg,وجہ سے مقدمے دائر ہوجاتے ہیں، ایسی صورت میں یہ مقدمات، خاندانوں اور عدالتوں,utrset_real,train
data/raw/other/utrset_246.jpg,لیکن اس کے اندر فاسفورس کی سی کوئی چمک وار شے موجودتھی جوکہ ایک ننھے سے قمقمے,utrset_real,train
data/raw/synthetic/urdu_0499.png,دوسری شہر کاری کے عہد میں وسطی گنگا کا میدان ایک نمایاں تہذیبی خطہ تھا,synthetic,train
data/raw/other/utrset_178.jpg,اس میں شک نہیں کہ ایک اثر پزیر دل حسرت و اندوہ کے واقعات کوزیادہ پسند کرتا ہے,utrset_real,train
data/raw/synthetic/urdu_0413.png,برطانیہ میں اردو,synthetic,train
data/raw/augmented/urdu_0183_aug2_blur.png,قومی پھل - پاکستان کا قومی پھل آم ہے,augmented_blur,train
data/raw/augmented/urdu_0288_aug3_rotation.png,لیکن حقیقت یہ ہے کہ ہندی، اُردو زبان سے نکلی ہے,augmented_rotation,train
data/raw/augmented/urdu_0485_aug3_blur.png,ابتدائی ویدک معاشرہ کو رگ وید میں بڑی تفصیل سے بیان کیا گیا ہے,augmented_blur,train
data/raw/synthetic/urdu_0453.png,لیکن ہندوستان کے باشندے کمپنی راج سے سخت بیزار اور بد دل تھے,synthetic,train
data/raw/augmented/urdu_0321_aug3_brightness.png,5 فیصد کم ہوئی (اس وقت 5,augmented_brightness,train
data/raw/signboards/sign_019.png,وہ پہلا شخص تھا,signboards_synthetic,train
data/raw/augmented/urdu_0394_aug2_rotation.png,نظم: مربوط اور مکمل شاعرانہ کلام,augmented_rotation,train
data/raw/other/utrset_328.jpg,بھی چائے ہی پیتی ہوکر کچھ ٹھنڈی چیزیں,utrset_real,train
data/raw/synthetic/urdu_0191.png,(قابل اعتبار حوالہ درکار ہے) ان کا تعلق سیالکوٹ سے ہے,synthetic,train
data/raw/signboards/sign_022.png,زمین انسان کا گھر ہے,signboards_synthetic,train
data/raw/signboards/sign_078.png,محمد علی جناح,signboards_synthetic,train
data/raw/augmented/urdu_0259_aug3_blur.png,تاريخ کی قسم بندی,augmented_blur,train
data/raw/synthetic/urdu_0235.png,ہریانوی زبان بولنے والے ممالک اور علاقہ جات,synthetic,train
data/raw/books/book_120.png,پاکستان آبادی کے لحاظ سے دنيا کا چھٹا بڑا ملک ہے اور اس کے ساتھ ساتھ پاکستان کی آبادی بہت تيزی سے بڑھ رہی ہے,books_synthetic,train
data/raw/augmented/urdu_0093_aug2_blur.png,ایک ایٹمی طاقت ہونے کے باعث بھی اسے اقوام عالم میں مسلمان ممالک میں اونچا مقام حاص  ہے,augmented_blur,train
data/raw/augmented/urdu_0339_aug1_rotation.png,"بھارت میں 3,000 سے زیادہ اردو اشاعتیں ہیں جن میں 405 روزانہ اردو اخبارات بھی شامل ہیں",augmented_rotation,train
data/raw/newspaper/Screenshot 2026-07-01 182111.png,باكستان ك دفتر _ خارجه س جارى بيان مي كها كيا لكه قيديور ك فهرستو كا تبادلد سفارتى ذرائع ك ذريع يكم جولائ كوكيا كيا -,manual_screenshot,train
data/raw/augmented/urdu_0235_aug3_blur.png,ہریانوی زبان بولنے والے ممالک اور علاقہ جات,augmented_blur,train
data/raw/augmented/urdu_0352_aug3_brightness.png,بنگلہ دیش میں پھنسے ہوئے پاکستانیوں کی بولی جانے والی اردو اس بولی سے مختلف ہے,augmented_brightness,train
data/raw/augmented/urdu_0271_aug1_blur.png,یونانی مستعار الفاظ,augmented_blur,train
data/raw/augmented/urdu_0551_aug1_blur.png,یہ تینوں شاہی خانوادے تمل اکام کے تاجوران ثلاثہ کہلاتے ہیں,augmented_blur,train
data/raw/books/book_055.png,1990ء میں نواز شریف کی قیادت میں آئی جے آئی اور اس کی حلیف جماعتیں اقتدار میں آئیں,books_synthetic,train
data/raw/augmented/urdu_0234_aug3_rotation.png,ویڈیو کلپس پر مشتمل مضامین,augmented_rotation,train
data/raw/other/utrset_047.jpg,اور تحصیلوں میں قاضیوں اور نائب قاضیوں کاتقرر کرے تو تمام مشکلات کا حل ہوجاتا,utrset_real,train
data/raw/signboards/sign_135.png,مذاہب کی تاريخ,signboards_synthetic,train
data/raw/other/utrset_090.jpg,کتابت طباعت نفیس ہے۔ملّاصاحب کے تعارف کی کوشش کرنااُنکی توہین کے مرادف ہے۔,utrset_real,train
data/raw/augmented/urdu_0143_aug2_brightness.png,شیروانی کا استعمال خاص کر تقاریب اور خوشیوں کے مواقع پر کیا جاتا ہے,augmented_brightness,train
data/raw/augmented/urdu_0574_aug2_brightness.png,بعد ازاں اس کا بیٹا اگنی متر اس کا جانشین ہوا,augmented_brightness,train
data/raw/other/utrset_218.jpg,دست نگر رہتے ہیں ، آیا یہ جائز بھی ہے کہ حق انتخاب تونوجوان کو دیہ  جائے اور ازدواج,utrset_real,train
data/raw/synthetic/urdu_0366.png,مثال کے طور پر، عربی ta' marbuta (  اس میں تبدیلیاں ( > ) یا te (  ),synthetic,train
data/raw/augmented/urdu_0508_aug2_blur.png,قدیم بودھ گرنتھوں انگُتّر نکائے وغیرہ میں ان سولہ ریاستوں کا کثرت سے تذکرہ ملتا ہے,augmented_blur,train
data/raw/synthetic/urdu_0053.png,1951ء میں پستول کی گولی کا شانہ بنا کر[لیاقت علی خان]] کو شہید کر دیا گیا,synthetic,train
data/raw/augmented/urdu_0430_aug1_rotation.png,جھاڑکھنڈ کی زبانیں,augmented_rotation,train
data/raw/augmented/urdu_0116_aug2_brightness.png,پاکستان کی زیادہ تر آبادی زراعت کے شعبے سے منسلک ہے,augmented_brightness,train
data/raw/augmented/urdu_0018_aug2_blur.png,اس علم کا آغاز بطور سائنس مصر و یونان میں ہوا,augmented_blur,train
data/raw/augmented/urdu_0484_aug1_brightness.png,ہندوستانی فلسفہ کے بہت سے تصورات (مثلاً دھرم) کی اصل اسی ویدک دور میں ملتی ہے,augmented_brightness,train
data/raw/augmented/urdu_0428_aug2_blur.png,تلنگانہ کی زبانیں,augmented_blur,train
data/raw/other/utrset_350.jpg,کہ ہراعتبار سے ریتا بڑی خوبیوں کی مالک تھی مگر اسے اپنی برتری کا احساس,utrset_real,train
data/raw/books/book_095.png,اس کے علاوہ ہر انتظامی اکائی میں مختلف پولیس فورسز بنائی گئی ہیں جن میں خیبر پختونخوا پولیس، پنجاب پولیس، سندھ پولیس، بلوچستان پولیس، آزاد کشمیر پولیس اور گلگت بلتستان پولیس شامل ہیں,books_synthetic,train
data/raw/other/utrset_027.jpg,الہ آباد یونیورسٹی) کی تحریک سے ایک کمیٹی بنائی گئی تھی، جس کانام ”مسلم میرج سب کمیٹی“,utrset_real,train
data/raw/other/utrset_028.jpg,میں یوپی کی مجلس قانون ساز میں ڈاکٹرشفاعت احمدخاں (پروفیسر تاریخ,utrset_real,train
data/raw/other/utrset_316.jpg,کو ورثہ میں ملا ہے۔ پھولوں کا عاشق ہے۔ خود ہی باغبانی کرتاہےمجال نہیں کہ,utrset_real,train
data/raw/signboards/sign_015.png,فیصلہ طلب,signboards_synthetic,train
data/raw/books/book_116.png,"پاکستان کا سمندری ساحل تقریباً 1,046 کلومیٹر ہے اور 6,774 کلومیٹر زمینی سرحد ہے، زمینی سرحد میں سے 2,430 کلومیٹر سرحد افغانستان کے ساتھ، 523 کلومیٹر چین کے ساتھ، 2,912 بھارت کے ساتھ اور 909 ایران کے ساتھ لگا ہوا ہے",books_synthetic,train
data/raw/signboards/sign_144.png,علم ادراک,signboards_synthetic,train
data/raw/books/book_104.png,"صوبہ خیبر پختونخوا کا کل رقبہ 74,521 مربع کلومیٹر ہے جبکہ 2012ء میں آبادی 2 کروڑ 20 لاکھ تھی",books_synthetic,train
data/raw/augmented/urdu_0234_aug1_rotation.png,ویڈیو کلپس پر مشتمل مضامین,augmented_rotation,train
data/raw/other/utrset_094.jpg,صبح لطافت,utrset_real,train
data/raw/other/utrset_052.jpg,منظور کرنا تقریباً ناممکن ہے، اس بناء پر اگر کوئی صورت ممکن ہے تووہ یہ ہے کہ مسلمان,utrset_real,train
data/raw/books/book_060.png,صدر مملکت پرويز مشرف بنے اور 2001ء میں ہونے والے انتخابات کے بعد وزیر اعظم ظفر اللہ خان جمالی بنے,books_synthetic,train
data/raw/augmented/urdu_0433_aug1_rotation.png,گجرات (بھارت) کی زبانیں,augmented_rotation,train
data/raw/augmented/urdu_0248_aug1_blur.png,گو تاریخ اور اساطیر مین فرق ہے,augmented_blur,train
data/raw/augmented/urdu_0600_aug3_rotation.png,یہی وجہ ہے کہ تاریخ کے چہرے پر اس عہد کو گپت سلطنت کا بوسۂ امن قرار دیا جاتا ہے,augmented_rotation,train
data/raw/augmented/urdu_0282_aug3_rotation.png,اردو زبان کو کئی ہندوستانی ریاستوں میں سرکاری حیثیت بھی حاصل ہے,augmented_rotation,train
data/raw/augmented/urdu_0200_aug3_brightness.png,جہاں پہ ہماری بہت سے زبانیں بولی جاتی ہیں جن میں سے ایک ہماری قومی زبان اردو ہے,augmented_brightness,train
data/raw/augmented/urdu_0018_aug3_rotation.png,اس علم کا آغاز بطور سائنس مصر و یونان میں ہوا,augmented_rotation,train
data/raw/augmented/urdu_0397_aug1_brightness.png,مرثیہ: شہیدوں کے واقعات کو بیان کرنے والی نظم,augmented_brightness,train
data/raw/augmented/urdu_0005_aug2_rotation.png,ایراٹورتھینیس ‎(276-194B,augmented_rotation,train
data/raw/augmented/urdu_0365_aug3_rotation.png,پرتگالیوں سے ادھار کی تعداد بھی کم ہے,augmented_rotation,train
data/raw/synthetic/urdu_0234.png,ویڈیو کلپس پر مشتمل مضامین,synthetic,train
data/raw/augmented/urdu_0558_aug3_brightness.png,نیز تمل زبان کے گرامر کی قدیم ترین کتاب تولکا پیئم بھی اسی دوران میں تصنیف کی گئی,augmented_brightness,train
data/raw/synthetic/urdu_0352.png,بنگلہ دیش میں پھنسے ہوئے پاکستانیوں کی بولی جانے والی اردو اس بولی سے مختلف ہے,synthetic,train
data/raw/augmented/urdu_0133_aug3_brightness.png,پاکستان دنيا بھر ميں قوالی کا مرکز سمجھا جاتا ہے,augmented_brightness,train
data/raw/synthetic/urdu_0108.png,جغرافیائی طور پر پاکستان جنوبی ایشیا کے شمال مغربی حصے میں واقع ہے,synthetic,train
data/raw/augmented/urdu_0456_aug2_blur.png,یہ سنگی آلات نسل انسانی کے بالکل ابتدائی ایام کے ہیں,augmented_blur,train
data/raw/augmented/urdu_0389_aug3_brightness.png,لیکن آج کل اس کو اردو شاعری یا شاعری کے نام سے بھی جانا جانے لگا ہے,augmented_brightness,train
data/raw/other/utrset_226.jpg,پیچھے ہوگئے۔ جب وہ روانہ ہواتومیں نے دیکھاکہ وہ بڑی قوت کے ساتھ قدم اٹھارہاتھا۔,utrset_real,train
data/raw/augmented/urdu_0483_aug3_rotation.png,اتھرو وید کے زمانہ تک پیپل کے درخت اور گائے مقدس سمجھے جانے لگے تھے,augmented_rotation,train
data/raw/synthetic/urdu_0307.png,اور اسے دکنی کے نام سے جانا جاتا ہے، جس میں تیلگو زبان اور مراٹھی زبان کے  الفاظ شامل ہیں,synthetic,train
data/raw/augmented/urdu_0091_aug2_rotation.png,یہ سب وقت اور حالات کے تحت بدلتا رہتا ہے,augmented_rotation,train
data/raw/augmented/urdu_0492_aug2_brightness.png,اسی کے پہلو بہ پہلو اتھرو وید کی ترتیب و تدوین بھی جاری تھی,augmented_brightness,train
data/raw/other/utrset_346.jpg,کے لئے آسمان سے تارے بھی توڑلاتا ہے۔ اسے بھی اپنے لئے ایسے ہی,utrset_real,train
data/raw/augmented/urdu_0438_aug3_brightness.png,آندھرا پردیش کی زبانیں,augmented_brightness,train
data/raw/augmented/urdu_0351_aug1_brightness.png,اسے بنگلہ دیش کی حکومت نے سرکاری طور پر تسلیم نہیں کیا ہے,augmented_brightness,train
data/raw/augmented/urdu_0225_aug2_brightness.png,پشتو زبان بولنے والے ممالک اور علاقہ جات,augmented_brightness,train
data/raw/augmented/urdu_0188_aug3_blur.png,قومی مشروب – گنے کا رس,augmented_blur,train
data/raw/other/utrset_016.jpg,زبانی الفاظ طلاق (بشرائط مقررہ ومعتبرہ) و قوع طلاق کے لیے کافی ہیں، کوئی,utrset_real,train
data/raw/augmented/urdu_0283_aug2_rotation.png,فارسی اس وقت تک مختلف ہند-اسلامی سلطنتوں کی درباری زبان کے طور پر کام کرتی تھی,augmented_rotation,train
data/raw/synthetic/urdu_0364.png,اردو میں زیادہ تر مستعار الفاظ اسم اور صفت ہیں,synthetic,train
data/raw/augmented/urdu_0258_aug3_brightness.png,افکار ابن خلدون، 75 تا79),augmented_brightness,train
data/raw/augmented/urdu_0176_aug2_blur.png,قومی دن – یوم پاکستان، 23 مارچ کو منایا جاتا ہے,augmented_blur,train
data/raw/books/book_119.png,کراچی سٹاک ایکسچینج کے کے ايس سی انڈکس گزستہ دو سالوں سے دنيا بھر ميں سب سے بہترين کارکردگی کا مظاہرہ کر رہی ہے,books_synthetic,train
data/raw/augmented/urdu_0422_aug3_brightness.png,اتر پردیش کی زبانیں,augmented_brightness,train
data/raw/books/book_147.png,پاکستان میں بہت سے ذرائع ابلاغ موجود ہیں، پرنٹ میڈیا اور الیکٹرونک میڈیا دونوں میں تیزی سے ترقی ہوئی ہے,books_synthetic,train
data/raw/augmented/urdu_0079_aug3_blur.png,آئین، حکومت اور سياست,augmented_blur,train
data/raw/augmented/urdu_0065_aug3_brightness.png,افغانستان میں جنگ کی وجہ سے پاکستان کو بہت امداد ملی,augmented_brightness,train
data/raw/other/utrset_377.jpg,ملتا  رہا جس سے اس کی پڑھائی کاپورا خرچ نکل آتاتھا۔ خالی وقت,utrset_real,train
data/raw/augmented/urdu_0328_aug1_brightness.png,8 ملین تھی (کل آبادی کا 4,augmented_brightness,train
data/raw/other/utrset_257.jpg,تھا۔ یہ پورامعاملہ مجھے پریشان کئے ہوئے تھااور مجھے ایسا محسوس ہورہاتھا گویا,utrset_real,train
data/raw/other/utrset_159.jpg,معاشری پہلوؤں پر کامیاب روشنی ڈالی گئی ہے۔ بہ حیثیتِ مجموعی”ملّاصاحب کی شادی، قابل دیدہے۔ اورہر,utrset_real,train
data/raw/augmented/urdu_0594_aug1_rotation.png,ہیو جارج رالنسن رقم طراز ہے:,augmented_rotation,train
data/raw/signboards/sign_011.png,سگریٹ نوشی منع ہے,signboards_synthetic,train
data/raw/other/utrset_154.jpg,"(۲)چینی اور جاپانی افسانے!۔ "" "" "" "" "" "" "" "" "" "" قیمت ۹",utrset_real,train
data/raw/augmented/urdu_0090_aug3_rotation.png,بین الاقوامی تعلقات,augmented_rotation,train
data/raw/synthetic/urdu_0541.png,اشوک کے عہد حکومت میں بدھ مت سارے ہندوستان میں پھیل چکا تھا,synthetic,train
data/raw/other/utrset_212.jpg,اور کہیں نہیں ہوسکتی۔,utrset_real,train
data/raw/synthetic/urdu_0104.png,"صوبہ بلوچستان کا کل رقبہ 347,190 مربع کلومیٹر ہے جبکہ 2011ء میں آبادی 79 لاکھ 14 ہزار تھی",synthetic,train
data/raw/synthetic/urdu_0289.png,اسی طرح اگر اردو اور ہندی زبان کو ایک سمجھا جائے تو یہ دنیا کی چوتھی بڑی زبان ہے,synthetic,train
data/raw/augmented/urdu_0075_aug2_brightness.png,22 جون 2012ء کو یوسف رضا گیلانی کی نااہلی کے بعد راجہ پرویز اشرف نئے وزیر اعظم بنے,augmented_brightness,train
data/raw/synthetic/urdu_0388.png,اس ادب کو اردو نظمی ادب کہتے ہیں,synthetic,train
data/raw/augmented/urdu_0101_aug3_blur.png,تحقیقات کے لیے وفاقی ادارۂ تحقیقات‎ (ایف آئی اے) اور دیگر تحقیقاتی ادارے موجود ہیں,augmented_blur,train
data/raw/synthetic/urdu_0318.png,بروس (2021ء) کے مطابق، اٹھارویں صدی سے اردو نے انگریزی الفاظ کو ڈھال لیا ہے,synthetic,train
data/raw/augmented/urdu_0212_aug3_rotation.png,پاکستان کے ٹی وی چینل,augmented_rotation,train
data/raw/augmented/urdu_0212_aug2_blur.png,پاکستان کے ٹی وی چینل,augmented_blur,train
data/raw/augmented/urdu_0413_aug2_brightness.png,برطانیہ میں اردو,augmented_brightness,train
data/raw/augmented/urdu_0543_aug3_blur.png,اس کا دارالخلافہ قنوج تھا جس کے کھنڈر آج بھی شمالی بھارت میں پائےجاتے ہیں,augmented_blur,train
data/raw/synthetic/urdu_0400.png,اس کے چار اقسام ہیں,synthetic,train
data/raw/augmented/urdu_0029_aug2_brightness.png,چھوٹے پیغام خانوں کا استعمال کرنے والے مضامین,augmented_brightness,train
data/raw/augmented/urdu_0315_aug1_brightness.png,1973 میں، اردو کو پاکستان کی واحد قومی زبان کے طور پر تسلیم کیا گیا تھا,augmented_brightness,train
data/raw/augmented/urdu_0526_aug3_brightness.png,مہا پدم نند نو نندوں میں سے پہلا تھا اور اس کے بعد اسی کے آٹھ بیٹے نند کہلائے,augmented_brightness,train
data/raw/synthetic/urdu_0579.png,ساتواہن سلاطین ہندومت اور بدھ مت کے بڑے سرپرست اور مربی گذرے ہیں,synthetic,train
data/raw/other/utrset_318.jpg,ولایتی پھولوں کی خوشبوئیں بھی اپنا الگ حسن رکھتی تھیں!,utrset_real,train
data/raw/other/utrset_394.jpg,جون کی جل جلاتی لوہ میں موہن اپنے کاندھے پر گیہوں کی گٹھری,utrset_real,train
data/raw/augmented/urdu_0459_aug1_brightness.png,مائیکل پیٹراگلیا اور بریجٹ آلچن لکھتے ہیں:,augmented_brightness,train
data/raw/augmented/urdu_0593_aug2_brightness.png,ان میں نئے شگوفے کھلے، نئے غنچے چٹخے، نئے رجحان سامنے آئے اور یہ فنون اپنی جوبن پر آگئے,augmented_brightness,train
data/raw/augmented/urdu_0081_aug3_rotation.png,اس وقت غور کیا گیا تو ملک ٹوٹنے کی بہت سے وجوہات تھیں,augmented_rotation,train
data/raw/synthetic/urdu_0245.png,ظہیرالدین مرغشی کے نزدیک یہ ایک ایسا علم ہے جو اگلے وقتوں کے بارے میں اطلاعات پر مشتمل ہے,synthetic,train
data/raw/augmented/urdu_0428_aug1_brightness.png,تلنگانہ کی زبانیں,augmented_brightness,train
data/raw/signboards/sign_026.png,انسانی جغرافیہ,signboards_synthetic,train
data/raw/augmented/urdu_0117_aug1_blur.png,پاکستان کی سرحدیں,augmented_blur,train
data/raw/augmented/urdu_0467_aug3_brightness.png,وادی سندھ کی تہذیب,augmented_brightness,train
data/raw/synthetic/urdu_0597.png,کلاسیکی دور (320 عیسوی - 650 عیسوی),synthetic,train
data/raw/augmented/urdu_0068_aug2_blur.png,1990ء میں نواز شریف کی قیادت میں آئی جے آئی اور اس کی حلیف جماعتیں اقتدار میں آئیں,augmented_blur,train
data/raw/augmented/urdu_0181_aug3_brightness.png,قومی پھول - پاکستان کا قوی پھول چنبیلی (یاسمین) ہے,augmented_brightness,train
data/raw/augmented/urdu_0385_aug1_brightness.png,ادب کی دوسری قسم نظم ہے,augmented_brightness,train
data/raw/synthetic/urdu_0149.png,پاکستان میں سب سے عام اردو ڈراما سیریلز ہیں جو مختلف چینلز پر چلائے جاتے ہیں,synthetic,train
data/raw/augmented/urdu_0443_aug2_rotation.png,عین اسی دور میں ہند,augmented_rotation,train
data/raw/augmented/urdu_0530_aug1_blur.png,چنانچہ سکندر کو پنجاب اور سندھ کے میدانوں سے واپس لوٹنا پڑا,augmented_blur,train
data/raw/augmented/urdu_0497_aug1_brightness.png,نیز اسی عہد میں اولین اپنیشدیں بھی لکھی گئیں,augmented_brightness,train
data/raw/augmented/urdu_0129_aug3_rotation.png,اس کے ساتھ ساتھ مختلف صوبوں ميں لباس، کھانے، زبان اور تمدن کا فرق پايا جاتا ہے,augmented_rotation,train
data/raw/augmented/urdu_0178_aug3_blur.png,قومی پرچم - اصل مضمون کے لیے دیکھیں قومی پرچم,augmented_blur,train
data/raw/augmented/urdu_0129_aug2_blur.png,اس کے ساتھ ساتھ مختلف صوبوں ميں لباس، کھانے، زبان اور تمدن کا فرق پايا جاتا ہے,augmented_blur,train
data/raw/augmented/urdu_0557_aug2_brightness.png,پَتو پاٹّو اوسط لمبائی کی دس نظموں کا مجموعہ ہے اور سنگم ادب کا حصہ سمجھا جاتا ہے,augmented_brightness,train
data/raw/augmented/urdu_0366_aug1_rotation.png,مثال کے طور پر، عربی ta' marbuta (  اس میں تبدیلیاں ( > ) یا te (  ),augmented_rotation,train
data/raw/augmented/urdu_0364_aug1_brightness.png,اردو میں زیادہ تر مستعار الفاظ اسم اور صفت ہیں,augmented_brightness,train
data/raw/augmented/urdu_0115_aug1_blur.png,زیادہ تر بلوچستان پہاڑی سلسلوں پر مشتمل ہے لیکن بلوچستان کا سبی علاقہ میدانی اور صحرائی ہے,augmented_blur,train
data/raw/augmented/urdu_0362_aug2_brightness.png,درج ذیل فہرست میں کچھ ممالک میں اردو بولنے والوں کی تعداد دکھائی گئی ہے,augmented_brightness,train
data/raw/other/utrset_238.jpg,”میں نے بے اختیار”ہوں“کہہ کر اس کی تائیدکردی۔ بات یہ ہے کہ اس نے بڑی خوبی,utrset_real,train
data/raw/augmented/urdu_0539_aug3_blur.png,اس منظر نے اشوک کے وجود کو اندر سے ہلا ڈالا تھا,augmented_blur,train
data/raw/other/utrset_135.jpg,ہے۔اور ناظرین نیرنگ کے ’ذوق‘ کی اہانت ہے۔ اس لئے ہم اپنے معاونیں کرام سے خصوصاً عذر,utrset_real,train
data/raw/signboards/sign_105.png,(سبط حسن، ماضی کے مزار,signboards_synthetic,train
data/raw/augmented/urdu_0240_aug3_rotation.png,آغاز تمذن سے اب تک تاریخ نے کئی روپ دھارے ہیں,augmented_rotation,train
data/raw/augmented/urdu_0275_aug3_brightness.png,مختلف زبانوں کی آپس ميں مشابہت کے بارے ميں مطالعہ کيا جاتا ہے,augmented_brightness,train
data/raw/augmented/urdu_0108_aug2_brightness.png,جغرافیائی طور پر پاکستان جنوبی ایشیا کے شمال مغربی حصے میں واقع ہے,augmented_brightness,train
data/raw/other/utrset_002.jpg,اور ہندوستان کی مسلم ریاستوں میں اس پر کم و بیش عمل درآمد بھی ہے، جہاں تک جبری,utrset_real,train
data/raw/augmented/urdu_0007_aug2_rotation.png,جس نے لفظ جغرافیہ استعمال کیا,augmented_rotation,train
data/raw/augmented/urdu_0460_aug1_rotation.png,اور جنوبی ایشیا کے ماحولیاتی تاریخ دان مائیکل فشر کے الفاظ میں:,augmented_rotation,train
data/raw/synthetic/urdu_0319.png,ہندی کے بڑھتے ہوئے سنسکرتائزیشن سے کچھ حد تک اردو کی ہائپر فارسائزیشن کی حوصلہ افزائی ہوئی,synthetic,train
data/raw/augmented/urdu_0142_aug3_blur.png,دیہی علاقوں میں شہروں کے بہ نسبت سوٹ اور ٹائی کا استعمال کم ہوتا ہے,augmented_blur,train
data/raw/augmented/urdu_0073_aug1_rotation.png,شوکت عزیز قومی اسمبلی کی مدت 15 نومبر 2007ء کو ختم ہونے کے بعد مستعفی ہو گئے,augmented_rotation,train
data/raw/augmented/urdu_0084_aug2_blur.png,پاکستانی سیاست کی بنیاد کو آئین پاکستان نے قائم کیا ہے,augmented_blur,train
data/raw/augmented/urdu_0031_aug2_brightness.png,"881,913 مربع کلومیٹر (340,509 مربع میل) کے ساتھ یہ دنیا کا تینتیسواں بڑے رقبے والا ملک ہے",augmented_brightness,train
data/raw/synthetic/urdu_0573.png,پشیہ متر شونگ نے 36 برس حکومت کی,synthetic,train
data/raw/augmented/urdu_0538_aug3_rotation.png,اشوک نے 232 ق م میں اپنی وفات تک تقریباً 37 برس حکومت کی,augmented_rotation,train
data/raw/augmented/urdu_0138_aug3_brightness.png,پاکستان کا سب سے پسنديدہ کھيل کرکٹ ہے,augmented_brightness,train
data/raw/augmented/urdu_0443_aug3_rotation.png,عین اسی دور میں ہند,augmented_rotation,train
data/raw/signboards/sign_097.png,سارک کے رکن ممالک,signboards_synthetic,train
data/raw/augmented/urdu_0529_aug2_brightness.png,یہ نند سلطنت کے عروج کا زمانہ تھا اور اس کی ثروت اور دولت مندی کے چرچے ہر طرف تھے,augmented_brightness,train
data/raw/synthetic/urdu_0296.png,مثلاً عربی تائے مربوطہ (ة) کو (ہ) یا (ت) میں بدل دیا جاتا ہے,synthetic,train
data/raw/synthetic/urdu_0137.png,ان لوگوں نے ماضی ميں پاکستان ميں بہت سرمايہ کاری بھی کی ہے,synthetic,train
data/raw/augmented/urdu_0217_aug3_blur.png,پاکستان کی بادشاہت,augmented_blur,train
data/raw/augmented/urdu_0119_aug2_blur.png,پہلے پاکستان کی معيشت کا زيادہ انحصار زراعت پر تھا,augmented_blur,train
data/raw/other/utrset_196.jpg,ادبی حیثیت کی تقیص کرتے ہیں ۔ ان اجزا میں جزواعظم  مسٹر بسیٹی ہیں- جس مسلے کو,utrset_real,train
data/raw/augmented/urdu_0321_aug2_brightness.png,5 فیصد کم ہوئی (اس وقت 5,augmented_brightness,train
data/raw/synthetic/urdu_0208.png,پاکستان کے وزیراعظم,synthetic,train
data/raw/augmented/urdu_0574_aug1_brightness.png,بعد ازاں اس کا بیٹا اگنی متر اس کا جانشین ہوا,augmented_brightness,train
data/raw/synthetic/urdu_0457.png,چنانچہ اسی عہد سے قدیم انسانوں کے وجود کی اثریاتی شہادتیں بھی وافر تعداد میں ملتی ہیں,synthetic,train
data/raw/synthetic/urdu_0132.png,پاکستان ميں بہت مختلف قسم کی موسيقی ملتی ہے,synthetic,train
data/raw/augmented/urdu_0190_aug2_brightness.png,قومی نعرہ - پاکستان کا مطلب کیا؟ لَآ اِلٰہَ اِلَّا اللہُ,augmented_brightness,train
data/raw/augmented/urdu_0046_aug1_brightness.png,جبکہ دریائے سندھ، چناب اور جہلم پر پاکستان کا حق تسلیم کر لیا گیا,augmented_brightness,train
data/raw/augmented/urdu_0472_aug1_blur.png,یہ دیہاتوں کے باشندے تھے اور شکار و کاشت کاری ان کا ذریعۂ معاش تھا,augmented_blur,train
data/raw/signboards/sign_114.png,علاقائی قسم بندی,signboards_synthetic,train
data/raw/synthetic/urdu_0172.png,اس نے دوسری ٹیموں کے آنے کے لیے بھی راہ ہموار کر لی,synthetic,train
data/raw/synthetic/urdu_0243.png,کارل بیکر کے نزدیک اقوال و افعال کا علم ہے,synthetic,train
data/raw/augmented/urdu_0412_aug1_brightness.png,اردو بولنے والوں کے ذریعہ ہندوستان کی ریاستیں,augmented_brightness,train
data/raw/augmented/urdu_0326_aug3_rotation.png,ہندوستان اور پاکستان میں اردو بولنے والوں کی تعداد 100 ملین سے زیادہ ہے,augmented_rotation,train
data/raw/augmented/urdu_0347_aug1_brightness.png,دکنی، جنوبی ہندوستان کے علاقے دکن میں بولی جاتی ہے,augmented_brightness,train
data/raw/augmented/urdu_0143_aug3_blur.png,شیروانی کا استعمال خاص کر تقاریب اور خوشیوں کے مواقع پر کیا جاتا ہے,augmented_blur,train
data/raw/augmented/urdu_0076_aug2_brightness.png,مئی 2013ء میں عام انتحابات ہوئے جس میں پاکستان مسلم لیگ ن ایک بڑی جماعت کے طور پر ابھری,augmented_brightness,train
data/raw/synthetic/urdu_0577.png,اس نے سلطنت کو پھلنے پھولنے اور اقتدار حاصل کرنے میں خاصی مدد کی,synthetic,train
data/raw/augmented/urdu_0362_aug1_rotation.png,درج ذیل فہرست میں کچھ ممالک میں اردو بولنے والوں کی تعداد دکھائی گئی ہے,augmented_rotation,train
data/raw/augmented/urdu_0116_aug3_rotation.png,پاکستان کی زیادہ تر آبادی زراعت کے شعبے سے منسلک ہے,augmented_rotation,train
data/raw/other/utrset_289.jpg,گل کر دیئے گئے۔اب وہ تینوں آدمی کھڑکیوں کے پاس گئے۔ان کوکھولااور بڑی احتیاط,utrset_real,train
data/raw/synthetic/urdu_0092.png,پاکستان آبادی کے لحاظ سے انڈونیشیا کے بعد دوسرا بڑا اسلامی ملک ہے,synthetic,train
data/raw/books/book_037.png,جبکہ دریائے سندھ، چناب اور جہلم پر پاکستان کا حق تسلیم کر لیا گیا,books_synthetic,train
data/raw/augmented/urdu_0486_aug3_blur.png,ہڑپہ کا تمدن رخصت ہو چکا تھا اور اس کی جگہ دیہی زندگی نے لے لی تھی,augmented_blur,train
data/raw/augmented/urdu_0024_aug3_blur.png,اس دور کے اہم ناموں میں ابن بطوطہ، ابن خلدون اور ادریسی شامل ہیں,augmented_blur,train
data/raw/augmented/urdu_0032_aug2_rotation.png,اس کے جنوب میں 1046 کلومیٹر (650 میل) کی ساحلی پٹی ہے جو بحیرہ عرب سے ملتی ہے,augmented_rotation,train
data/raw/augmented/urdu_0473_aug2_brightness.png,اس دریافت کے بعد محققین کی توجہ مذکورہ مقام کی جانب مبذول ہوئی,augmented_brightness,train
data/raw/augmented/urdu_0521_aug3_brightness.png,سلطنت کا نظم و انصرام عاملہ، عدلیہ اور فوج کے شعبوں میں منقسم تھا,augmented_brightness,train
data/raw/synthetic/urdu_0094.png,پاکستان کی دفاع کا ذمہ ملک کے مسلح افواج پر ہے جس کی بنیادی طور پر تین شاخیں ہیں:,synthetic,train
data/raw/synthetic/urdu_0248.png,گو تاریخ اور اساطیر مین فرق ہے,synthetic,train
data/raw/augmented/urdu_0599_aug2_blur.png,اس عہد میں علوم و فنون اور سیاسی انتظام و انصرام نے نئی چوٹیاں سر کیں,augmented_blur,train
data/raw/augmented/urdu_0069_aug3_brightness.png,1993ء میں یہ حکومت بھی برطرف ہو گئی,augmented_brightness,train
data/raw/signboards/sign_136.png,تاريخدانی,signboards_synthetic,train
data/raw/augmented/urdu_0083_aug2_rotation.png,مسودہ تیار ہونے کے بعد اسے قومی اسمبلی سے پاس کرایا گیا,augmented_rotation,train
data/raw/augmented/urdu_0587_aug2_blur.png,روم و یونان نے شاہراہ بخور اور ہند رومی شاہراہوں کے ذریعہ اپنی تجارت جاری رکھی,augmented_blur,train
data/raw/augmented/urdu_0466_aug2_blur.png,برنجی دور – پہلی شہر کاری (تقریباً 3300 ق م تا 1800 ق م),augmented_blur,train
data/raw/augmented/urdu_0098_aug1_brightness.png,تقسیم کے وقت بھارت میں 16 آرڈیننس فیکٹریاں تھیں جبکہ پاکستان میں ایک بھی نہیں تھی,augmented_brightness,train
data/raw/augmented/urdu_0151_aug3_blur.png,اس کے بقایا جات گندھارا کے صدر مقام ٹیکسلا میں دکھائی دیتے ہیں,augmented_blur,train
data/raw/augmented/urdu_0426_aug1_brightness.png,پیشہ ہائے اردو زبان,augmented_brightness,train
data/raw/augmented/urdu_0567_aug2_blur.png,یہی وہ دور ہے جس میں شونگ اور ساتواہن سلطنتوں کو عروج حاصل ہوا,augmented_blur,train
data/raw/synthetic/urdu_0283.png,فارسی اس وقت تک مختلف ہند-اسلامی سلطنتوں کی درباری زبان کے طور پر کام کرتی تھی,synthetic,train
data/raw/synthetic/urdu_0323.png,8% سے 5%) اور بہار (c,synthetic,train
data/raw/signboards/sign_116.png,ادواری قسم بندی,signboards_synthetic,train
data/raw/synthetic/urdu_0014.png,لیکن اس دور میں اس کی اہمیت بہت کم تھی,synthetic,train
data/raw/synthetic/urdu_0199.png,اقوام متحدہ کی اعداد و شمار,synthetic,train
data/raw/augmented/urdu_0477_aug3_brightness.png,اسی دور ميں ويد لکھے گئے جن میں آریائی قبائل کے خداؤں کی حمدیہ نظمیں اکٹھا کی گئی ہیں,augmented_brightness,train
data/raw/augmented/urdu_0589_aug3_rotation.png,شہنشاہ کنشک بدھ مت کا بڑا مربی تھا,augmented_rotation,train
data/raw/augmented/urdu_0558_aug2_rotation.png,نیز تمل زبان کے گرامر کی قدیم ترین کتاب تولکا پیئم بھی اسی دوران میں تصنیف کی گئی,augmented_rotation,train
data/raw/synthetic/urdu_0511.png,سیاہ قلعی دار شمالی برتنوں کی ثقافت کا زمانہ بھی یہی ہے,synthetic,train
data/raw/augmented/urdu_0434_aug2_rotation.png,مغربی بنگال کی زبانیں,augmented_rotation,train
data/raw/books/book_073.png,آئین بنانے کے لیے ایک خاص کمیٹی تشکیل دے دی گئی اور آئین میں ہر شعبے اور اہم امور کے لیے اصول بنے، آئین میں ریاست کی تمام بڑے فیصلوں کے لیے قوانین بنائے گئے، حکومت اور ریاست کا پورا تشکیل بیان کیا گیا,books_synthetic,train
data/raw/augmented/urdu_0221_aug2_blur.png,اسلامی جمہوریتیں,augmented_blur,train
data/raw/augmented/urdu_0382_aug3_rotation.png,افسانہ لکھنے والے کو افسانہ نگار کہتے ہیں,augmented_rotation,train
data/raw/augmented/urdu_0285_aug3_brightness.png,اُردو کا بعض اوقات ہندی کے ساتھ موازنہ کیا جاتا ہے,augmented_brightness,train
data/raw/augmented/urdu_0468_aug1_blur.png,3300 ق م کے آس پاس برصغیر میں برنجی دور کا آغاز ہوا,augmented_blur,train
data/raw/augmented/urdu_0202_aug3_brightness.png,پاکستان میں کئی زبانیں بولی، لکھی اور سمجھی جاتی ہیں,augmented_brightness,train
data/raw/augmented/urdu_0199_aug2_blur.png,اقوام متحدہ کی اعداد و شمار,augmented_blur,train
data/raw/synthetic/urdu_0434.png,مغربی بنگال کی زبانیں,synthetic,train
data/raw/signboards/sign_103.png,گو تاریخ اور اساطیر مین فرق ہے,signboards_synthetic,train
data/raw/synthetic/urdu_0510.png,وجی مہا جن پد کے تخت اقتدار پر لچھوی سب سے معروف قبیلہ گذرا ہے,synthetic,train
data/raw/synthetic/urdu_0019.png,زمانہ قدیم کے جغرافیہ دانوں کی بعض تحریریں بڑی دلچسپ ہیں,synthetic,train
data/raw/augmented/urdu_0171_aug2_rotation.png,یہ ایک تاریخی کامیابی تھی,augmented_rotation,train
data/raw/augmented/urdu_0183_aug3_rotation.png,قومی پھل - پاکستان کا قومی پھل آم ہے,augmented_rotation,train
data/raw/augmented/urdu_0012_aug3_brightness.png,اور اس گھر سے زیادہ فوائد حاصل کرنے کے لیے علم جغرافیہ انسان کی رہنمائی کرتا ہے,augmented_brightness,train
data/raw/other/utrset_173.jpg,سمجھے جاتے ہیں ، حالانکہ اس مد میں جبکہ قوم کے نام توے  مشتعل تھے۔ ان میں سے,utrset_real,train
data/raw/augmented/urdu_0497_aug3_brightness.png,نیز اسی عہد میں اولین اپنیشدیں بھی لکھی گئیں,augmented_brightness,train
data/raw/augmented/urdu_0008_aug3_brightness.png,جغرافیہ کو زمین کی سائنس بھی کہا جاتا ہے,augmented_brightness,train
data/raw/augmented/urdu_0315_aug3_blur.png,1973 میں، اردو کو پاکستان کی واحد قومی زبان کے طور پر تسلیم کیا گیا تھا,augmented_blur,train
data/raw/augmented/urdu_0526_aug1_rotation.png,مہا پدم نند نو نندوں میں سے پہلا تھا اور اس کے بعد اسی کے آٹھ بیٹے نند کہلائے,augmented_rotation,train
data/raw/synthetic/urdu_0041.png,اس واقعہ نے برصغیر اور جنوبی ایشیا کی تاریخ پر گہرے اثرات مرتب کیے,synthetic,train
data/raw/augmented/urdu_0045_aug1_brightness.png,14 اگست 1947ء کو پاکستان وجود میں آیا,augmented_brightness,train
data/raw/signboards/sign_076.png,قومی ترانہ,signboards_synthetic,train
data/raw/augmented/urdu_0461_aug1_rotation.png,خطہ میں ان کی آمد اور سکونت نے لمبے عرصہ کے بعد زبردست تنوع پیدا کر دیا,augmented_rotation,train
data/raw/other/utrset_149.jpg,ڈانٹے کاخواب,utrset_real,train
data/raw/other/utrset_251.jpg,چیز معلوم کرسکوں گابلکہ مقصدصرف یہ تھاکہ میرے دماغ کے ایک دوسرے حصّے پر لگا,utrset_real,train
data/raw/augmented/urdu_0170_aug1_rotation.png,اور 1987ء اور 1996ء میں عالمی کپ کے مقابلے جزوی طور پر پاکستان میں ہوئے,augmented_rotation,train
data/raw/books/book_039.png,اس کے علاوہ صنعتی ڈھانچے کے نام پر پاکستان کے حصے میں گنتی کے چند کارخانے آئے اور مزید برآں کئی اندرونی و بیرونی مشکلات نے بھی پاکستان کو گھیرے رکھا,books_synthetic,train
data/raw/other/utrset_189.jpg,یہ اردو میں ایک نیا ڈر اما ہے، جو ایک فلسفیانہ دماغ والے فاضل وقابل,utrset_real,train
data/raw/augmented/urdu_0317_aug2_rotation.png,انگریزی نے ایک مشترکہ سرکاری زبان کے طور پر دونوں پر بہت زیادہ اثر ڈالا ہے,augmented_rotation,train
data/raw/augmented/urdu_0070_aug2_blur.png,اس وقت پاکستان کے صدر فاروق احمد خان لغاری تھے,augmented_blur,train
data/raw/augmented/urdu_0485_aug2_rotation.png,ابتدائی ویدک معاشرہ کو رگ وید میں بڑی تفصیل سے بیان کیا گیا ہے,augmented_rotation,train
data/raw/augmented/urdu_0299_aug2_blur.png,اور شاعر مير تقی میر نے کہا ہے:,augmented_blur,train
data/raw/augmented/urdu_0266_aug1_blur.png,مشرق وسطی کی تاريخ,augmented_blur,train
data/raw/augmented/urdu_0088_aug1_brightness.png,آئین نے مزید ملک میں دو قانون ساز ایوان قائم کئے ایک قومی اسمبلی اور دوسراں سینٹ,augmented_brightness,train
data/raw/augmented/urdu_0127_aug3_brightness.png,پاکستان کی بہت قديم اور رنگارنگ تہذيب ہے,augmented_brightness,train
data/raw/other/utrset_340.jpg,خوبصورت تھا۔ اس نے سوچاکہ اب اسے پتہ نہیں کب تک یہاں رہنا ہے۔ اپنا,utrset_real,train
data/raw/augmented/urdu_0408_aug2_blur.png,اردو ہندی تنازع,augmented_blur,train
data/raw/augmented/urdu_0191_aug1_brightness.png,(قابل اعتبار حوالہ درکار ہے) ان کا تعلق سیالکوٹ سے ہے,augmented_brightness,train
data/raw/augmented/urdu_0251_aug3_brightness.png,(سبط حسن، ماضی کے مزار,augmented_brightness,train
data/raw/augmented/urdu_0355_aug2_blur.png,یہ زبان دکن بھارت میں بولی جاتی ہے,augmented_blur,train
data/raw/signboards/sign_138.png,تاریخ کے معاون علوم,signboards_synthetic,train
data/raw/augmented/urdu_0369_aug3_blur.png,اگر کوئی لفظ فارسی یا عربی زبان کا ہو تو تقریر کی سطح زیادہ رسمی اور عظیم تر سمجھی جاتی ہے,augmented_blur,train
data/raw/augmented/urdu_0603_aug1_blur.png,گپت خاندان کی تباہی ان منگول قوموں کے ہاتھوں ہوئی جو ہن کہلاتی تھیں,augmented_blur,train
data/raw/books/book_099.png,مخابرات اور ملک کے بیرون خطرات سے نمٹنے کے لیے بھی مخابراتی ادارے (جیسے آئی ایس آئی، وغیرہ) موجود ہیں,books_synthetic,train
data/raw/other/utrset_234.jpg,کرے توآپ جواب نہ دیں۔ میرے ان دو موجودہ آدمیوں میں سے کوئی شخص یا ان کی جگہ,utrset_real,train
data/raw/other/utrset_194.jpg,اہم ترین مسائل میں سے ہے ۔ حق آنخاب ، مناکحت میں بالکل فریقین کو دیا جائے-,utrset_real,train
data/raw/other/utrset_117.jpg,”نیرنگِ نظر“,utrset_real,train
data/raw/synthetic/urdu_0508.png,قدیم بودھ گرنتھوں انگُتّر نکائے وغیرہ میں ان سولہ ریاستوں کا کثرت سے تذکرہ ملتا ہے,synthetic,train
data/raw/augmented/urdu_0113_aug2_brightness.png,یہ علاقے نہری ہیں اور زیر کاشت ہیں,augmented_brightness,train
data/raw/synthetic/urdu_0426.png,پیشہ ہائے اردو زبان,synthetic,train
data/raw/signboards/sign_124.png,ايشيا کی تاريخ,signboards_synthetic,train
data/raw/other/utrset_261.jpg,واپس آنے کاحکم ملاہو۔,utrset_real,train
data/raw/augmented/urdu_0281_aug2_blur.png,اس لحاظ سے یہ دنیا کی نویں بڑی زبان ہے,augmented_blur,train
data/raw/augmented/urdu_0527_aug1_brightness.png,نند سلطنت اور سکندر کی مہم,augmented_brightness,train
data/raw/augmented/urdu_0219_aug2_rotation.png,1947ء میں قائم ہونے والے ممالک اور علاقے,augmented_rotation,train
data/raw/augmented/urdu_0187_aug2_blur.png,قومی پرندہ - پاکستان کا قومی پرندہ چکور ہے,augmented_blur,train
data/raw/augmented/urdu_0008_aug2_blur.png,جغرافیہ کو زمین کی سائنس بھی کہا جاتا ہے,augmented_blur,train
data/raw/synthetic/urdu_0252.png,(مولانا محمد حنیف ندوی,synthetic,train
data/raw/augmented/urdu_0035_aug1_blur.png,اس کے پانچ صوبے اور کچھ وفاقی حکومت کے زیر انتظام علاقے ہیں,augmented_blur,train
data/raw/augmented/urdu_0078_aug3_rotation.png,17 اگست 2018ء کو عمران خان 176 ووٹ حاصل کر کے بائیسویں وزیر اعظم پاکستان بن گئے,augmented_rotation,train
data/raw/augmented/urdu_0067_aug3_rotation.png,کچھ عرصہ بعد صدر غلام اسحاق خان نے حکومت کو برطرف کر دیا,augmented_rotation,train
data/raw/synthetic/urdu_0233.png,وفاقی جمہوریتیں,synthetic,train
data/raw/augmented/urdu_0155_aug2_rotation.png,تخت بائی اور پڑوسی شہر شہر بہلول کے بدھ مت کے کھنڈر,augmented_rotation,train
data/raw/synthetic/urdu_0239.png,تصور تاریخ اتنا ہی قدیم ہے کہ جتنا تصور زماں و مکاں,synthetic,train
data/raw/augmented/urdu_0019_aug2_rotation.png,زمانہ قدیم کے جغرافیہ دانوں کی بعض تحریریں بڑی دلچسپ ہیں,augmented_rotation,train
data/raw/augmented/urdu_0089_aug1_rotation.png,جبکہ سینٹ میں تمام صوبوں کو برابر کے نشستیں دیے گئے ہیں چاہے صوبہ چھوٹا ہو یا بڑا,augmented_rotation,train
data/raw/augmented/urdu_0172_aug1_blur.png,اس نے دوسری ٹیموں کے آنے کے لیے بھی راہ ہموار کر لی,augmented_blur,train
data/raw/signboards/sign_066.png,ڈویژنل دار الحکومت,signboards_synthetic,train
data/raw/augmented/urdu_0175_aug1_blur.png,اچھا اور مناسب علاج درمیانے سے لیکر اعلیٰ طبقے کے ليے مخصوص ہے,augmented_blur,train
data/raw/augmented/urdu_0098_aug2_brightness.png,تقسیم کے وقت بھارت میں 16 آرڈیننس فیکٹریاں تھیں جبکہ پاکستان میں ایک بھی نہیں تھی,augmented_brightness,train
data/raw/augmented/urdu_0536_aug2_brightness.png,شاید اس کی وجہ یہ تھی کہ جنوب سے کلنگ کے تجارتی روابط مضبوط تھے,augmented_brightness,train
data/raw/other/utrset_063.jpg,قانون کوجواصل میں غیر واجب ہو، واجب قرار دے، لیکن جہاں غیر مسلم حکومت,utrset_real,train
data/raw/augmented/urdu_0566_aug2_blur.png,اس دور کو مزید مختلف ذیلی ادوار میں تقسیم کیا گیا ہے,augmented_blur,train
data/raw/synthetic/urdu_0259.png,تاريخ کی قسم بندی,synthetic,train
data/raw/augmented/urdu_0200_aug1_blur.png,جہاں پہ ہماری بہت سے زبانیں بولی جاتی ہیں جن میں سے ایک ہماری قومی زبان اردو ہے,augmented_blur,train
data/raw/augmented/urdu_0369_aug1_blur.png,اگر کوئی لفظ فارسی یا عربی زبان کا ہو تو تقریر کی سطح زیادہ رسمی اور عظیم تر سمجھی جاتی ہے,augmented_blur,train
data/raw/other/utrset_029.jpg,میں بڑی ہمدردی سے دلچسپی لی، جیسا کہ حسبِ ذیل تفصیلات سے اندازہ ہوگا۔,utrset_real,train
data/raw/signboards/sign_109.png,مورخ کی ذمہ داری,signboards_synthetic,train
data/raw/augmented/urdu_0575_aug1_blur.png,کل دس شونگ بادشاہ گذرے ہیں لیکن اگنی متر کی وفات کے بعد سلطنت کا شیرازہ تیزی سے بکھرنے لگا,augmented_blur,train
data/raw/augmented/urdu_0144_aug1_rotation.png,2002ء کے بعد الیکٹرونک میڈیا نے ترقی کی اور پے در پے نئے نجی چینل آتے رہے,augmented_rotation,train
data/raw/augmented/urdu_0416_aug1_rotation.png,علوی نستعلیق یونیکوڈ فونٹ ڈاون لوڈ کریں,augmented_rotation,train
data/raw/synthetic/urdu_0376.png,ساتھ ساتھ کئی اہم، مقبول، معروف اسلامی ادبی کتب کا خزینہ اردو میں دستیاب ہے,synthetic,train
data/raw/augmented/urdu_0445_aug2_blur.png,یہاں سے ویدک دور کا آغاز ہوتا ہے,augmented_blur,train
data/raw/other/utrset_339.jpg,سارا سامان ان مناسب جگہوں پر سجاتی ! ملازمہ لڑکی راحت کو پھوپھی اماں نے,utrset_real,train
data/raw/augmented/urdu_0067_aug1_rotation.png,کچھ عرصہ بعد صدر غلام اسحاق خان نے حکومت کو برطرف کر دیا,augmented_rotation,train
data/raw/augmented/urdu_0407_aug1_brightness.png,پاکستان کی زبانیں,augmented_brightness,train
data/raw/synthetic/urdu_0204.png,تعلیمی ادارے بلحاظ زمرہ جات,synthetic,train
data/raw/other/utrset_017.jpg,نہیں، مذہبی طورپر زبانی ایجاب و قبول (بشرائط مقررہ و معتبرہ) نکاح کے لیے اور,utrset_real,train
data/raw/augmented/urdu_0095_aug1_brightness.png,1947ء میں قیام پاکستان سے پہلے پاک عسکریہ، ہندوستانی فوج کا حصہ تھی,augmented_brightness,train
data/raw/augmented/urdu_0543_aug2_brightness.png,اس کا دارالخلافہ قنوج تھا جس کے کھنڈر آج بھی شمالی بھارت میں پائےجاتے ہیں,augmented_brightness,train
data/raw/synthetic/urdu_0362.png,درج ذیل فہرست میں کچھ ممالک میں اردو بولنے والوں کی تعداد دکھائی گئی ہے,synthetic,train
data/raw/augmented/urdu_0293_aug2_rotation.png,اس کا مطلب بلند کیمپ کی زبان ہے,augmented_rotation,train
data/raw/augmented/urdu_0391_aug2_brightness.png,بالخصوص نظم میں اردو کے مقابلہ میں دوسری زبان نہیں,augmented_brightness,train
data/raw/augmented/urdu_0208_aug2_blur.png,پاکستان کے وزیراعظم,augmented_blur,train
data/raw/augmented/urdu_0403_aug1_brightness.png,منقبت: بزرگوں کی شان میں کہا گیا قصیدہ,augmented_brightness,train
data/raw/synthetic/urdu_0384.png,سفر نامہ، مضمون، سرگذشت، انشائیہ، مراسلہ، خود نوشت وغیرہ دیگر اصناف میں سے ہیں,synthetic,train
data/raw/augmented/urdu_0279_aug2_rotation.png,59% فیصد لوگ استعمال کرتے ہیں، یہ پاکستان کی پانچویں بڑی زبان ہے,augmented_rotation,train
data/raw/synthetic/urdu_0160.png,یہ پانچ مقامات ٹیکسلا، لاہور، شاہراہ قراقرم، کریم آباد، اور جھیل سیف الملوک تہے,synthetic,train
data/raw/augmented/urdu_0103_aug3_brightness.png,صوبہ جات کی تقسیم یکم جولائی 1970ء کو کی گئی,augmented_brightness,train
data/raw/augmented/urdu_0357_aug3_rotation.png,ہندی کے ساتھ موازنہ,augmented_rotation,train
data/raw/augmented/urdu_0280_aug2_blur.png,اردو تاریخی طور پر ہندوستان کی مسلم آبادی سے جڑی ہے,augmented_blur,train
data/raw/augmented/urdu_0206_aug1_brightness.png,ڈویژنل دار الحکومت,augmented_brightness,train
data/raw/other/utrset_368.jpg,رات کے تین بج چکے ہیں ۔ گلی میں کتوں کے بھونکنے اور دور سیاروں کے,utrset_real,train
data/raw/augmented/urdu_0181_aug2_rotation.png,قومی پھول - پاکستان کا قوی پھول چنبیلی (یاسمین) ہے,augmented_rotation,train
data/raw/synthetic/urdu_0485.png,ابتدائی ویدک معاشرہ کو رگ وید میں بڑی تفصیل سے بیان کیا گیا ہے,synthetic,train
data/raw/augmented/urdu_0313_aug3_rotation.png,نوآبادیاتی دور میں اردو,augmented_rotation,train
data/raw/books/book_054.png,اس کے بعد 1988ء میں انتخابات ہوئے اور بينظير بھٹو کی قیادت میں پاکستان پیپلز پارٹی اور اس کی حلیف جماعتیں اقتدار میں آئیں,books_synthetic,train
data/raw/augmented/urdu_0218_aug2_rotation.png,فہرست پاکستان کے جزائر,augmented_rotation,train
data/raw/augmented/urdu_0030_aug3_brightness.png,انیسویں صدی میں سائنس,augmented_brightness,train
data/raw/signboards/sign_115.png,آسٹریلیا,signboards_synthetic,train
data/raw/augmented/urdu_0038_aug3_rotation.png,لفظ پاکستان اس وقت پانچ مسلم علاقوں کے ناموں کا سرنامیہ ہے,augmented_rotation,train
data/raw/augmented/urdu_0010_aug2_rotation.png,وہ جغرافیہ کی ہی مرہون منت ہے,augmented_rotation,train
data/raw/synthetic/urdu_0325.png,آبادیاتی اور جغرافیائی تقسیم,synthetic,train
data/raw/augmented/urdu_0492_aug3_blur.png,اسی کے پہلو بہ پہلو اتھرو وید کی ترتیب و تدوین بھی جاری تھی,augmented_blur,train
data/raw/synthetic/urdu_0542.png,اس دوران میں اور اس کے بعد بھی يونانيوں اور کشانوں کا اثر برقرار رہا,synthetic,train
data/raw/other/utrset_148.jpg,(سرِورق کی تصویرکے ساتھ),utrset_real,train
data/raw/other/utrset_290.jpg,جاسکتاہے۔ ایک گہری دلچسپی لیتے ہوئے میں نے اثبات میں سر کوجنبش دی۔ برقی قمقمے,utrset_real,train
data/raw/augmented/urdu_0277_aug3_blur.png,آئین ہند کے مطابق اسے 22 دفتری شناخت شدہ زبانوں میں شامل کیا جا چکا ہے,augmented_blur,train
data/raw/augmented/urdu_0056_aug1_rotation.png,اس کے باوجود سیاسی بحران کا نتیجہ یہ ہوا کہ 1958ء میں پاکستان میں مارشل لا لگ گیا,augmented_rotation,train
data/raw/signboards/sign_063.png,اقوام متحدہ کی اعداد و شمار,signboards_synthetic,train
data/raw/augmented/urdu_0108_aug1_blur.png,جغرافیائی طور پر پاکستان جنوبی ایشیا کے شمال مغربی حصے میں واقع ہے,augmented_blur,train
data/raw/augmented/urdu_0463_aug1_rotation.png,ٹم ڈائسن رقم طراز ہے:,augmented_rotation,train
data/raw/augmented/urdu_0097_aug2_blur.png,اس وقت بہت سے مسلمان فوجی، پاک عسکریہ میں شامل ہوگئے,augmented_blur,train
data/raw/synthetic/urdu_0350.png,ڈھاکیہ اردو بنگلہ دیش کے پرانے ڈھاکہ شہر کی ایک بولی ہے جو مغل دور سے شروع ہوتی ہے,synthetic,train
data/raw/augmented/urdu_0546_aug3_blur.png,ارتھ شاستر اور اشوک کے کتبے موریا دور کے احوال و وقائع کے اولین مآخذ ہیں,augmented_blur,train
data/raw/augmented/urdu_0554_aug2_blur.png,ان میں کاشت کار بھی تھے، دست کار بھی تھے، دکان دار، تاجر اور پروہت بھی تھے,augmented_blur,train
data/raw/augmented/urdu_0222_aug3_brightness.png,اقوام متحدہ کے رکن ممالک,augmented_brightness,train
data/raw/augmented/urdu_0320_aug2_rotation.png,ہندو اردو استعمال کرتے ہیں,augmented_rotation,train
data/raw/augmented/urdu_0197_aug1_rotation.png,اتحاد، ایمان، نظم تحریر ہے,augmented_rotation,train
data/raw/augmented/urdu_0066_aug2_brightness.png,پاکستان میں پھر سے جمہوریت کا آغاز ہو گیا,augmented_brightness,train
data/raw/synthetic/urdu_0381.png,فکشن اصناف: افسانہ نگاری کافی مشہور صنف تسلیم کی گئی,synthetic,train
data/raw/other/utrset_172.jpg,کوئی چیز عیب گیری کی مستحق نہ تھی۔ امام ملک اور حضرت عمربن عبد الغریزکا تقدس اور,utrset_real,train
data/raw/augmented/urdu_0343_aug2_blur.png,اردو واحد قومی ہے، اور پاکستان کی دو سرکاری زبانوں میں سے ایک (انگریزی کے ساتھ),augmented_blur,train
data/raw/other/utrset_112.jpg,صلعلم کی سیرتِ پاک پر مسلم اورمعتدغیر مسلم اہلِ قلم کے مفیدمضامین تقریباً ڈیرھ سوصفحات,utrset_real,train
data/raw/synthetic/urdu_0432.png,کرناٹک کی زبانیں,synthetic,train
data/raw/augmented/urdu_0544_aug3_rotation.png,جنگ کلنگ کے بعد تقریباً نصف صدی تک سلطنت میں ہر طرف امن و امان کا راج رہا,augmented_rotation,train
data/raw/augmented/urdu_0244_aug1_brightness.png,سیلی کی رائے میں تاریخ گزشتہ سیاست اور گزشتہ سیاست موجودہ تایخ ہے,augmented_brightness,train
data/raw/augmented/urdu_0103_aug1_blur.png,صوبہ جات کی تقسیم یکم جولائی 1970ء کو کی گئی,augmented_blur,train
data/raw/books/book_126.png,پاکستان ميں تمام تر اعلیٰ تعليم بھی انگريزی ميں ہی دی جاتی ہے,books_synthetic,train
data/raw/augmented/urdu_0154_aug2_brightness.png,موہن جو دڑو کے اثریاتی کھنڈر,augmented_brightness,train
data/raw/augmented/urdu_0439_aug1_blur.png,مدھیہ پردیش کی زبانیں,augmented_blur,train
data/raw/synthetic/urdu_0168.png,پاکستان کرکٹ کے ٹیم، جنہیں شاہین کہا جاتا ہے، نے 1992ء میں کرکٹ کا عالمی کپ جیتا تھا,synthetic,train
data/raw/augmented/urdu_0044_aug1_blur.png,اس تحریک کی قیادت محمد علی جناح نے کی,augmented_blur,train
data/raw/augmented/urdu_0325_aug3_rotation.png,آبادیاتی اور جغرافیائی تقسیم,augmented_rotation,train
data/raw/other/utrset_044.jpg,مختلف صورتوں،خلع، خیار اور تفریق کے مسائل، ولی ہونے کے باہمی فرق و مراتب,utrset_real,train
data/raw/augmented/urdu_0412_aug2_rotation.png,اردو بولنے والوں کے ذریعہ ہندوستان کی ریاستیں,augmented_rotation,train
data/raw/augmented/urdu_0531_aug3_rotation.png,بر صغير سے سکندر اعظم کے جانے کے بعد نند سلطنت کی بساط الٹ گئی اور موريا دور کا آغاز ہوا,augmented_rotation,train
data/raw/augmented/urdu_0580_aug2_brightness.png,ساتواہن ان اولین ہندوستانی ریاستوں میں سے ہے جنھوں نے اپنے سکوں پر سلاطین کی شبیہ بنائی,augmented_brightness,train
data/raw/synthetic/urdu_0474.png,آہنی دور (1500 ق م تا 200 ق م),synthetic,train
data/raw/augmented/urdu_0600_aug1_blur.png,یہی وجہ ہے کہ تاریخ کے چہرے پر اس عہد کو گپت سلطنت کا بوسۂ امن قرار دیا جاتا ہے,augmented_blur,train
data/raw/synthetic/urdu_0368.png,ʃkəɾi  ])  یا صرف لشکری,synthetic,train
data/raw/other/utrset_337.jpg,اس کا ہاتھ بٹاتی رہی!,utrset_real,train
data/raw/augmented/urdu_0230_aug1_rotation.png,سارک کے رکن ممالک,augmented_rotation,train
data/raw/augmented/urdu_0118_aug3_brightness.png,پاکستان دنيا کا ايک ترقی پزیر ملک ہے,augmented_brightness,train
data/raw/synthetic/urdu_0365.png,پرتگالیوں سے ادھار کی تعداد بھی کم ہے,synthetic,train
data/raw/signboards/sign_161.png,بھارت میں,signboards_synthetic,train
data/raw/books/book_046.png,1963ء میں پاکستان کے دوسرے آئین کا نفاذ ہوا، مگر مشرقی پاکستان کے حالات آہستہ آہستہ بگڑتے گئے,books_synthetic,train
data/raw/other/utrset_320.jpg,اور دیسی بدیسی پھولوں کی وہ بھر مار تھی کہ جدھر نظر اٹھتی اپنے سامنے نیا گل کھلا ہوا,utrset_real,train
data/raw/other/utrset_323.jpg,ان کی مہک کو چاروں پھیلانے میں مدد دے رہاتھا۔مزید چائے کی خوشبو اسے,utrset_real,train
data/raw/augmented/urdu_0233_aug3_blur.png,وفاقی جمہوریتیں,augmented_blur,train
data/raw/other/utrset_315.jpg,اس کی اجازت کے بغیر کوئی ایک کلی تک توڑلے۔ اب دیکھو ۔کسی کام سے علی گڑھ گیا,utrset_real,train
data/raw/synthetic/urdu_0463.png,ٹم ڈائسن رقم طراز ہے:,synthetic,train
data/raw/augmented/urdu_0077_aug1_brightness.png,یوں نوازشریف پاکستان کے تیسرے بار وزیرِ اعظم منتخب ہوئے,augmented_brightness,train
data/raw/other/utrset_292.jpg,کمرے کابڑی غائر نظر سے معائنہ کیا۔ میں نے دیکھاکہ ایسا کرتے وقت وہ کھڑکیوں سے,utrset_real,train
data/raw/augmented/urdu_0009_aug3_brightness.png,آج تک انسان نے جتنی بھی ترقی کی ہے,augmented_brightness,train
data/raw/augmented/urdu_0370_aug1_rotation.png,ایک ہاتھ سے لکھا ہوا اردو اخبار، دی مسلمان ، اب بھی چنئی میں روزانہ شائع ہوتا ہے,augmented_rotation,train
data/raw/augmented/urdu_0123_aug1_blur.png,پاکستان کے خواص بھی بنيادی طور پر انگريزی کا استعمال کرتے ہيں,augmented_blur,train
data/raw/synthetic/urdu_0068.png,1990ء میں نواز شریف کی قیادت میں آئی جے آئی اور اس کی حلیف جماعتیں اقتدار میں آئیں,synthetic,train
data/raw/augmented/urdu_0094_aug1_blur.png,پاکستان کی دفاع کا ذمہ ملک کے مسلح افواج پر ہے جس کی بنیادی طور پر تین شاخیں ہیں:,augmented_blur,train
data/raw/synthetic/urdu_0404.png,مدح: بادشاہوں، نوابوں کی شان میں کہا گیا قصیدہ,synthetic,train
data/raw/augmented/urdu_0144_aug3_rotation.png,2002ء کے بعد الیکٹرونک میڈیا نے ترقی کی اور پے در پے نئے نجی چینل آتے رہے,augmented_rotation,train
data/raw/augmented/urdu_0061_aug1_blur.png,اس دور میں سوشلسٹ اور پین اسلامک عنصر بڑھا,augmented_blur,train
data/raw/augmented/urdu_0069_aug2_brightness.png,1993ء میں یہ حکومت بھی برطرف ہو گئی,augmented_brightness,train
data/raw/synthetic/urdu_0390.png,جنوبی ایشیا میں اردو ایک اہم زبان ہے,synthetic,train
data/raw/augmented/urdu_0255_aug3_blur.png,افکار ابن خلدون، 79),augmented_blur,train
data/raw/augmented/urdu_0247_aug2_brightness.png,یہ اور بات ہے تاریخ کی ابتدا اساطیر یا دیومالائی کہانیوں سے شروع ہوئی,augmented_brightness,train
data/raw/augmented/urdu_0542_aug3_rotation.png,اس دوران میں اور اس کے بعد بھی يونانيوں اور کشانوں کا اثر برقرار رہا,augmented_rotation,train
data/raw/augmented/urdu_0061_aug2_rotation.png,اس دور میں سوشلسٹ اور پین اسلامک عنصر بڑھا,augmented_rotation,train
data/raw/synthetic/urdu_0529.png,یہ نند سلطنت کے عروج کا زمانہ تھا اور اس کی ثروت اور دولت مندی کے چرچے ہر طرف تھے,synthetic,train
data/raw/signboards/sign_064.png,تعلیم یافتگی,signboards_synthetic,train
data/raw/synthetic/urdu_0017.png,زمانہ قدیم میں جغرافیہ کا تصور,synthetic,train
data/raw/synthetic/urdu_0567.png,یہی وہ دور ہے جس میں شونگ اور ساتواہن سلطنتوں کو عروج حاصل ہوا,synthetic,train
data/raw/augmented/urdu_0234_aug2_blur.png,ویڈیو کلپس پر مشتمل مضامین,augmented_blur,train
data/raw/signboards/sign_110.png,افکار ابن خلدون، 79),signboards_synthetic,train
data/raw/synthetic/urdu_0251.png,(سبط حسن، ماضی کے مزار,synthetic,train
data/raw/augmented/urdu_0591_aug2_brightness.png,مورخ ونسنٹ اسمتھ کنشک کے متعلق لکھتا ہے:,augmented_brightness,train
data/raw/augmented/urdu_0316_aug1_brightness.png,ہندوستانی میڈیا خاص طور پر ہندی-اردو بالی ووڈ فلمیں اور گانے اردو زبان میں ہوتے ہیں,augmented_brightness,train
data/raw/augmented/urdu_0514_aug2_brightness.png,گوتم بدھ کے حالات زندگی انھی چار ریاستوں کے گرد گھومتے ہیں,augmented_brightness,train
data/raw/augmented/urdu_0151_aug2_rotation.png,اس کے بقایا جات گندھارا کے صدر مقام ٹیکسلا میں دکھائی دیتے ہیں,augmented_rotation,train
data/raw/augmented/urdu_0376_aug2_rotation.png,ساتھ ساتھ کئی اہم، مقبول، معروف اسلامی ادبی کتب کا خزینہ اردو میں دستیاب ہے,augmented_rotation,train
data/raw/augmented/urdu_0157_aug1_blur.png,ٹھٹھہ کی تاریخی یادگاریں,augmented_blur,train
data/raw/other/utrset_364.jpg,بھی جانا ہے۔۔ اے لومیں بھول گئی۔۔بیٹے اگر تیرے پاس,utrset_real,train
data/raw/synthetic/urdu_0461.png,خطہ میں ان کی آمد اور سکونت نے لمبے عرصہ کے بعد زبردست تنوع پیدا کر دیا,synthetic,train
data/raw/synthetic/urdu_0334.png,جبکہ کچھ اردو الفاظ کو پاکستان کی علاقائی زبانوں نے بھی ضم کر لیا ہے,synthetic,train
data/raw/other/utrset_098.jpg,ناشر:۔ارمغاں بکڈپو،دہلی۔ سائز,utrset_real,train
data/raw/other/utrset_204.jpg,سے کہ بدنام کنداہل خدود اغلط اسٹ,utrset_real,train
data/raw/augmented/urdu_0033_aug1_rotation.png,پاکستان کے مشرق ميں بھارت، شمال مشرق ميں چین اور مغرب ميں افغانستان اور ايران واقع ہيں,augmented_rotation,train
data/raw/augmented/urdu_0206_aug3_rotation.png,ڈویژنل دار الحکومت,augmented_rotation,train
data/raw/synthetic/urdu_0065.png,افغانستان میں جنگ کی وجہ سے پاکستان کو بہت امداد ملی,synthetic,train
data/raw/other/utrset_305.jpg,کے لیے دے دے۔’’,utrset_real,train
data/raw/other/utrset_259.jpg,چہرے اورآنکھوں میں ”شیطانی اشتیاق“ اور”شیطانی مسرت“ کی تبدیلیاں دیکھ,utrset_real,train
data/raw/signboards/sign_148.png,نوآبادیاتی دور میں اردو,signboards_synthetic,train
data/raw/augmented/urdu_0351_aug2_blur.png,اسے بنگلہ دیش کی حکومت نے سرکاری طور پر تسلیم نہیں کیا ہے,augmented_blur,train
data/raw/augmented/urdu_0170_aug2_rotation.png,اور 1987ء اور 1996ء میں عالمی کپ کے مقابلے جزوی طور پر پاکستان میں ہوئے,augmented_rotation,train
data/raw/other/utrset_105.jpg,متین روش اورمستقل سلامت ردی قابل ذکر ہے جوانداز وطرز ابتداسے اختیارکیاہے بدستوراسی,utrset_real,train
data/raw/synthetic/urdu_0025.png,مسلمانوں کے علمی زوال کے بعد یورپ میں اس مضمون پر بہت پیش رفت ہوئی,synthetic,train
data/raw/augmented/urdu_0313_aug1_blur.png,نوآبادیاتی دور میں اردو,augmented_blur,train
data/raw/signboards/sign_092.png,پاکستان میں 1947ء کی تاسیسات,signboards_synthetic,train
data/raw/augmented/urdu_0560_aug1_rotation.png,اس ظلم پر کن نکی کا جذبۂ انتقام بیدار ہوتا ہے اور سلطنت سے بدلہ لینے کی ٹھان لیتی ہے,augmented_rotation,train
data/raw/synthetic/urdu_0196.png,علامت کے چاروں طرف بانی پاکستان حضرت قائد اعظم محمد علی جناح کا قول,synthetic,train
data/raw/synthetic/urdu_0308.png,کیونکہ اگرچہ مورز  بولی اپنے لیے مخصوص ہے، پھر بھی اس کے اظہار کے لیے خطوط سے محروم ہے,synthetic,train
data/raw/synthetic/urdu_0442.png,یہ قدیم مصر اور میسوپوٹیمیا کی تہذیبوں کی ہم عصر تھی,synthetic,train
data/raw/augmented/urdu_0407_aug2_blur.png,پاکستان کی زبانیں,augmented_blur,train
data/raw/synthetic/urdu_0584.png,پہلی صدی عیسوی کے آس پاس توما رسول بحری راستے سے ہندوستان پہنچا اور موزریز ساحل پر اترا,synthetic,train
data/raw/augmented/urdu_0375_aug1_brightness.png,عربی اور فارسی کی کئی کلاسیکی کتب کے بھی تراجم اردو میں ہیں,augmented_brightness,train
data/raw/augmented/urdu_0120_aug3_rotation.png,اِس وقت پاکستان کی معيشت مستحکم ہے اور تيزی سے بڑھنا شروع ہو گئی ہے,augmented_rotation,train
data/raw/augmented/urdu_0186_aug2_blur.png,جانور – مارخور قومی جانور ہے,augmented_blur,train
data/raw/augmented/urdu_0535_aug3_brightness.png,البتہ کلنگ کا علاقہ (موجودہ اوڈیشا) اس کے دائرۂ اقتدار سے باہر رہا,augmented_brightness,train
data/raw/augmented/urdu_0393_aug1_rotation.png,نظمی اردو (اردو شاعری) میں ذیل کے اصناف ہیں:,augmented_rotation,train
data/raw/other/utrset_389.jpg,کوشش کرتا ہے۔ آخر ایک پلیا پر رک کر دوبارہ گٹھری باندھنا ہے,utrset_real,train
data/raw/synthetic/urdu_0114.png,صوبہ سندھ کے مشرقی اور صوبہ پنجاب کے جنوب مشرقی علاقے صحرائی ہیں,synthetic,train
data/raw/augmented/urdu_0375_aug3_rotation.png,عربی اور فارسی کی کئی کلاسیکی کتب کے بھی تراجم اردو میں ہیں,augmented_rotation,train
data/raw/books/book_069.png,17 اگست 2018ء کو عمران خان 176 ووٹ حاصل کر کے بائیسویں وزیر اعظم پاکستان بن گئے,books_synthetic,train
data/raw/synthetic/urdu_0377.png,اس کا موضوع فالنامہ ہے,synthetic,train
data/raw/augmented/urdu_0045_aug2_blur.png,14 اگست 1947ء کو پاکستان وجود میں آیا,augmented_blur,train
data/raw/augmented/urdu_0114_aug2_blur.png,صوبہ سندھ کے مشرقی اور صوبہ پنجاب کے جنوب مشرقی علاقے صحرائی ہیں,augmented_blur,train
data/raw/augmented/urdu_0021_aug2_rotation.png,اس کے 1700 سال بعد کولمبس نے اس ملک امریکا کو دریافت کیا,augmented_rotation,train
data/raw/other/utrset_176.jpg,( ۲ ) مولانا سید سلیمان ندوی ناظم دارالمصنفین,utrset_real,train
data/raw/other/utrset_301.jpg,جینی نے بے حد توجہ اور دلچسپی سے ان کے گھر کی ایک ایک چیز دیکھی! شیشے,utrset_real,train
data/raw/augmented/urdu_0320_aug1_blur.png,ہندو اردو استعمال کرتے ہیں,augmented_blur,train
data/raw/books/book_124.png,پاکستان کی قومی زبان اردو ہے، جبکہ زيادہ تر دفتری کام انگريزی ميں کیے جاتے ہيں,books_synthetic,train
data/raw/augmented/urdu_0488_aug2_rotation.png,آریائی قبائل غالباً جزوی طور پر ابتدا میں گیرو رنگ کے برتنوں کی ثقافت سے مشابہ نظر آتے ہیں,augmented_rotation,train
data/raw/augmented/urdu_0405_aug1_brightness.png,نوحہ: معرکۂ کربلا میں ہوئے شہیدوں کے واقعات کو بیان کرنے والی صنف نوحہ ہے,augmented_brightness,train
data/raw/augmented/urdu_0599_aug1_brightness.png,اس عہد میں علوم و فنون اور سیاسی انتظام و انصرام نے نئی چوٹیاں سر کیں,augmented_brightness,train
data/raw/augmented/urdu_0533_aug2_rotation.png,اس جنگ میں فتح پانے کے بعد دریائے سندھ کا مغربی خطہ بھی اس کی حکومت میں شامل ہو گیا,augmented_rotation,train
data/raw/augmented/urdu_0152_aug1_blur.png,آزادی کے بعد کا فن تعمیر بھی ایک منفرد مقام رکھتا ہے,augmented_blur,train
data/raw/synthetic/urdu_0211.png,پاکستان کے اخبار,synthetic,train
data/raw/augmented/urdu_0262_aug3_blur.png,ادواری قسم بندی,augmented_blur,train
data/raw/augmented/urdu_0143_aug1_rotation.png,شیروانی کا استعمال خاص کر تقاریب اور خوشیوں کے مواقع پر کیا جاتا ہے,augmented_rotation,train
data/raw/books/book_068.png,28 جولائی 2017ء کو عدالت عظمیٰ نے تاریخ دہراتے ہوئے ایک اور وزیر اعظم نوازشریف کو پانامالیکس فیصلے میں تا حیات نا اہل قرار دے کر برطرف کر دیا اور یوں پاکستان مسلم لیگ ن کے شاہد خاقان عباسی نئے وزیراعظم بن گئے,books_synthetic,train
data/raw/signboards/sign_036.png,اشتقاقیات,signboards_synthetic,train
data/raw/augmented/urdu_0379_aug2_brightness.png,غیر مذہبی ادب کو پھر سے دو اشکال میں دیکھ سکتے ہیں,augmented_brightness,train
data/raw/synthetic/urdu_0013.png,علم جغرافیہ پرانے زمانے میں بھی موجود رہا ہے,synthetic,train
data/raw/augmented/urdu_0487_aug2_blur.png,اثریاتی تناظر میں ہند,augmented_blur,train
data/raw/augmented/urdu_0172_aug2_blur.png,اس نے دوسری ٹیموں کے آنے کے لیے بھی راہ ہموار کر لی,augmented_blur,train
data/raw/augmented/urdu_0256_aug3_blur.png,پانچواں سبب امرا و سلاطین کے قرب کی خواہش,augmented_blur,train
data/raw/augmented/urdu_0585_aug1_blur.png,یہاں پہنچ کر توما نے سات گرجا گھروں کی بنیاد رکھی,augmented_blur,train
data/raw/synthetic/urdu_0478.png,اس عہد کو ویدک دور کہا جاتا ہے,synthetic,train
data/raw/augmented/urdu_0515_aug3_blur.png,مگدھ کا دور اول,augmented_blur,train
data/raw/augmented/urdu_0551_aug2_brightness.png,یہ تینوں شاہی خانوادے تمل اکام کے تاجوران ثلاثہ کہلاتے ہیں,augmented_brightness,train
data/raw/augmented/urdu_0343_aug3_blur.png,اردو واحد قومی ہے، اور پاکستان کی دو سرکاری زبانوں میں سے ایک (انگریزی کے ساتھ),augmented_blur,train
data/raw/augmented/urdu_0534_aug1_rotation.png,چندر گپت کے بعد اس کا بیٹا بندو سار 297 ق م کے آس پاس تخت سلطنت پر بیٹھا,augmented_rotation,train
data/raw/augmented/urdu_0038_aug2_blur.png,لفظ پاکستان اس وقت پانچ مسلم علاقوں کے ناموں کا سرنامیہ ہے,augmented_blur,train
data/raw/other/utrset_070.jpg,رہگیااورہمیشہ کے لئے ایک سکوت، سکوتِ مرگ عاری ہوگیا۔اورحسن صباخت ور آغوش،آغوشِ فنامیں روپوش یہ تھا”ڈاخ کاخواب“,utrset_real,train
data/raw/other/utrset_216.jpg,کے والدین کے سررہیں ۔ میری راے  میں: مسائل نہایت غور طلب ہیں ، اور,utrset_real,train
data/raw/synthetic/urdu_0186.png,جانور – مارخور قومی جانور ہے,synthetic,train
data/raw/augmented/urdu_0152_aug3_brightness.png,آزادی کے بعد کا فن تعمیر بھی ایک منفرد مقام رکھتا ہے,augmented_brightness,train
data/raw/augmented/urdu_0167_aug3_blur.png,تاہم، کرکٹ پاکستان کا سب سے زیادہ مشہور کھیل ہے,augmented_blur,train
data/raw/augmented/urdu_0340_aug1_brightness.png,اُردو پاکستان کی قومی زبان ہے اور یہ پورے ملک میں بولی اور سمجھی جاتی ہے,augmented_brightness,train
data/raw/augmented/urdu_0573_aug1_blur.png,پشیہ متر شونگ نے 36 برس حکومت کی,augmented_blur,train
data/raw/augmented/urdu_0413_aug3_blur.png,برطانیہ میں اردو,augmented_blur,train
data/raw/augmented/urdu_0566_aug1_rotation.png,اس دور کو مزید مختلف ذیلی ادوار میں تقسیم کیا گیا ہے,augmented_rotation,train
data/raw/augmented/urdu_0597_aug2_blur.png,کلاسیکی دور (320 عیسوی - 650 عیسوی),augmented_blur,train
data/raw/other/utrset_384.jpg,میتھیٹکس لیے تھا اور ریتا آرٹ کے مضامین دونوں کے انگریزی ادب,utrset_real,train
data/raw/other/utrset_151.jpg,"(۵)نورِ ہدایت:۔ "" "" "" "" "" "" "" "" "" "" قیمت۱۴",utrset_real,train
data/raw/other/utrset_220.jpg,ہیں توڈالنے کی کوشش کرتے بھی ہیں یانہیں ۔ اور سب سے بڑھکریہ کہ ہماری سوسائٹی,utrset_real,train
data/raw/synthetic/urdu_0601.png,بعد میں آنے والے گپت سلاطین الچون ہن کی آمد تک اپنی سرحدوں کا کامیاب دفاع کرتے رہے,synthetic,train
data/raw/augmented/urdu_0322_aug2_rotation.png,08 ملین اردو بولنے والے تھے)، خاص طور پر سب سے زیادہ اردو بولنے والی ریاستوں اتر پردیش (c,augmented_rotation,train
data/raw/other/utrset_055.jpg,قضا کے لیے تینوں مذکورہئ بالاشکلوں میں ایک شکل اختیارکرنی پڑے گی، ہندوستان,utrset_real,train
data/raw/augmented/urdu_0499_aug3_rotation.png,دوسری شہر کاری کے عہد میں وسطی گنگا کا میدان ایک نمایاں تہذیبی خطہ تھا,augmented_rotation,train
data/raw/other/utrset_256.jpg,میں کسی بھیانک خواب میں ایک ایسے دروازے کے باہر کھڑاہواہوں جس کوکھولنا اشد,utrset_real,train
data/raw/signboards/sign_090.png,اقوام متحدہ کے رکن ممالک,signboards_synthetic,train
data/raw/other/utrset_295.jpg,کیطرف کھلتی تھی اوردوسری کارخ ایک پہلوکی سڑک کی سمت تھا۔ان کے علاوہ کمرے میں اور,utrset_real,train
data/raw/augmented/urdu_0538_aug1_rotation.png,اشوک نے 232 ق م میں اپنی وفات تک تقریباً 37 برس حکومت کی,augmented_rotation,train
data/raw/augmented/urdu_0562_aug2_brightness.png,اس میں کوولن کی بیٹی مادھوی کی کہانی نظم کی گئی ہے جو بودھ بھکشونی بن جاتی ہے,augmented_brightness,train
data/raw/books/book_146.png,پاکستانی خواتین میں بھی شلوار قمیض کا استعمال ہوتا ہے تاہم خواتین شلوار قمیض کے علاوہ انارکلی، لہنگا، گاگرہ، وغیرہ بھی پہنتی ہیں,books_synthetic,train
data/raw/augmented/urdu_0323_aug1_blur.png,8% سے 5%) اور بہار (c,augmented_blur,train
data/raw/other/utrset_199.jpg,میرے نزدیک وہ یوسف کی تخلیق میں بہت زیادہ کامیاب ہوے ہیں' لیکن,utrset_real,train
data/raw/augmented/urdu_0372_aug2_blur.png,ڈھاکہ اردو اردو کی ایک بول چال کی غیر معیاری بولی ہے جو عام طور پر نہیں لکھی جاتی تھی,augmented_blur,train
data/raw/augmented/urdu_0011_aug1_brightness.png,زمین انسان کا گھر ہے,augmented_brightness,train
data/raw/synthetic/urdu_0247.png,یہ اور بات ہے تاریخ کی ابتدا اساطیر یا دیومالائی کہانیوں سے شروع ہوئی,synthetic,train
data/raw/augmented/urdu_0469_aug3_rotation.png,کہا جاتا ہے کہ وادی سندھ کی تہذیب کے دور عروج میں یہاں پچاس لاکھ افراد بستے تھے,augmented_rotation,train
data/raw/synthetic/urdu_0517.png,جین اور بودھ گرنتھوں میں مگدھ کی اس قدیم سلطنت کا بارہا ذکر آیا ہے,synthetic,train
data/raw/books/book_132.png,اس ميں اس علاقوں کی تاريخی عليحدگی کے ساتھ ساتھ موسم اور آب و ہوا کا بھی بہت اثر ہے,books_synthetic,train
data/raw/augmented/urdu_0598_aug2_blur.png,انھی وجوہ سے گپت عہد کو ہندوستانی ثقافت کی تاریخ کا اہم ترین موڑ سمجھا جاتا ہے,augmented_blur,train
data/raw/augmented/urdu_0413_aug1_blur.png,برطانیہ میں اردو,augmented_blur,train
data/raw/augmented/urdu_0487_aug1_brightness.png,اثریاتی تناظر میں ہند,augmented_brightness,train
data/raw/books/book_063.png,شوکت عزیز قومی اسمبلی کی مدت 15 نومبر 2007ء کو ختم ہونے کے بعد مستعفی ہو گئے,books_synthetic,train
data/raw/augmented/urdu_0387_aug3_rotation.png,یعنی کلام کو ایک ترتیب وار ہیئت کے ساتھ پیش کریں تو وہ صنف نظم کہلاتی ہے,augmented_rotation,train
data/raw/augmented/urdu_0165_aug3_rotation.png,پاکستان نے ہاکی کا عالمی کپ بھی چار بار جیتا ہے جو ایک ریکارڈ ہے,augmented_rotation,train
data/raw/augmented/urdu_0229_aug3_brightness.png,دولت مشترکہ کے رکن ممالک,augmented_brightness,train
data/raw/augmented/urdu_0127_aug2_rotation.png,پاکستان کی بہت قديم اور رنگارنگ تہذيب ہے,augmented_rotation,train
data/raw/other/utrset_300.jpg,کی طرح جھلکتا ہوا گھر۔ عمدہ فرنیچر۔ شفاف قالین بے غبارخوشنما راہداریاں، جالی دار,utrset_real,train
data/raw/synthetic/urdu_0472.png,یہ دیہاتوں کے باشندے تھے اور شکار و کاشت کاری ان کا ذریعۂ معاش تھا,synthetic,train
data/raw/synthetic/urdu_0382.png,افسانہ لکھنے والے کو افسانہ نگار کہتے ہیں,synthetic,train
data/raw/augmented/urdu_0041_aug3_blur.png,اس واقعہ نے برصغیر اور جنوبی ایشیا کی تاریخ پر گہرے اثرات مرتب کیے,augmented_blur,train
data/raw/signboards/sign_028.png,تاریخی جغرافیہ,signboards_synthetic,train
data/raw/books/book_008.png,مگر ان عجیب و غریب خیالات کے ساتھ ساتھ قدیم یونانیوں نے بعض حیرت انگیز دریافتیں بھی کیں,books_synthetic,train
data/raw/augmented/urdu_0051_aug2_brightness.png,پاکستان کی عبوری حکومت ١١ اگست ١٩٤٧ کو تشکیل دی گئی تھی,augmented_brightness,train
data/raw/augmented/urdu_0023_aug1_blur.png,قرون وسطیٰ میں مسلم ممالک میں اس علم میں بہت پیش رفت ہوئی,augmented_blur,train
data/raw/other/utrset_119.jpg,کامطمح نظر بھی یھی ہو۔بہرحال تفصیلات کیلئے سردست ہم اپنی رائے محفوظ رکہتے ہیں اورمستقل,utrset_real,train
data/raw/augmented/urdu_0278_aug1_blur.png,2001ء کی مردم شماری کے مطابق اردو کو بطور مادری زبان بھارت میں 5,augmented_blur,train
data/raw/signboards/sign_067.png,فہرست متعلقہ مضامین پاکستان,signboards_synthetic,train
data/raw/augmented/urdu_0493_aug3_rotation.png,کرو سلطنت کے زوال کے بعد ویدک تہذیب کا مرکز اس کی مشرقی ہمسایہ ریاست پانچال منتقل ہو گیا,augmented_rotation,train
data/raw/augmented/urdu_0353_aug2_blur.png,اردو کی وہ بولیاں جن کی شناخت کی گئی ہے، یہ ہیں:,augmented_blur,train
data/raw/augmented/urdu_0182_aug3_blur.png,دیگر 45 پھولوں کے نام بھی جان سکتے ہیں,augmented_blur,train
data/raw/augmented/urdu_0165_aug1_rotation.png,پاکستان نے ہاکی کا عالمی کپ بھی چار بار جیتا ہے جو ایک ریکارڈ ہے,augmented_rotation,train
data/raw/synthetic/urdu_0490.png,برصغیر ہند میں 1200 ق م سے چھٹی صدی ق م کا درمیانی عرصہ آہنی دور کہلاتا ہے,synthetic,train
data/raw/augmented/urdu_0502_aug1_blur.png,ان کتابوں کو ویدانت (یعنی ویدوں کا ماحصل) بھی کہا جاتا ہے,augmented_blur,train
data/raw/augmented/urdu_0460_aug3_rotation.png,اور جنوبی ایشیا کے ماحولیاتی تاریخ دان مائیکل فشر کے الفاظ میں:,augmented_rotation,train
data/raw/other/utrset_141.jpg,ورشحاتِ لطیف نے روزیٹی کے قلب کوابتدائی عمر سے متاثر کرناشروع کیا۔اوروہ حسن فطرت کاپرستار اور,utrset_real,train
data/raw/augmented/urdu_0112_aug2_blur.png,پاکستان کا سب سے بڑا دریا دریائے سندھ ہے,augmented_blur,train
data/raw/augmented/urdu_0174_aug3_rotation.png,اس نے 35 سونے کے طمغے اور 15 عالمی چاندی اور پیتل کے طمغے پاکستان کے لیے حاصل کئے,augmented_rotation,train
data/raw/synthetic/urdu_0218.png,فہرست پاکستان کے جزائر,synthetic,train
data/raw/augmented/urdu_0140_aug3_brightness.png,کرکٹ کے ساتھ ساتھ پاکستان ميں ہاکی بھی بہت شوق سے کھيلی جاتی ہے,augmented_brightness,train
data/raw/synthetic/urdu_0231.png,شنگھائی کارپیریشن آرگنائیزیشن کے ارکان,synthetic,train
data/raw/other/utrset_142.jpg,کی داستانیں اُس کے کانوں میں پڑیں۔جسکالازمی نتیجہ یہ تھاکہ وہ بھی شاعراعظم کے کمالات سے متکیف ہوااوراس کے خیالات جمیل,utrset_real,train
data/raw/augmented/urdu_0487_aug3_blur.png,اثریاتی تناظر میں ہند,augmented_blur,train
data/raw/augmented/urdu_0388_aug3_blur.png,اس ادب کو اردو نظمی ادب کہتے ہیں,augmented_blur,train
data/raw/augmented/urdu_0177_aug2_brightness.png,قومی شاعر – حکیم الامت حضرت ڈاکٹر علامہ محمد اقبال,augmented_brightness,train
data/raw/augmented/urdu_0137_aug1_blur.png,ان لوگوں نے ماضی ميں پاکستان ميں بہت سرمايہ کاری بھی کی ہے,augmented_blur,train
data/raw/synthetic/urdu_0273.png,زبانوں کی موجودہ صورت کا مطالعہ کيا جاتا ہے,synthetic,train
data/raw/other/utrset_124.jpg,ہیں کہ ڈاکٹر صاحب نے کسی خاص مذہب کیلئے یہ تاریخ مرتب نہیں کی ہے بلکہ ”ہندوستانی طلباء“,utrset_real,train
data/raw/synthetic/urdu_0113.png,یہ علاقے نہری ہیں اور زیر کاشت ہیں,synthetic,train
data/raw/synthetic/urdu_0580.png,ساتواہن ان اولین ہندوستانی ریاستوں میں سے ہے جنھوں نے اپنے سکوں پر سلاطین کی شبیہ بنائی,synthetic,train
data/raw/augmented/urdu_0274_aug3_rotation.png,زبانوں ميں وقت کے ساتھ ساتھ ہونے والی تبديليوں کا مطالعہ کيا جاتا ہے,augmented_rotation,train
data/raw/augmented/urdu_0111_aug1_brightness.png,پاکستان کے مشرقی، وسطی اور جنوبی علاقے میدانی ہیں جبکہ مغربی اور شمالی علاقے پہاڑی ہیں,augmented_brightness,train
data/raw/augmented/urdu_0238_aug3_blur.png,البتہ مختلف ادوار ميں مختلف ذرائع معلومات کو اہميت دی گئی,augmented_blur,train
data/raw/signboards/sign_151.png,ہندو اردو استعمال کرتے ہیں,signboards_synthetic,train
data/raw/augmented/urdu_0229_aug2_brightness.png,دولت مشترکہ کے رکن ممالک,augmented_brightness,train
data/raw/augmented/urdu_0540_aug1_brightness.png,بالآخر اس نے زور و تشدد کی راہ ترک کر دی اور بدھ مت قبول کرنے کا اعلان کیا,augmented_brightness,train
data/raw/augmented/urdu_0104_aug3_brightness.png,"صوبہ بلوچستان کا کل رقبہ 347,190 مربع کلومیٹر ہے جبکہ 2011ء میں آبادی 79 لاکھ 14 ہزار تھی",augmented_brightness,train
data/raw/augmented/urdu_0531_aug2_rotation.png,بر صغير سے سکندر اعظم کے جانے کے بعد نند سلطنت کی بساط الٹ گئی اور موريا دور کا آغاز ہوا,augmented_rotation,train
data/raw/augmented/urdu_0269_aug1_blur.png,اردو ادب کی اصطلاحات,augmented_blur,train
data/raw/augmented/urdu_0146_aug3_brightness.png,پی ٹی وی ورلڈ پاکستان کا پہلا انگریزی چینل ہے,augmented_brightness,train
data/raw/synthetic/urdu_0587.png,روم و یونان نے شاہراہ بخور اور ہند رومی شاہراہوں کے ذریعہ اپنی تجارت جاری رکھی,synthetic,train
data/raw/synthetic/urdu_0568.png,چوتھی صدی عیسوی سے چھٹی صدی عیسوی تک گپت سلطنت قائم رہی,synthetic,train
data/raw/augmented/urdu_0337_aug1_brightness.png,35% تلگو بولنے والے اور 43,augmented_brightness,train
data/raw/synthetic/urdu_0327.png,2011ء کی مردم شماری کے مطابق ہندوستان میں اردو بولنے والوں کی تعداد 50,synthetic,train
data/raw/augmented/urdu_0417_aug2_rotation.png,اردو حروفِ تہجی کی کہانی,augmented_rotation,train
data/raw/augmented/urdu_0522_aug2_brightness.png,انگ کا علاقہ اب مشرقی بہار اور مغربی بنگال میں پڑتا ہے,augmented_brightness,train
data/raw/synthetic/urdu_0588.png,کُجُل کڈفِسیس کشان سلطنت کا پہلا فرماں روا تھا,synthetic,train
data/raw/augmented/urdu_0442_aug2_brightness.png,یہ قدیم مصر اور میسوپوٹیمیا کی تہذیبوں کی ہم عصر تھی,augmented_brightness,train
data/raw/augmented/urdu_0056_aug2_brightness.png,اس کے باوجود سیاسی بحران کا نتیجہ یہ ہوا کہ 1958ء میں پاکستان میں مارشل لا لگ گیا,augmented_brightness,train
data/raw/augmented/urdu_0545_aug3_brightness.png,یہ عوام کی فلاح و بہبود، سماجی ہم آہنگی، مذہبی تبدیلی اور علوم و فنون کی ترقی کا زمانہ تھا,augmented_brightness,train
data/raw/synthetic/urdu_0527.png,نند سلطنت اور سکندر کی مہم,synthetic,train
data/raw/signboards/sign_129.png,علوم کی تاريخ,signboards_synthetic,train
data/raw/synthetic/urdu_0207.png,فہرست متعلقہ مضامین پاکستان,synthetic,train
data/raw/augmented/urdu_0460_aug2_blur.png,اور جنوبی ایشیا کے ماحولیاتی تاریخ دان مائیکل فشر کے الفاظ میں:,augmented_blur,train
data/raw/books/book_082.png,ایک ایٹمی طاقت ہونے کے باعث بھی اسے اقوام عالم میں مسلمان ممالک میں اونچا مقام حاص  ہے,books_synthetic,train
data/raw/augmented/urdu_0402_aug1_brightness.png,نعت: حضرت محمد  کی شان میں کہا گیا قصیدہ,augmented_brightness,train
data/raw/augmented/urdu_0253_aug3_rotation.png,افکار ابن خلدون، 75),augmented_rotation,train
data/raw/augmented/urdu_0007_aug3_brightness.png,جس نے لفظ جغرافیہ استعمال کیا,augmented_brightness,train
data/raw/augmented/urdu_0249_aug2_rotation.png,تاریخ کے کردار حقیقی اور زمان اور مکان متعین و مشخص ہوتے ہیں,augmented_rotation,train
data/raw/synthetic/urdu_0111.png,پاکستان کے مشرقی، وسطی اور جنوبی علاقے میدانی ہیں جبکہ مغربی اور شمالی علاقے پہاڑی ہیں,synthetic,train
data/raw/augmented/urdu_0057_aug2_brightness.png,پاکستان میں موجود تمام بڑے آبی ڈیم جنرل ایوب کے دور آمریت میں بنائے گئے,augmented_brightness,train
data/raw/signboards/sign_053.png,خورد و نوش,signboards_synthetic,train
data/raw/other/utrset_276.jpg,کہاجاسکتاہے اور یہ کیفیت اس حدتک ”شیطانی“ محسوس ہوتی تھی کہ بے اختیار میں نے,utrset_real,train
data/raw/augmented/urdu_0166_aug1_blur.png,پاکستان نے ہاکی کا عالمی کپ 1971ء، 1978ء، 1982ء اور 1994ء میں جیتا ہے,augmented_blur,train
data/raw/books/book_017.png,پاکستان کے مشرق ميں بھارت، شمال مشرق ميں چین اور مغرب ميں افغانستان اور ايران واقع ہيں,books_synthetic,train
data/raw/other/utrset_233.jpg,آنے والوں میں سے کوئی آدمی ٹیلیفون پر بات کرلے گا۔ اگر کچھ لوگ بذات خود مکرجیؔ کی,utrset_real,train
data/raw/augmented/urdu_0416_aug2_rotation.png,علوی نستعلیق یونیکوڈ فونٹ ڈاون لوڈ کریں,augmented_rotation,train
data/raw/augmented/urdu_0601_aug3_rotation.png,بعد میں آنے والے گپت سلاطین الچون ہن کی آمد تک اپنی سرحدوں کا کامیاب دفاع کرتے رہے,augmented_rotation,train
data/raw/augmented/urdu_0345_aug2_blur.png,جموں و کشمیر کی پانچ سرکاری زبانوں میں سے ایک کے طور پر بھی ہے,augmented_blur,train
data/raw/augmented/urdu_0246_aug3_brightness.png,یہی وجہ ہے تاریخ اتنی قدیم ہے کہ جتنی تحریر,augmented_brightness,train
data/raw/augmented/urdu_0185_aug2_blur.png,قومی لباس - شلوار قمیض، جناح کیپ، شیروانی (سردیوں میں),augmented_blur,train
data/raw/other/utrset_376.jpg,میں موہن ٹیوشن پڑھاتا جس کی آمدنی گھر کے خرچ میں کام آتی۔,utrset_real,train
data/raw/newspaper/Screenshot 2026-07-01 181718.png,جوان بيئك بلاكت ك بعد شديد صدم ك حالت مي على ك والد جميل نب ب ل ارد9 س بات كرت بوئ كها كه ' اكروبال ) بلوجستان ( جان والور ك جان محفوظ نهي تولوؤو كو وال جان_ س روك ديا جائ2- ميرى سب س درخواست ركه آج ك بعدكوئى به   اس جكه نه جائ2 جب تك وبال لوؤور ك جان و مال ك حفاظت ك ضمانت ند دى جائ2,manual_screenshot,train
data/raw/synthetic/urdu_0051.png,پاکستان کی عبوری حکومت ١١ اگست ١٩٤٧ کو تشکیل دی گئی تھی,synthetic,train
data/raw/books/book_048.png,1971ء کے عام انتخابات میں مشرقی پاکستان سے عوامی لیگ کی واضح کامیابی کے باوجود فوجی حکمران یحییٰ خان نے اقتدار کی منتقلی کی بجائے مشرقی پاکستان میں فوجی آپریشن کو ترجیح دی,books_synthetic,train
data/raw/augmented/urdu_0057_aug1_brightness.png,پاکستان میں موجود تمام بڑے آبی ڈیم جنرل ایوب کے دور آمریت میں بنائے گئے,augmented_brightness,train
data/raw/other/utrset_048.jpg,اور یہ قاضی القضاۃ مسلمانوں کی رضامندی اور گورنمنٹ یک منظوری سے اضلاع,utrset_real,train
data/raw/augmented/urdu_0030_aug2_brightness.png,انیسویں صدی میں سائنس,augmented_brightness,train
data/raw/augmented/urdu_0383_aug2_brightness.png,اردو ناول بھی کافی مشہور صنف ہے,augmented_brightness,train
data/raw/synthetic/urdu_0554.png,ان میں کاشت کار بھی تھے، دست کار بھی تھے، دکان دار، تاجر اور پروہت بھی تھے,synthetic,train
data/raw/augmented/urdu_0096_aug2_brightness.png,اس وقت اعلان ہوا کہ کوئی بھی فوجی جس بھی فوج میں جانا چاہتا ہے تو اسے مکمل اجازت ہے,augmented_brightness,train
data/raw/augmented/urdu_0201_aug1_brightness.png,اس کے علاوہ چار صوبائی زبانیں اور بہت سے اور زبانیں بولی جاتی ہیں,augmented_brightness,train
data/raw/other/utrset_103.jpg,حاصل کیجاتی ہے۔ امسال بھی حسب سابق سیرتِ نبی اکرم صلعم کے متعددعنواناتِ مفیدہ کے ماتحت,utrset_real,train
data/raw/synthetic/urdu_0504.png,سنسکرت کے رزمیے,synthetic,train
data/raw/augmented/urdu_0517_aug3_brightness.png,جین اور بودھ گرنتھوں میں مگدھ کی اس قدیم سلطنت کا بارہا ذکر آیا ہے,augmented_brightness,train
data/raw/augmented/urdu_0459_aug3_blur.png,مائیکل پیٹراگلیا اور بریجٹ آلچن لکھتے ہیں:,augmented_blur,train
data/raw/augmented/urdu_0100_aug1_brightness.png,قانون نافذ کرنے والے ادارے,augmented_brightness,train
data/raw/augmented/urdu_0367_aug1_rotation.png,"اردو کو اس کے کم باضابطہ رجسٹر میں  (  ،  ) کہا گیا ہے، جس کا مطلب ہے ""کھردرا مرکب""",augmented_rotation,train
data/raw/synthetic/urdu_0372.png,ڈھاکہ اردو اردو کی ایک بول چال کی غیر معیاری بولی ہے جو عام طور پر نہیں لکھی جاتی تھی,synthetic,train
data/raw/augmented/urdu_0191_aug3_brightness.png,(قابل اعتبار حوالہ درکار ہے) ان کا تعلق سیالکوٹ سے ہے,augmented_brightness,train
data/raw/synthetic/urdu_0185.png,قومی لباس - شلوار قمیض، جناح کیپ، شیروانی (سردیوں میں),synthetic,train
data/raw/augmented/urdu_0480_aug2_brightness.png,یہ وید ویدک سنسکرت میں لکھے گئے ہیں اور آج بھی ہندوؤں کی مقدس کتابوں میں شامل ہیں,augmented_brightness,train
data/raw/augmented/urdu_0148_aug3_blur.png,لالی وڈ نے اب تک بہت سے فلمیں ریلیز کی ہیں اور کر رہا ہے,augmented_blur,train
data/raw/synthetic/urdu_0409.png,اردو زبان کی ابتدا کے متعلق نظریات,synthetic,train
data/raw/other/utrset_137.jpg,کیا۔ اور اچہی خاصی تصاویر میں بے جوڑ چمک اورغیر متین بچپن نمایاں ہوگیا۔گوعام لحاظ سے یہ چنداں ناگوار,utrset_real,train
data/raw/augmented/urdu_0205_aug2_brightness.png,گلگت بلتستان نے ابھی تک 2017ء کی مردم شماری کے کوئی نتائج عوامی طور پر جاری نہیں کیے ہیں,augmented_brightness,train
data/raw/augmented/urdu_0161_aug1_blur.png,پاکستانی کھانے جنوبی ایشیا کے مختلف علاقائی کھانوں کا حسین امتزاج ہیں,augmented_blur,train
data/raw/synthetic/urdu_0278.png,2001ء کی مردم شماری کے مطابق اردو کو بطور مادری زبان بھارت میں 5,synthetic,train
data/raw/synthetic/urdu_0389.png,لیکن آج کل اس کو اردو شاعری یا شاعری کے نام سے بھی جانا جانے لگا ہے,synthetic,train
data/raw/other/utrset_128.jpg,کاشروع ہوئی ہے۔ ایک خاص طبقہ نے اس تاریخ کی تخریب شروع کرکے ڈاکٹر صاحب کی قابلیت سے,utrset_real,train
data/raw/synthetic/urdu_0479.png,اس تہذیب کو ویدوں میں بڑی تفصیل سے بیان کیا گیا ہے,synthetic,train
data/raw/augmented/urdu_0289_aug1_brightness.png,اسی طرح اگر اردو اور ہندی زبان کو ایک سمجھا جائے تو یہ دنیا کی چوتھی بڑی زبان ہے,augmented_brightness,train
data/raw/augmented/urdu_0510_aug3_blur.png,وجی مہا جن پد کے تخت اقتدار پر لچھوی سب سے معروف قبیلہ گذرا ہے,augmented_blur,train
data/raw/other/utrset_209.jpg,نظر آتے ہیں ۔ کیونکہ اپنے دیباچے میں انھوں نے اس میدان میں آنے کا ' جسے وہ پبلک,utrset_real,train
data/raw/augmented/urdu_0216_aug3_rotation.png,آل انڈیا مسلم لیگ,augmented_rotation,train
data/raw/augmented/urdu_0160_aug1_blur.png,یہ پانچ مقامات ٹیکسلا، لاہور، شاہراہ قراقرم، کریم آباد، اور جھیل سیف الملوک تہے,augmented_blur,train
data/raw/other/utrset_191.jpg,تقریظات,utrset_real,train
data/raw/augmented/urdu_0347_aug2_blur.png,دکنی، جنوبی ہندوستان کے علاقے دکن میں بولی جاتی ہے,augmented_blur,train
data/raw/other/utrset_013.jpg,نہیں ہوئی، ناجائز اور قابل انکار نہیں قرار دی جاسکتی، اس لیے کوئی ایسا قانون,utrset_real,train
data/raw/other/utrset_334.jpg,معلوم کہ اس کی عمر کیا ہے۔ اگر وہ ٹافی اور چوکلیٹ کھانے کی عمروں کا ہواتوپھر ضد,utrset_real,train
data/raw/synthetic/urdu_0004.png,"""جغرافیہ وہ علم ہے",synthetic,train
data/raw/augmented/urdu_0511_aug1_blur.png,سیاہ قلعی دار شمالی برتنوں کی ثقافت کا زمانہ بھی یہی ہے,augmented_blur,train
data/raw/books/book_065.png,فروری 2008ء میں الیکشن کے بعد پاکستان پیپلز پارٹی نے یوسف رضا گیلانی کو وزیر اعظم نامزد کیا، جنہوں نے مسلم لیگ (ن)، اے این پی کی حمایت سے اعتماد کا ووٹ حاصل کیا,books_synthetic,train
data/raw/augmented/urdu_0601_aug1_rotation.png,بعد میں آنے والے گپت سلاطین الچون ہن کی آمد تک اپنی سرحدوں کا کامیاب دفاع کرتے رہے,augmented_rotation,train
data/raw/other/utrset_219.jpg,کے نظام میں ، جس میں عمرطبیعی کے ایک طویل حصے تک مرد بھی، اپنے والدین کے,utrset_real,train
data/raw/augmented/urdu_0052_aug1_rotation.png,1948 میں قائد اعظم ٹی بی سے وفات پا گئے,augmented_rotation,train
data/raw/augmented/urdu_0489_aug3_blur.png,اس عہد میں چھوٹے چھوٹے قبیلوں اور سرداروں نے آپس میں مل کر جن پد قائم کرنا شروع کیا,augmented_blur,train
data/raw/augmented/urdu_0063_aug3_brightness.png,اگلا دور 1977ء تا 1988ء مارشل لا کا تھا,augmented_brightness,train
data/raw/augmented/urdu_0256_aug1_rotation.png,پانچواں سبب امرا و سلاطین کے قرب کی خواہش,augmented_rotation,train
data/raw/augmented/urdu_0582_aug2_blur.png,ہندوستان کی تجارت اور سیاحت,augmented_blur,train
data/raw/augmented/urdu_0146_aug1_brightness.png,پی ٹی وی ورلڈ پاکستان کا پہلا انگریزی چینل ہے,augmented_brightness,train
data/raw/augmented/urdu_0545_aug2_rotation.png,یہ عوام کی فلاح و بہبود، سماجی ہم آہنگی، مذہبی تبدیلی اور علوم و فنون کی ترقی کا زمانہ تھا,augmented_rotation,train
data/raw/augmented/urdu_0313_aug2_brightness.png,نوآبادیاتی دور میں اردو,augmented_brightness,train
data/raw/synthetic/urdu_0030.png,انیسویں صدی میں سائنس,synthetic,train
data/raw/augmented/urdu_0490_aug3_blur.png,برصغیر ہند میں 1200 ق م سے چھٹی صدی ق م کا درمیانی عرصہ آہنی دور کہلاتا ہے,augmented_blur,train
data/raw/other/utrset_168.jpg,افسانہ نگاری کے کاہل نامنہ ہیں ۔,utrset_real,train
data/raw/augmented/urdu_0125_aug2_brightness.png,اس کے باوجود اردو پاکستان کی عوامی و قومی زبان ہے,augmented_brightness,train
data/raw/augmented/urdu_0228_aug1_rotation.png,دولت مشترکہ جمہوریتیں,augmented_rotation,train
data/raw/augmented/urdu_0221_aug1_blur.png,اسلامی جمہوریتیں,augmented_blur,train
data/raw/augmented/urdu_0314_aug3_blur.png,اور مذہبی سیاق و سباق,augmented_blur,train
data/raw/other/utrset_064.jpg,صرف اما مسلمین کو پہونچتا ہے کہ وہ مسلمانوں کی مصلحتوں کی بناء پر اپنے زمانہ میں کسی,utrset_real,train
data/raw/synthetic/urdu_0150.png,اس کے بعد گندھارا طرز کا بدھ طرز تعمیر آیا جس میں قدیم یونان کے اجزاء بھی شامل تہے,synthetic,train
data/raw/augmented/urdu_0201_aug3_rotation.png,اس کے علاوہ چار صوبائی زبانیں اور بہت سے اور زبانیں بولی جاتی ہیں,augmented_rotation,train
data/raw/synthetic/urdu_0164.png,ہاکی پاکستان کا قومی کھیل ہے,synthetic,train
data/raw/other/utrset_236.jpg,دروازہ کھولنے کے لئے اس نے ہاتھ بڑھایا----- اور رک گیا۔,utrset_real,train
data/raw/augmented/urdu_0029_aug1_rotation.png,چھوٹے پیغام خانوں کا استعمال کرنے والے مضامین,augmented_rotation,train
data/raw/augmented/urdu_0077_aug3_rotation.png,یوں نوازشریف پاکستان کے تیسرے بار وزیرِ اعظم منتخب ہوئے,augmented_rotation,train
data/raw/other/utrset_195.jpg,انھوں نے موضوع تصنیف قرار دیا ہے' اس میں شک نہیں  کہ ہماری موجودہ سو سائٹی کے,utrset_real,train
data/raw/augmented/urdu_0429_aug3_rotation.png,جموں و کشمیر کی زبانیں,augmented_rotation,train
data/raw/books/book_047.png,ایوب خان عوامی احتجاج کی وجہ سے حکومت سےعلیحدہ ہو گئے لیکن جاتے جاتے انہوں نے حکومت اپنے فوجی پیش رو جنرل یحییٰ خان کے حوالے کر دی,books_synthetic,train
data/raw/augmented/urdu_0344_aug3_brightness.png,57% پاکستانی اپنی پہلی زبان کے طور پر اردو بولتے ہیں,augmented_brightness,train
data/raw/augmented/urdu_0109_aug3_brightness.png,"پاکستان کا کل رقبہ 796,095 مربع کلومیٹر ہے",augmented_brightness,train
data/raw/augmented/urdu_0522_aug1_brightness.png,انگ کا علاقہ اب مشرقی بہار اور مغربی بنگال میں پڑتا ہے,augmented_brightness,train
data/raw/augmented/urdu_0303_aug2_rotation.png,اسی طرح اس زبان کے کئی دوسرے نام بھی تھے، جیسے ہندوی، ریختہ یا دہلوی,augmented_rotation,train
data/raw/augmented/urdu_0119_aug1_rotation.png,پہلے پاکستان کی معيشت کا زيادہ انحصار زراعت پر تھا,augmented_rotation,train
data/raw/augmented/urdu_0109_aug1_brightness.png,"پاکستان کا کل رقبہ 796,095 مربع کلومیٹر ہے",augmented_brightness,train
data/raw/synthetic/urdu_0422.png,اتر پردیش کی زبانیں,synthetic,train
data/raw/augmented/urdu_0081_aug2_blur.png,اس وقت غور کیا گیا تو ملک ٹوٹنے کی بہت سے وجوہات تھیں,augmented_blur,train
data/raw/augmented/urdu_0231_aug2_brightness.png,شنگھائی کارپیریشن آرگنائیزیشن کے ارکان,augmented_brightness,test
data/raw/other/utrset_326.jpg,کا بدل نہیں مل سکا۔ میں گرمیوں میں بھی بلاناغہ چار مرتبہ چائے پی لیتی ہوں۔,utrset_real,test
data/raw/augmented/urdu_0461_aug3_blur.png,خطہ میں ان کی آمد اور سکونت نے لمبے عرصہ کے بعد زبردست تنوع پیدا کر دیا,augmented_blur,test
data/raw/synthetic/urdu_0220.png,اردو بولنے والے ممالک اور علاقہ جات,synthetic,test
data/raw/augmented/urdu_0039_aug1_rotation.png,پ پنجاب، ا خیبر پختونخوا (افغانیہ)، ک کشمیر، س سندھ، تان بلوچستان,augmented_rotation,test
data/raw/augmented/urdu_0241_aug1_rotation.png,اناتول قراش کے خیال میں تاریخ گزشتہ حادثات و اتفاقات کے تحریری بیان سے عبارت ہے,augmented_rotation,test
data/raw/augmented/urdu_0286_aug3_blur.png,جبکہ ہندی زبان دیوناگری رسم الخط میں لکھی جاتی ہے اور سنسکرت الفاظ زیادہ استعمال کرتی ہے,augmented_blur,test
data/raw/books/book_122.png,تقريباً ایک فيصد پاکستانی ہندو اور اتنے ہی پاکستانی مسیحی مذہب سے تعلق رکھتے ہيں,books_synthetic,test
data/raw/augmented/urdu_0027_aug1_blur.png,بنیادی موضوع قسم بندی,augmented_blur,test
data/raw/augmented/urdu_0433_aug2_rotation.png,گجرات (بھارت) کی زبانیں,augmented_rotation,test
data/raw/augmented/urdu_0064_aug3_rotation.png,اس دور میں پاکستان کے حکمران جنرل ضیا الحق تھے,augmented_rotation,test
data/raw/augmented/urdu_0224_aug2_blur.png,پاکستان میں 1947ء کی تاسیسات,augmented_blur,test
data/raw/augmented/urdu_0219_aug1_rotation.png,1947ء میں قائم ہونے والے ممالک اور علاقے,augmented_rotation,test
data/raw/augmented/urdu_0281_aug1_rotation.png,اس لحاظ سے یہ دنیا کی نویں بڑی زبان ہے,augmented_rotation,test
data/raw/signboards/sign_035.png,جرمن ایجادات,signboards_synthetic,test
data/raw/augmented/urdu_0204_aug3_rotation.png,تعلیمی ادارے بلحاظ زمرہ جات,augmented_rotation,test
data/raw/augmented/urdu_0013_aug1_brightness.png,علم جغرافیہ پرانے زمانے میں بھی موجود رہا ہے,augmented_brightness,test
data/raw/augmented/urdu_0518_aug1_brightness.png,نیز راماین، مہا بھارت اور پرانوں میں بھی اس کا مذکور ملتا ہے,augmented_brightness,test
data/raw/augmented/urdu_0376_aug1_rotation.png,ساتھ ساتھ کئی اہم، مقبول، معروف اسلامی ادبی کتب کا خزینہ اردو میں دستیاب ہے,augmented_rotation,test
data/raw/other/utrset_108.jpg,میں ہدیہ تبریک پیش کرتے ہیں۔,utrset_real,test
data/raw/augmented/urdu_0058_aug3_rotation.png,جنرل ایوب کے دور میں پاکستان میں ترقی تو ہوئی لیکن مشرقی پاکستان دور ہوتا گیا,augmented_rotation,test
data/raw/augmented/urdu_0041_aug1_rotation.png,اس واقعہ نے برصغیر اور جنوبی ایشیا کی تاریخ پر گہرے اثرات مرتب کیے,augmented_rotation,test
data/raw/augmented/urdu_0327_aug1_brightness.png,2011ء کی مردم شماری کے مطابق ہندوستان میں اردو بولنے والوں کی تعداد 50,augmented_brightness,test
data/raw/synthetic/urdu_0347.png,دکنی، جنوبی ہندوستان کے علاقے دکن میں بولی جاتی ہے,synthetic,test
data/raw/augmented/urdu_0127_aug1_blur.png,پاکستان کی بہت قديم اور رنگارنگ تہذيب ہے,augmented_blur,test
data/raw/other/utrset_187.jpg,حصہ اس مذاق سے اثنا ہے-,utrset_real,test
data/raw/synthetic/urdu_0476.png,مقامی لوگوں کے ساتھ ميل جول ہوا اور ايک ن‏‏ئی تہذيب نے جنم ليا,synthetic,test
data/raw/synthetic/urdu_0063.png,اگلا دور 1977ء تا 1988ء مارشل لا کا تھا,synthetic,test
data/raw/books/book_062.png,مختصر عرصہ کے لیے چوہدرى شجاعت حسين نے وزیراعظم کی ذمہ داریاں سرانجام دیں اور شوکت عزیز کے قومی اسمبلی کے ممبر منتخب ہونے کے بعد وزارت عظمیٰ سے مستعفی ہو گئے,books_synthetic,test
data/raw/augmented/urdu_0385_aug2_brightness.png,ادب کی دوسری قسم نظم ہے,augmented_brightness,test
data/raw/other/utrset_210.jpg,سجاد حیدر,utrset_real,test
data/raw/other/utrset_353.jpg,تھے  ___ باپ تو اس پر جان چھڑکتے تھے کیا مجال کہ ریتا کی معمولی سے,utrset_real,test
data/raw/synthetic/urdu_0021.png,اس کے 1700 سال بعد کولمبس نے اس ملک امریکا کو دریافت کیا,synthetic,test
data/raw/synthetic/urdu_0282.png,اردو زبان کو کئی ہندوستانی ریاستوں میں سرکاری حیثیت بھی حاصل ہے,synthetic,test
data/raw/augmented/urdu_0253_aug2_rotation.png,افکار ابن خلدون، 75),augmented_rotation,test
data/raw/augmented/urdu_0448_aug3_rotation.png,دوسری طرف اسی دور میں متعدد مذہبی تحریکیں برپا ہوئیں جن میں جین مت اور بدھ مت قابل ذکر ہیں,augmented_rotation,test
data/raw/augmented/urdu_0505_aug1_brightness.png,سنسکرت زبان کی شہرہ آفاق رزمیہ داستانیں راماین اور مہا بھارت اسی عہد کی یادگار ہیں,augmented_brightness,test
data/raw/augmented/urdu_0357_aug2_blur.png,ہندی کے ساتھ موازنہ,augmented_blur,test
data/raw/augmented/urdu_0175_aug2_rotation.png,اچھا اور مناسب علاج درمیانے سے لیکر اعلیٰ طبقے کے ليے مخصوص ہے,augmented_rotation,test
data/raw/other/utrset_215.jpg,"""زود پشیماں"" ان سائل کے تاریک وغیرمنکشف پہلووں میں سے ایک پہلوپرنہایت",utrset_real,test
data/raw/other/utrset_073.jpg,بڑہتاہے۔ کہ”عشق“ کی ستم ظریفی میں اضافہ ہوتاہے اور”دیوتا“اسکی محبوبہ کے قوس گوں لبوں پر اُن مرمرین گلاب کی پتیوں,utrset_real,test
data/raw/augmented/urdu_0140_aug1_rotation.png,کرکٹ کے ساتھ ساتھ پاکستان ميں ہاکی بھی بہت شوق سے کھيلی جاتی ہے,augmented_rotation,test
data/raw/augmented/urdu_0465_aug3_blur.png,""" مائیکل فشر لکھتے ہیں:",augmented_blur,test
data/raw/augmented/urdu_0226_aug2_blur.png,پنجابی زبان بولنے والے ممالک اور علاقہ جات,augmented_blur,test
data/raw/augmented/urdu_0215_aug2_brightness.png,قرارداد پاکستان,augmented_brightness,test
data/raw/synthetic/urdu_0358.png,معیاری اردو کا اکثر معیاری ہندی سے موازنہ کیا جاتا ہے,synthetic,test
data/raw/augmented/urdu_0356_aug3_blur.png,کھری بولی: (کھڑی بولی),augmented_blur,test
data/raw/other/utrset_118.jpg,قریب میں محاسن ومعائب پر ہرپہلوسے روشنی ڈالیں گے۔کہ اس عامیانہ ہڑبونگ کی قلعی کُہلے۔,utrset_real,test
data/raw/augmented/urdu_0555_aug3_rotation.png,ان میں عورتیں بھی تھیں اور شاہزادے بھی تھے,augmented_rotation,test
data/raw/synthetic/urdu_0054.png,1951ء سے 1958ء تک کئی حکومتیں آئیں اور ختم ہو گئیں,synthetic,test
data/raw/augmented/urdu_0136_aug1_brightness.png,کچھ جگہوں ميں اس تحريک کا زيادہ جھکاؤ اسلام اور کچھ ميں روايات کی طرف ہے,augmented_brightness,test
data/raw/augmented/urdu_0124_aug3_rotation.png,پاکستان ميں تمام تر اعلیٰ تعليم بھی انگريزی ميں ہی دی جاتی ہے,augmented_rotation,test
data/raw/augmented/urdu_0073_aug3_brightness.png,شوکت عزیز قومی اسمبلی کی مدت 15 نومبر 2007ء کو ختم ہونے کے بعد مستعفی ہو گئے,augmented_brightness,test
data/raw/augmented/urdu_0454_aug2_blur.png,کچھ عرصہ کے بعد اس جد و جہد میں آل انڈیا مسلم لیگ بھی شامل ہو گئی,augmented_blur,test
data/raw/other/utrset_399.jpg,نا ماں میں شکر کے لےے بالکل نہیں جا سکتا۔ اتنی لمبی لائن میں,utrset_real,test
data/raw/augmented/urdu_0293_aug1_rotation.png,اس کا مطلب بلند کیمپ کی زبان ہے,augmented_rotation,test
data/raw/augmented/urdu_0381_aug3_rotation.png,فکشن اصناف: افسانہ نگاری کافی مشہور صنف تسلیم کی گئی,augmented_rotation,test
data/raw/synthetic/urdu_0489.png,اس عہد میں چھوٹے چھوٹے قبیلوں اور سرداروں نے آپس میں مل کر جن پد قائم کرنا شروع کیا,synthetic,test
data/raw/signboards/sign_104.png,تاریخ کی ابتدا,signboards_synthetic,test
data/raw/augmented/urdu_0291_aug3_rotation.png,اردو کا مطلب ترک زبان میں فوج ہے,augmented_rotation,test
data/raw/augmented/urdu_0348_aug3_blur.png,اردو ہندوستان کے دوسرے حصوں کی طرح پڑھی اور لکھی جاتی ہے,augmented_blur,test
data/raw/other/utrset_222.jpg,کی ہیں جیسی کہ نواب با قرحسین سے سرزد ہوئیں، اور آیا دو نوجون ، سودا زده دل,utrset_real,test
data/raw/synthetic/urdu_0180.png,قومی پرچم گیارہ اگست 1947ء کو لیاقت علی خان نے دستور ساز اسمبلی میں پیش کیا,synthetic,test
data/raw/other/utrset_240.jpg,ایک خوف محسوس ہورہاہے۔ میں نہیں چاہتاکہ دوسرا حملہ مجھ پر ہو----- میں نہیں چاہتا,utrset_real,test
data/raw/synthetic/urdu_0386.png,نظم کے معنی موتی پرونا ہے,synthetic,test
data/raw/augmented/urdu_0276_aug1_blur.png,اُردُو برصغیر کی معیاری زبانوں میں سے ایک ہے,augmented_blur,test
data/raw/signboards/sign_001.png,خوش آمدید,signboards_synthetic,test
data/raw/augmented/urdu_0042_aug2_rotation.png,"""پاکستان کا مطلب کیا؟ لَآ اِلٰہَ اِلَّا اللہُ"" اس تحریک کا مقبول عام نعرہ تھا",augmented_rotation,test
data/raw/other/utrset_306.jpg,لائبریری بھی بنائی ہے۔ اچھی اچھی کتابیں ہیں وہاں مگر کیا مجال کہ کسی کو پڑھنے,utrset_real,test
data/raw/other/utrset_270.jpg,ڈاکٹرکمارؔاور نرس شیلاؔ مریض کی چارپائی کی دوسری طرف تھے۔ان کی آنکھیں خوف,utrset_real,test
data/raw/augmented/urdu_0342_aug2_brightness.png,یہ ملک کی سماجی و ثقافتی میراث کا خزانہ ہے,augmented_brightness,test
data/raw/augmented/urdu_0216_aug1_brightness.png,آل انڈیا مسلم لیگ,augmented_brightness,test
data/raw/synthetic/urdu_0353.png,اردو کی وہ بولیاں جن کی شناخت کی گئی ہے، یہ ہیں:,synthetic,test
data/raw/synthetic/urdu_0073.png,شوکت عزیز قومی اسمبلی کی مدت 15 نومبر 2007ء کو ختم ہونے کے بعد مستعفی ہو گئے,synthetic,test
data/raw/augmented/urdu_0181_aug1_brightness.png,قومی پھول - پاکستان کا قوی پھول چنبیلی (یاسمین) ہے,augmented_brightness,test
data/raw/augmented/urdu_0551_aug3_brightness.png,یہ تینوں شاہی خانوادے تمل اکام کے تاجوران ثلاثہ کہلاتے ہیں,augmented_brightness,test
data/raw/signboards/sign_020.png,جس نے لفظ جغرافیہ استعمال کیا,signboards_synthetic,test
data/raw/synthetic/urdu_0322.png,08 ملین اردو بولنے والے تھے)، خاص طور پر سب سے زیادہ اردو بولنے والی ریاستوں اتر پردیش (c,synthetic,test
data/raw/augmented/urdu_0297_aug3_blur.png,جیسے غلام حمدان مصحفی نے اپنی ایک,augmented_blur,test
data/raw/other/utrset_015.jpg,نکاح صرف اس وجہ سے وہ لکھا نہیں گیا یا سرکاری رجسٹرمیں درج نہیں ہے,utrset_real,test
data/raw/augmented/urdu_0209_aug3_blur.png,پاکستان کی سیاسی جماعتیں,augmented_blur,test
data/raw/augmented/urdu_0207_aug2_rotation.png,فہرست متعلقہ مضامین پاکستان,augmented_rotation,test
data/raw/augmented/urdu_0363_aug1_blur.png,ہندوستان میں ہندی سے اردو اتنی نہیں بدل گئی جتنی پاکستان میں ہے,augmented_blur,test
data/raw/synthetic/urdu_0583.png,کیرالا کی مسالوں کی تجارت قدیم دنیا کے تاجروں کو کھینچ کھینچ کر ہندوستان لا رہی تھی,synthetic,test
data/raw/synthetic/urdu_0367.png,"اردو کو اس کے کم باضابطہ رجسٹر میں  (  ،  ) کہا گیا ہے، جس کا مطلب ہے ""کھردرا مرکب""",synthetic,test
data/raw/augmented/urdu_0245_aug3_brightness.png,ظہیرالدین مرغشی کے نزدیک یہ ایک ایسا علم ہے جو اگلے وقتوں کے بارے میں اطلاعات پر مشتمل ہے,augmented_brightness,test
data/raw/augmented/urdu_0068_aug1_brightness.png,1990ء میں نواز شریف کی قیادت میں آئی جے آئی اور اس کی حلیف جماعتیں اقتدار میں آئیں,augmented_brightness,test
data/raw/augmented/urdu_0248_aug3_blur.png,گو تاریخ اور اساطیر مین فرق ہے,augmented_blur,test
data/raw/synthetic/urdu_0333.png,یہ پاکستان کے تمام صوبوں/علاقوں میں لکھی، بولی اور استعمال کی جاتی ہے,synthetic,test
data/raw/synthetic/urdu_0385.png,ادب کی دوسری قسم نظم ہے,synthetic,test
data/raw/signboards/sign_055.png,یہ ایک تاریخی کامیابی تھی,signboards_synthetic,test
data/raw/synthetic/urdu_0464.png,یہاں سے نئے سنگی دور کا آغاز ہوتا ہے,synthetic,test
data/raw/synthetic/urdu_0395.png,غزل: دو مصرعوں پر مشتمل مکمل، بامعنی اور جداگانہ اشعار کی لڑی,synthetic,test
data/raw/augmented/urdu_0213_aug2_blur.png,پاکستان کے نیشنل پارک,augmented_blur,test
data/raw/books/book_023.png,پاکستان نے اپنا پہلا آئین 1956ء میں بنایا جو 1958 میں منسوخ کردیا گیا اس کے بعد 1962 میں پاکستان کا دوسرا آئین پیش کیا گیا جو 1969 میں جزل یحیی خان نے منسوح کر دیا,books_synthetic,test
data/raw/signboards/sign_145.png,شاعری میں لکھا ہے: -,signboards_synthetic,test
data/raw/books/book_140.png,ہاکی پاكستان كا قومى كھيل بھى ہےـ چوگان (پولو) پاکستان کے شمالی علاقہ جات كے لوگوں كا كھيل ہے اور اس كھيل كى پيدائش بھى يہيں ہوئى اور آج تک ان علاقوں ميں بہت شوق سے کھیلی جاتی ہے,books_synthetic,test
data/raw/augmented/urdu_0473_aug3_rotation.png,اس دریافت کے بعد محققین کی توجہ مذکورہ مقام کی جانب مبذول ہوئی,augmented_rotation,test
data/raw/augmented/urdu_0585_aug2_rotation.png,یہاں پہنچ کر توما نے سات گرجا گھروں کی بنیاد رکھی,augmented_rotation,test
data/raw/augmented/urdu_0128_aug2_blur.png,ان تمام تہذيبوں نے پاکستان کی موجودہ تہذيب پر بہت گہرا اثر چھوڑا ہے,augmented_blur,test
data/raw/augmented/urdu_0592_aug2_brightness.png,اس عہد میں گندھارا اور متھرا کے فنون بھی بہار دکھانے لگے تھے,augmented_brightness,test
data/raw/augmented/urdu_0159_aug2_brightness.png,عالمی معاشی بحران سے پہلے پاکستان میں سالانہ تقریباً پانچ (5) لاکھ سیاح آتے تھے,augmented_brightness,test
data/raw/augmented/urdu_0314_aug1_blur.png,اور مذہبی سیاق و سباق,augmented_blur,test
data/raw/other/utrset_299.jpg,پتلیاں,utrset_real,test
data/raw/other/utrset_167.jpg,اصل یہ ہے کہ فن کامرتبہ اس جماعت سے کیا جارہا ہے، جبکے ہاتھ  میں اسوقت,utrset_real,test
data/raw/augmented/urdu_0341_aug2_brightness.png,یہ تعلیم، اَدب، دفتر، عدالت، وسیط اور دینی اِداروں میں مستعمل ہے,augmented_brightness,test
data/raw/other/utrset_267.jpg,--- ٹھیک اسی طرح جیسے میں نے کیاتھا۔,utrset_real,test
data/raw/augmented/urdu_0173_aug3_rotation.png,ورزشی کھیلوں میں عبدالخالق نے سال 1954ء اور سال 1958ء کے ایشیائی کھیلوں میں حصہ لیا,augmented_rotation,test
data/raw/augmented/urdu_0305_aug1_blur.png,اس کا تعلق وسطی ہند آریائی زبانوں کے مغربی ہندی زبان سے ہے,augmented_blur,test
data/raw/augmented/urdu_0559_aug2_blur.png,سیلاپتی کارم کو ایلانگو ادیگل نے لکھا جو ایک غیر مذہبی رزمیہ ہے,augmented_blur,test
data/raw/augmented/urdu_0453_aug3_brightness.png,لیکن ہندوستان کے باشندے کمپنی راج سے سخت بیزار اور بد دل تھے,augmented_brightness,test
data/raw/synthetic/urdu_0398.png,بالخصوص شہیدانِ کربلا کی شہادت کو بیان کرنے والی نظم,synthetic,test
data/raw/augmented/urdu_0051_aug3_rotation.png,پاکستان کی عبوری حکومت ١١ اگست ١٩٤٧ کو تشکیل دی گئی تھی,augmented_rotation,test
data/raw/augmented/urdu_0381_aug2_brightness.png,فکشن اصناف: افسانہ نگاری کافی مشہور صنف تسلیم کی گئی,augmented_brightness,test
data/raw/augmented/urdu_0184_aug3_rotation.png,دیگر 45 پھلوں کے نام بھی جان سکتے ہیں,augmented_rotation,test
data/raw/synthetic/urdu_0406.png,مرثیہ اور نوحہ لکھنے میں شہرت یافتہ شعرا میر ببر علی انیس اور مرزا سلامت علی دبیر ہیں,synthetic,test
data/raw/augmented/urdu_0509_aug2_blur.png,وادی سندھ کی تہذیب کے خاتمہ کے بعد اسی عہد میں پہلی بار ہندوستان میں بڑے بڑے شہر بسائے گئے,augmented_blur,test
data/raw/synthetic/urdu_0371.png,صوبہ بہار میں عدالتی زبان اردو تھی جو کیتھی رسم الخط میں لکھی جاتی تھی,synthetic,test
data/raw/other/utrset_335.jpg,کب تک واپس آئے گا۔ وہ اس کا ہم مذاق ہوگا بھی کہ نہیں۔ اسے تو یہ بھی نہیں,utrset_real,test
data/raw/synthetic/urdu_0224.png,پاکستان میں 1947ء کی تاسیسات,synthetic,test
data/raw/augmented/urdu_0198_aug1_brightness.png,بلحاظ سال آبادی,augmented_brightness,test
data/raw/augmented/urdu_0263_aug2_blur.png,جامعاتی قسم بندی,augmented_blur,test
data/raw/other/utrset_383.jpg,کے کلاس ساتھ ہوتے جس کی وجہ سے کبھی کبھی بلوبلو ہوجاتااورکبھی دوایک,utrset_real,test
data/raw/augmented/urdu_0298_aug3_brightness.png,شاعری میں لکھا ہے: -,augmented_brightness,test
data/raw/signboards/sign_102.png,تاريخ دان,signboards_synthetic,test
data/raw/augmented/urdu_0529_aug3_blur.png,یہ نند سلطنت کے عروج کا زمانہ تھا اور اس کی ثروت اور دولت مندی کے چرچے ہر طرف تھے,augmented_blur,test
data/raw/augmented/urdu_0331_aug3_blur.png,پاکستان میں کوئی بھی خطہ اردو کو اپنی مادری زبان کے طور پر استعمال نہیں کرتا,augmented_blur,test
data/raw/other/utrset_385.jpg,یونیورسٹی میں موہن اور ریتا کا ساتھ ہوا۔ موہن سائنس اور,utrset_real,test
data/raw/augmented/urdu_0025_aug1_brightness.png,مسلمانوں کے علمی زوال کے بعد یورپ میں اس مضمون پر بہت پیش رفت ہوئی,augmented_brightness,test
data/raw/augmented/urdu_0294_aug1_blur.png,پہلے اسے ہندوی، ہندی اور ہندوستانی کے نام سے جانا جاتا تھا,augmented_blur,test
data/raw/synthetic/urdu_0256.png,پانچواں سبب امرا و سلاطین کے قرب کی خواہش,synthetic,test
data/raw/signboards/sign_108.png,افکار ابن خلدون، 75),signboards_synthetic,test
data/raw/augmented/urdu_0435_aug1_brightness.png,مہاراشٹر کی زبانیں,augmented_brightness,test
data/raw/augmented/urdu_0559_aug3_rotation.png,سیلاپتی کارم کو ایلانگو ادیگل نے لکھا جو ایک غیر مذہبی رزمیہ ہے,augmented_rotation,test
data/raw/augmented/urdu_0208_aug1_rotation.png,پاکستان کے وزیراعظم,augmented_rotation,test
data/raw/synthetic/urdu_0142.png,دیہی علاقوں میں شہروں کے بہ نسبت سوٹ اور ٹائی کا استعمال کم ہوتا ہے,synthetic,test
data/raw/augmented/urdu_0480_aug1_blur.png,یہ وید ویدک سنسکرت میں لکھے گئے ہیں اور آج بھی ہندوؤں کی مقدس کتابوں میں شامل ہیں,augmented_blur,test
data/raw/synthetic/urdu_0009.png,آج تک انسان نے جتنی بھی ترقی کی ہے,synthetic,test
data/raw/synthetic/urdu_0045.png,14 اگست 1947ء کو پاکستان وجود میں آیا,synthetic,test
data/raw/augmented/urdu_0317_aug3_brightness.png,انگریزی نے ایک مشترکہ سرکاری زبان کے طور پر دونوں پر بہت زیادہ اثر ڈالا ہے,augmented_brightness,test
data/raw/augmented/urdu_0405_aug3_brightness.png,نوحہ: معرکۂ کربلا میں ہوئے شہیدوں کے واقعات کو بیان کرنے والی صنف نوحہ ہے,augmented_brightness,test
data/raw/synthetic/urdu_0254.png,مورخ کی ذمہ داری,synthetic,test
data/raw/other/utrset_255.jpg,ضروری ہے لیکن اس کی کنجی میرے پاس نہیں اور قفل کاسوراخ بھی مجھے نظر نہیں آرہا,utrset_real,test
data/raw/augmented/urdu_0072_aug2_brightness.png,2004ء میں جنرل مشرف نے شوکت عزیز کو وزیر اعظم بنانے کا فيصلہ کیا,augmented_brightness,test
data/raw/synthetic/urdu_0240.png,آغاز تمذن سے اب تک تاریخ نے کئی روپ دھارے ہیں,synthetic,test
data/raw/signboards/sign_045.png,اعداد و شمار,signboards_synthetic,test
data/raw/augmented/urdu_0521_aug2_rotation.png,سلطنت کا نظم و انصرام عاملہ، عدلیہ اور فوج کے شعبوں میں منقسم تھا,augmented_rotation,test
data/raw/augmented/urdu_0348_aug2_rotation.png,اردو ہندوستان کے دوسرے حصوں کی طرح پڑھی اور لکھی جاتی ہے,augmented_rotation,test
data/raw/augmented/urdu_0040_aug1_rotation.png,یہ علاقہ سیاسی، مذہبی اور ثقافتی طور پر عرب دنیا سے جڑ جاتا ہے,augmented_rotation,test
data/raw/augmented/urdu_0603_aug2_rotation.png,گپت خاندان کی تباہی ان منگول قوموں کے ہاتھوں ہوئی جو ہن کہلاتی تھیں,augmented_rotation,test
data/raw/augmented/urdu_0540_aug3_rotation.png,بالآخر اس نے زور و تشدد کی راہ ترک کر دی اور بدھ مت قبول کرنے کا اعلان کیا,augmented_rotation,test
data/raw/synthetic/urdu_0355.png,یہ زبان دکن بھارت میں بولی جاتی ہے,synthetic,test
data/raw/other/utrset_122.jpg,رکہکر آزادانہ طورپر کسی خاص ”مذہبیت“ کی رعایت کئے بغیر تاریخ کومکمل کرے۔ کامیاب مورّخ کا,utrset_real,test
data/raw/augmented/urdu_0168_aug2_rotation.png,پاکستان کرکٹ کے ٹیم، جنہیں شاہین کہا جاتا ہے، نے 1992ء میں کرکٹ کا عالمی کپ جیتا تھا,augmented_rotation,test
data/raw/augmented/urdu_0034_aug2_blur.png,پاکستان وفاقی پارلیمانی جمہوری ریاست کے تحت چلتا ہے,augmented_blur,test
data/raw/other/utrset_037.jpg,رجسٹری آفس بھی نئی ذمہ داریوں سے محفوظ رہیں گے(۲) اگر بالفعل یہ ممکن نہ ہو تواس,utrset_real,test
data/raw/other/utrset_174.jpg,ہے۔ شاعری کے سوا فنون لطیفہ کے تمام اقسام آج کل خالاف وقار وستانت,utrset_real,test
data/raw/synthetic/urdu_0431.png,زبان بمقابلہ لہجہ,synthetic,test
data/raw/augmented/urdu_0284_aug3_rotation.png,1947ء میں تقسیم ہند کے بعد سے پاکستانی شہر کراچی میں ایک تیسرا معیار پیدا ہوا ہے,augmented_rotation,test
data/raw/augmented/urdu_0251_aug1_brightness.png,(سبط حسن، ماضی کے مزار,augmented_brightness,test
data/raw/synthetic/urdu_0399.png,قصیدہ: قصیدہ اردو نظم کی وہ صنف ہے جسے کسی کی تعریف میں کہی گئی نظمی شکل کہہ سکتے ہیں,synthetic,test
data/raw/augmented/urdu_0145_aug2_brightness.png,اس وقت پاکستان میں نیوز، انٹرٹینمنٹ، ہیلتھ، ایجوکیشن، علاقائی اور بہت سے چینلز موجود ہیں,augmented_brightness,test
data/raw/signboards/sign_098.png,مؤتمر عالم اسلامی کے رکن ممالک,signboards_synthetic,test
data/raw/augmented/urdu_0341_aug3_blur.png,یہ تعلیم، اَدب، دفتر، عدالت، وسیط اور دینی اِداروں میں مستعمل ہے,augmented_blur,test
data/raw/augmented/urdu_0195_aug1_blur.png,چوکور شیلڈ جس میں ملک کی چار اہم صنعتوں کی علامت کندہ ہے,augmented_blur,test
data/raw/augmented/urdu_0276_aug3_blur.png,اُردُو برصغیر کی معیاری زبانوں میں سے ایک ہے,augmented_blur,test
data/raw/augmented/urdu_0350_aug1_brightness.png,ڈھاکیہ اردو بنگلہ دیش کے پرانے ڈھاکہ شہر کی ایک بولی ہے جو مغل دور سے شروع ہوتی ہے,augmented_brightness,test
data/raw/augmented/urdu_0504_aug3_blur.png,سنسکرت کے رزمیے,augmented_blur,test
data/raw/augmented/urdu_0561_aug2_brightness.png,سیتَلئی ساتّنار نے منی میکالئی تصنیف کی جو دراصل سیلاپتی کارم ہی کا تسلسل ہے,augmented_brightness,test
data/raw/other/utrset_092.jpg,ضخامت ص۲٤٠ ۔قیمت عصر,utrset_real,test
data/raw/other/utrset_023.jpg,کے ساتھ مولاناکفایت اللہ دہلوی،مولوی نعیم الدین مرادآبادی اور مولانا قطب الدین,utrset_real,test
data/raw/augmented/urdu_0548_aug2_blur.png,موریا سلطنت کی بنیادیں اپنے عہد کی ترقی یافتہ معیشت اور ہنر مند سماج پر استوار تھیں,augmented_blur,test
data/raw/other/utrset_058.jpg,کردے، یہ مسلمان والی پھر قاضی مقرر کرے (۳) یہ بھی ممکن نہ ہو تو مسلمان اپنی باہمی رضا,utrset_real,test
data/raw/other/utrset_314.jpg,ہوا ہے۔ وہاں سے بھی جھاڑ جھنکاڑ سمیٹ لائے گا کتنے گلے ہیں اس راہدادی میں,utrset_real,test
data/raw/augmented/urdu_0167_aug2_rotation.png,تاہم، کرکٹ پاکستان کا سب سے زیادہ مشہور کھیل ہے,augmented_rotation,test
data/raw/synthetic/urdu_0297.png,جیسے غلام حمدان مصحفی نے اپنی ایک,synthetic,test
data/raw/books/book_103.png,"صوبہ پنجاب کا کل رقبہ 205,344 مربع کلومیٹر ہے جبکہ 2013ء میں آبادی 10 کروڑ 10لاکھ تھی",books_synthetic,test
data/raw/augmented/urdu_0014_aug3_rotation.png,لیکن اس دور میں اس کی اہمیت بہت کم تھی,augmented_rotation,test
data/raw/augmented/urdu_0465_aug1_brightness.png,""" مائیکل فشر لکھتے ہیں:",augmented_brightness,test
data/raw/augmented/urdu_0103_aug2_rotation.png,صوبہ جات کی تقسیم یکم جولائی 1970ء کو کی گئی,augmented_rotation,test
data/raw/signboards/sign_152.png,5 فیصد کم ہوئی (اس وقت 5,signboards_synthetic,test
data/raw/augmented/urdu_0486_aug1_blur.png,ہڑپہ کا تمدن رخصت ہو چکا تھا اور اس کی جگہ دیہی زندگی نے لے لی تھی,augmented_blur,test
data/raw/augmented/urdu_0575_aug2_blur.png,کل دس شونگ بادشاہ گذرے ہیں لیکن اگنی متر کی وفات کے بعد سلطنت کا شیرازہ تیزی سے بکھرنے لگا,augmented_blur,test
data/raw/books/book_067.png,مئی 2013ء میں عام انتحابات ہوئے جس میں پاکستان مسلم لیگ ن ایک بڑی جماعت کے طور پر ابھری,books_synthetic,test
data/raw/other/utrset_280.jpg,یاشاید اس کی وجہ یہ ہوکہ اس کومجھ پر حملہ کرنے کاموقع حاصل نہ تھا۔ میں مکرجی کیطرف,utrset_real,test
data/raw/other/utrset_349.jpg,ضرورت سے زیادہ تھا۔ وہ ہر وقت اونچے اونچے خواب دیکھتی اور,utrset_real,test
data/raw/augmented/urdu_0132_aug1_rotation.png,پاکستان ميں بہت مختلف قسم کی موسيقی ملتی ہے,augmented_rotation,test
data/raw/augmented/urdu_0464_aug1_rotation.png,یہاں سے نئے سنگی دور کا آغاز ہوتا ہے,augmented_rotation,test
data/raw/other/utrset_099.jpg,کتابیں۔ شرارؔ برقی۔,utrset_real,test
data/raw/synthetic/urdu_0549.png,یہ فولاد چین اور عرب تک جاتا تھا,synthetic,test
data/raw/synthetic/urdu_0106.png,"صوبہ سندھ کا کل رقبہ 140,914 مربع کلومیٹر ہے جبکہ 2012ء میں آبادی 4 کروڑ 24 لاکھ تھی",synthetic,test
data/raw/other/utrset_387.jpg,دیکھ کر اپنی بری حالت کا شدید احساس ہوتا ہے اور وہ سخت شرمندگی,utrset_real,test
data/raw/augmented/urdu_0541_aug2_rotation.png,اشوک کے عہد حکومت میں بدھ مت سارے ہندوستان میں پھیل چکا تھا,augmented_rotation,test
data/raw/augmented/urdu_0180_aug1_blur.png,قومی پرچم گیارہ اگست 1947ء کو لیاقت علی خان نے دستور ساز اسمبلی میں پیش کیا,augmented_blur,test
data/raw/synthetic/urdu_0532.png,برصغیر کی تاریخ میں پہلی بار ایسی عظیم الشان اور مستحکم سلطنت قائم ہوئی تھی,synthetic,test
data/raw/synthetic/urdu_0264.png,دور قديم کی تاريخ,synthetic,test
data/raw/synthetic/urdu_0525.png,345 ق م میں آخری شی شو ناگ بادشاہ کالا شوک مہا پدم نند کے ہاتھوں مارا گیا,synthetic,test
data/raw/augmented/urdu_0400_aug3_brightness.png,اس کے چار اقسام ہیں,augmented_brightness,test
data/raw/augmented/urdu_0421_aug3_rotation.png,رومن حروف تہجی کا قاعدہ,augmented_rotation,test
data/raw/augmented/urdu_0019_aug3_rotation.png,زمانہ قدیم کے جغرافیہ دانوں کی بعض تحریریں بڑی دلچسپ ہیں,augmented_rotation,test
data/raw/synthetic/urdu_0408.png,اردو ہندی تنازع,synthetic,test
data/raw/augmented/urdu_0536_aug3_brightness.png,شاید اس کی وجہ یہ تھی کہ جنوب سے کلنگ کے تجارتی روابط مضبوط تھے,augmented_brightness,test
data/raw/augmented/urdu_0471_aug2_blur.png,گیرو رنگ کے برتنوں کی ثقافت,augmented_blur,test
data/raw/augmented/urdu_0391_aug3_blur.png,بالخصوص نظم میں اردو کے مقابلہ میں دوسری زبان نہیں,augmented_blur,test
data/raw/synthetic/urdu_0598.png,انھی وجوہ سے گپت عہد کو ہندوستانی ثقافت کی تاریخ کا اہم ترین موڑ سمجھا جاتا ہے,synthetic,test
data/raw/augmented/urdu_0420_aug2_brightness.png,(جلد اول) بنيادی اردو,augmented_brightness,test
data/raw/other/utrset_291.jpg,دور ہی رہے۔اس کے بعدجلالؔ نے مجھ سے دریافت کیاکہ کیاکمرے کوتاریک بنایا,utrset_real,test
data/raw/augmented/urdu_0223_aug3_brightness.png,انگریزی بولنے والے ممالک اور علاقہ جات,augmented_brightness,test
data/raw/augmented/urdu_0304_aug3_brightness.png,اردو زبان کو برطانوی دور میں انگریزوں نے ترقی دی، تاکہ فارسی کی اہمیت کو ختم کیا جا سکے,augmented_brightness,test
data/raw/augmented/urdu_0235_aug1_blur.png,ہریانوی زبان بولنے والے ممالک اور علاقہ جات,augmented_blur,test
data/raw/augmented/urdu_0503_aug3_blur.png,ان تحریکوں نے برہمنیت کے تسلط کو للکارا اور قدیم رسم و رواج کے زور کو توڑنے کی کوشش کی,augmented_blur,test
data/raw/augmented/urdu_0399_aug2_brightness.png,قصیدہ: قصیدہ اردو نظم کی وہ صنف ہے جسے کسی کی تعریف میں کہی گئی نظمی شکل کہہ سکتے ہیں,augmented_brightness,test
data/raw/augmented/urdu_0562_aug3_blur.png,اس میں کوولن کی بیٹی مادھوی کی کہانی نظم کی گئی ہے جو بودھ بھکشونی بن جاتی ہے,augmented_blur,test
data/raw/books/book_026.png,پاکستان دنیا کا ایک اہم طاقتور ملک ہے، جیسا کہ اس کی فوج دنیا کی چھٹی بڑی فوج ہے اور یہ اسلامی دنیا کی واحد اور جنوبی ایشیا کی دوسری ایٹمی طاقت ہے,books_synthetic,test
data/raw/augmented/urdu_0111_aug3_rotation.png,پاکستان کے مشرقی، وسطی اور جنوبی علاقے میدانی ہیں جبکہ مغربی اور شمالی علاقے پہاڑی ہیں,augmented_rotation,test
data/raw/augmented/urdu_0532_aug3_rotation.png,برصغیر کی تاریخ میں پہلی بار ایسی عظیم الشان اور مستحکم سلطنت قائم ہوئی تھی,augmented_rotation,test
data/raw/augmented/urdu_0333_aug3_blur.png,یہ پاکستان کے تمام صوبوں/علاقوں میں لکھی، بولی اور استعمال کی جاتی ہے,augmented_blur,test
data/raw/augmented/urdu_0363_aug2_rotation.png,ہندوستان میں ہندی سے اردو اتنی نہیں بدل گئی جتنی پاکستان میں ہے,augmented_rotation,test
data/raw/other/utrset_025.jpg,کو رجسٹرڈ کرنے کے لیے ایک قانون بناناتھا، اس کمیٹی کے صدر سرشاہ سلیمان (جج,utrset_real,test
data/raw/books/book_061.png,2004ء میں جنرل مشرف نے شوکت عزیز کو وزیر اعظم بنانے کا فيصلہ کیا,books_synthetic,test
data/raw/augmented/urdu_0549_aug1_rotation.png,یہ فولاد چین اور عرب تک جاتا تھا,augmented_rotation,test
data/raw/augmented/urdu_0590_aug1_rotation.png,اس کے باوصف بدھ مت کے استحکام میں کشانیوں کے غیر معمولی کردار کو فراموش نہیں جا سکتا,augmented_rotation,test
data/raw/augmented/urdu_0027_aug3_rotation.png,بنیادی موضوع قسم بندی,augmented_rotation,test
data/raw/synthetic/urdu_0015.png,عموما دریاؤں، پہاڑوں، سمندروں اور مقامات کے نام یاد کرلینا ہی کافی سمجھا جاتا تھا,synthetic,test
data/raw/augmented/urdu_0192_aug2_brightness.png,قومی ترانہ - قومی ترانے کے لیے دیکھیں مضمون قومی ترانہ,augmented_brightness,test
data/raw/synthetic/urdu_0553.png,ان کا دھرم مختلف اور پیشے جدا جدا تھے,synthetic,test
data/raw/synthetic/urdu_0518.png,نیز راماین، مہا بھارت اور پرانوں میں بھی اس کا مذکور ملتا ہے,synthetic,test
data/raw/augmented/urdu_0472_aug3_blur.png,یہ دیہاتوں کے باشندے تھے اور شکار و کاشت کاری ان کا ذریعۂ معاش تھا,augmented_blur,test
data/raw/augmented/urdu_0134_aug2_rotation.png,پاکستانی تہذيب ميں مغربی عناصر بڑھتے جا رہے ہيں,augmented_rotation,test
data/raw/signboards/sign_002.png,یہاں پارکنگ منع ہے,signboards_synthetic,test
data/raw/other/utrset_268.jpg,نے دیکھاکہ کمارؔ نے رخ بدل کر اپنے پیچھے کی طرف نظر ڈالی اور کمرے میں ادھر ادھر دیکھا,utrset_real,test
data/raw/augmented/urdu_0501_aug2_rotation.png,بدھ مت اور جین مت,augmented_rotation,test
data/raw/synthetic/urdu_0140.png,کرکٹ کے ساتھ ساتھ پاکستان ميں ہاکی بھی بہت شوق سے کھيلی جاتی ہے,synthetic,test
data/raw/augmented/urdu_0368_aug3_brightness.png,ʃkəɾi  ])  یا صرف لشکری,augmented_brightness,test
data/raw/augmented/urdu_0154_aug3_brightness.png,موہن جو دڑو کے اثریاتی کھنڈر,augmented_brightness,test
data/raw/synthetic/urdu_0561.png,سیتَلئی ساتّنار نے منی میکالئی تصنیف کی جو دراصل سیلاپتی کارم ہی کا تسلسل ہے,synthetic,test
data/raw/augmented/urdu_0223_aug1_brightness.png,انگریزی بولنے والے ممالک اور علاقہ جات,augmented_brightness,test
data/raw/synthetic/urdu_0071.png,صدر فاروق احمد خان لغاری کے حکم پر یہ حکومت بھی بر طرف ہو گئی,synthetic,test
data/raw/newspaper/Screenshot 2026-07-01 152119.png,تهران اور واشنئن ك درميان ط_يان وال مفابمت يادداشت مير ايران ك بيلستك ميزائل رروكرام ر كس واضح بابندى كا ذكر نهي كيا كيا ب_ اوريه وه بهلور جو خليج ممالك ك ليه مزيد تشويش كا باعث بنا ب كيونكهيه وبى ميزائل لي جو حاليه تنازع ك دوران خليج ممالك ير داغ كئ اوربر جانى و مالى نقصانات كا باعث بن_ - دلجسب بات يه لكه جن  ك دوران دونلد ثرمر ك حكومت ايران ك ميزائل صلاحيت كو ختم كرن كو اين ابم ابداف مي شامل قرار ديتى رب  تابم يرس ك دور مير ثرمب ن اين مؤقف مير نسبتاً نرم كا اظهار كرت بوئ2 كهاكه ' اكر ديكر ممالك كياس بيلسنك ميزائل موجود لي تو يه غير منصفاند بوكا كه ايران كوان مي سكجه ) ميزائل ( ركهن س محروم ركها جائ2 _ كن2ز كالج لندن مير سكيورلن سنديز ك ايسوس ايث بروفيسر آندرياس كري2 ك مطابق ايران كا ميزائل روزرام اب بهى عرب ممالك كلي سنجيده سكيورئن جيلنج ب2- تابم وه يه به سمجهت ليل كه ان ممالك ك قيادت اس حقيقت س آكاه ب_كه ايران ك ميزائل ذخير< كو مكمل طورير ختم كرن كا مطالب كس قابل عمل معابد ك راه مي ركاوث بن سكتا ل-,manual_screenshot,test
data/raw/augmented/urdu_0506_aug2_blur.png,مہا بھارت دنیا کی طویل ترین نظم سمجھی جاتی ہے,augmented_blur,test
data/raw/synthetic/urdu_0552.png,ان کے مسائل کا بچشم خود مشاہدہ کیا اور ان کے درد و کرب کو محسوس کیا,synthetic,test
data/raw/augmented/urdu_0029_aug3_brightness.png,چھوٹے پیغام خانوں کا استعمال کرنے والے مضامین,augmented_brightness,test
data/raw/augmented/urdu_0155_aug1_blur.png,تخت بائی اور پڑوسی شہر شہر بہلول کے بدھ مت کے کھنڈر,augmented_blur,test
data/raw/augmented/urdu_0584_aug1_blur.png,پہلی صدی عیسوی کے آس پاس توما رسول بحری راستے سے ہندوستان پہنچا اور موزریز ساحل پر اترا,augmented_blur,test
data/raw/synthetic/urdu_0501.png,بدھ مت اور جین مت,synthetic,test
data/raw/augmented/urdu_0101_aug2_blur.png,تحقیقات کے لیے وفاقی ادارۂ تحقیقات‎ (ایف آئی اے) اور دیگر تحقیقاتی ادارے موجود ہیں,augmented_blur,test
data/raw/augmented/urdu_0278_aug3_blur.png,2001ء کی مردم شماری کے مطابق اردو کو بطور مادری زبان بھارت میں 5,augmented_blur,test
data/raw/augmented/urdu_0098_aug3_blur.png,تقسیم کے وقت بھارت میں 16 آرڈیننس فیکٹریاں تھیں جبکہ پاکستان میں ایک بھی نہیں تھی,augmented_blur,test
data/raw/augmented/urdu_0450_aug3_rotation.png,پھر دسویں صدی کے اواخر اور گیارھویں صدی کے اوائل میں محمود غزنوی کا ورود ہوا,augmented_rotation,test
data/raw/augmented/urdu_0008_aug1_blur.png,جغرافیہ کو زمین کی سائنس بھی کہا جاتا ہے,augmented_blur,test
data/raw/books/book_006.png,مثلاً سٹرابو جو ایک اطالوی جغرافیہ دان تھا، اس خیال کا مالک تھا کہ سمندر کا پانی ایک بہت بڑے دریا کی طرح کسی ڈھلان پر بند رہتا ہے,books_synthetic,test
data/raw/augmented/urdu_0262_aug2_blur.png,ادواری قسم بندی,augmented_blur,test
data/raw/books/book_032.png,سن 1947ء سے پہلے بھارت، پاکستان اور بنگلہ دیش برطانوی کالونیاں تھیں اور برّصغیر کے نام سے جانے جاتے تھے,books_synthetic,test
data/raw/synthetic/urdu_0600.png,یہی وجہ ہے کہ تاریخ کے چہرے پر اس عہد کو گپت سلطنت کا بوسۂ امن قرار دیا جاتا ہے,synthetic,test
data/raw/augmented/urdu_0102_aug1_blur.png,پاکستان ميں 4 صوبے، 2 وفاقی علاقے اور پاکستانی کشمير کے 2 حصے ہيں,augmented_blur,test
data/raw/augmented/urdu_0557_aug3_blur.png,پَتو پاٹّو اوسط لمبائی کی دس نظموں کا مجموعہ ہے اور سنگم ادب کا حصہ سمجھا جاتا ہے,augmented_blur,test
data/raw/signboards/sign_088.png,بیرونی روابط,signboards_synthetic,test
data/raw/augmented/urdu_0463_aug3_brightness.png,ٹم ڈائسن رقم طراز ہے:,augmented_brightness,test
data/raw/synthetic/urdu_0566.png,اس دور کو مزید مختلف ذیلی ادوار میں تقسیم کیا گیا ہے,synthetic,test
data/raw/augmented/urdu_0150_aug2_blur.png,اس کے بعد گندھارا طرز کا بدھ طرز تعمیر آیا جس میں قدیم یونان کے اجزاء بھی شامل تہے,augmented_blur,test
data/raw/augmented/urdu_0046_aug3_rotation.png,جبکہ دریائے سندھ، چناب اور جہلم پر پاکستان کا حق تسلیم کر لیا گیا,augmented_rotation,test
data/raw/other/utrset_080.jpg,جداکردیا۔اور وہ حیران وپریشان اس ”بے نیازی“ کاناقابلِ فہم مظاہرہ کرتاتنہاوبیکس رہگیا۔,utrset_real,test
data/raw/augmented/urdu_0435_aug3_blur.png,مہاراشٹر کی زبانیں,augmented_blur,test
data/raw/augmented/urdu_0398_aug1_rotation.png,بالخصوص شہیدانِ کربلا کی شہادت کو بیان کرنے والی نظم,augmented_rotation,test
data/raw/augmented/urdu_0346_aug1_brightness.png,وہ ریاست جس کے لیے اسے آئین کے آغاز سے فوراً پہلے استعمال کیا جا رہا تھا,augmented_brightness,test
data/raw/augmented/urdu_0221_aug3_brightness.png,اسلامی جمہوریتیں,augmented_brightness,test
data/raw/augmented/urdu_0604_aug2_brightness.png,یہ لوگ سفید رنگت کی وجہ سے سفید ہن کہلائے,augmented_brightness,test
data/raw/other/utrset_282.jpg,”میرے دشمن بہت سے ہیں ڈاکٹر شاہد۔ مکرجیؔ میراداہنابازوتھا۔ اگر ان دشمنوں,utrset_real,test
data/raw/augmented/urdu_0147_aug1_blur.png,اردو فلم انڈسٹری لالی وڈ کی صدر مقامات لاہور، کراچی اور پشاور میں واقع ہے,augmented_blur,test
data/raw/synthetic/urdu_0134.png,پاکستانی تہذيب ميں مغربی عناصر بڑھتے جا رہے ہيں,synthetic,test
data/raw/synthetic/urdu_0184.png,دیگر 45 پھلوں کے نام بھی جان سکتے ہیں,synthetic,test
data/raw/augmented/urdu_0407_aug3_rotation.png,پاکستان کی زبانیں,augmented_rotation,test
data/raw/augmented/urdu_0084_aug3_rotation.png,پاکستانی سیاست کی بنیاد کو آئین پاکستان نے قائم کیا ہے,augmented_rotation,test
data/raw/books/book_003.png,جس میں زمین، اس کی خصوصیات، اس کے باشندوں‎ ،‎اس کے مظاہر، اور اس کے نقوش کا مطالعہ کیا جاتا ہے,books_synthetic,test
data/raw/books/book_022.png,اس کے بعد محمد علی جناح کی قیادت میں تحریک پاکستان کامیاب ہوئی اور 14 اگست 1947ء کو ہندوستان کے مشرق اور مغرب میں دو حصوں میں ایک آزاد اور خودمختار اسلامی ریاست قائم ہوئی,books_synthetic,test
data/raw/synthetic/urdu_0423.png,بھارت کی زبانیں,synthetic,test
data/raw/augmented/urdu_0130_aug1_blur.png,اس ميں اس علاقوں کی تاريخی عليحدگی کے ساتھ ساتھ موسم اور آب و ہوا کا بھی بہت اثر ہے,augmented_blur,test
data/raw/augmented/urdu_0300_aug2_brightness.png,لفظ اردو کو شاعر غلام ہمدانی مصحفی نے 1780ء کے آس پاس سب سے پہلے استعمال کیا تھا,augmented_brightness,test
data/raw/synthetic/urdu_0274.png,زبانوں ميں وقت کے ساتھ ساتھ ہونے والی تبديليوں کا مطالعہ کيا جاتا ہے,synthetic,test
data/raw/augmented/urdu_0241_aug3_rotation.png,اناتول قراش کے خیال میں تاریخ گزشتہ حادثات و اتفاقات کے تحریری بیان سے عبارت ہے,augmented_rotation,test
data/raw/augmented/urdu_0326_aug2_rotation.png,ہندوستان اور پاکستان میں اردو بولنے والوں کی تعداد 100 ملین سے زیادہ ہے,augmented_rotation,test
data/raw/synthetic/urdu_0044.png,اس تحریک کی قیادت محمد علی جناح نے کی,synthetic,test
data/raw/other/utrset_071.jpg,سامنے یہ کچھ ہوااوراس نے دیکہا۔ وہ آگے بڑہناچاہتاتھاکہ دوخواصوں نے بڑہ کر ایک چادر بیاٹرس پر ڈالدی۔ وہ دیکہتا,utrset_real,test
data/raw/augmented/urdu_0054_aug3_blur.png,1951ء سے 1958ء تک کئی حکومتیں آئیں اور ختم ہو گئیں,augmented_blur,test
data/raw/augmented/urdu_0174_aug2_rotation.png,اس نے 35 سونے کے طمغے اور 15 عالمی چاندی اور پیتل کے طمغے پاکستان کے لیے حاصل کئے,augmented_rotation,test
data/raw/augmented/urdu_0548_aug1_brightness.png,موریا سلطنت کی بنیادیں اپنے عہد کی ترقی یافتہ معیشت اور ہنر مند سماج پر استوار تھیں,augmented_brightness,test
data/raw/synthetic/urdu_0578.png,"ساتواہن سلاطین اصلاً دکنی تھے، اسی بنا پر وہ ""آندھرا سلاطین"" بھی کہلاتے ہیں",synthetic,test
data/raw/synthetic/urdu_0592.png,اس عہد میں گندھارا اور متھرا کے فنون بھی بہار دکھانے لگے تھے,synthetic,test
data/raw/augmented/urdu_0541_aug3_rotation.png,اشوک کے عہد حکومت میں بدھ مت سارے ہندوستان میں پھیل چکا تھا,augmented_rotation,test
data/raw/augmented/urdu_0528_aug2_rotation.png,نند سلطنت کی سرحدیں بنگال سے پنجاب تک اور جنوب میں وندھیاچل تک پھیلی ہوئی تھیں,augmented_rotation,test
data/raw/augmented/urdu_0597_aug3_blur.png,کلاسیکی دور (320 عیسوی - 650 عیسوی),augmented_blur,test
data/raw/augmented/urdu_0339_aug3_rotation.png,"بھارت میں 3,000 سے زیادہ اردو اشاعتیں ہیں جن میں 405 روزانہ اردو اخبارات بھی شامل ہیں",augmented_rotation,test
data/raw/other/utrset_307.jpg,آج کل میں آتا ہوگا۔ بہت خوش ہوگی اس سے مل کے اس نے ایک عمدہ,utrset_real,test
data/raw/books/book_087.png,تقسیم برصغیر کے بعد ہندوستانی فوج پاکستان اور بھارت میں بالترتیب 36% اور 64% کےتناسب میں تقسیم ہو گئی,books_synthetic,test
data/raw/augmented/urdu_0256_aug2_brightness.png,پانچواں سبب امرا و سلاطین کے قرب کی خواہش,augmented_brightness,test
data/raw/augmented/urdu_0213_aug1_rotation.png,پاکستان کے نیشنل پارک,augmented_rotation,test
data/raw/augmented/urdu_0576_aug2_rotation.png,شونگ سلطنت اپنے دور حکمرانی میں بیرونی اور اندرونی دونوں طاقتوں سے نبرد آزما رہی,augmented_rotation,test
data/raw/signboards/sign_141.png,مزید دیکھیے,signboards_synthetic,test
data/raw/other/utrset_169.jpg,ہمرانی، حریری، زمخشری، اور سیوطی ، جن کا شمار اکابر علما میں ہے ، انکے مقامات,utrset_real,test
data/raw/augmented/urdu_0220_aug2_brightness.png,اردو بولنے والے ممالک اور علاقہ جات,augmented_brightness,test
data/raw/augmented/urdu_0112_aug1_blur.png,پاکستان کا سب سے بڑا دریا دریائے سندھ ہے,augmented_blur,test
data/raw/augmented/urdu_0138_aug2_blur.png,پاکستان کا سب سے پسنديدہ کھيل کرکٹ ہے,augmented_blur,test
data/raw/augmented/urdu_0601_aug2_brightness.png,بعد میں آنے والے گپت سلاطین الچون ہن کی آمد تک اپنی سرحدوں کا کامیاب دفاع کرتے رہے,augmented_brightness,test
data/raw/signboards/sign_073.png,پاکستان کے اخبار,signboards_synthetic,test
data/raw/signboards/sign_112.png,افکار ابن خلدون، 75 تا79),signboards_synthetic,test
data/raw/synthetic/urdu_0032.png,اس کے جنوب میں 1046 کلومیٹر (650 میل) کی ساحلی پٹی ہے جو بحیرہ عرب سے ملتی ہے,synthetic,test
data/raw/synthetic/urdu_0061.png,اس دور میں سوشلسٹ اور پین اسلامک عنصر بڑھا,synthetic,test
data/raw/signboards/sign_013.png,حالات حاضرہ,signboards_synthetic,test
data/raw/synthetic/urdu_0146.png,پی ٹی وی ورلڈ پاکستان کا پہلا انگریزی چینل ہے,synthetic,test
data/raw/books/book_015.png,"881,913 مربع کلومیٹر (340,509 مربع میل) کے ساتھ یہ دنیا کا تینتیسواں بڑے رقبے والا ملک ہے",books_synthetic,test
data/raw/synthetic/urdu_0206.png,ڈویژنل دار الحکومت,synthetic,test
data/raw/augmented/urdu_0009_aug1_blur.png,آج تک انسان نے جتنی بھی ترقی کی ہے,augmented_blur,test
data/raw/synthetic/urdu_0356.png,کھری بولی: (کھڑی بولی),synthetic,test
data/raw/synthetic/urdu_0526.png,مہا پدم نند نو نندوں میں سے پہلا تھا اور اس کے بعد اسی کے آٹھ بیٹے نند کہلائے,synthetic,test
data/raw/augmented/urdu_0348_aug1_brightness.png,اردو ہندوستان کے دوسرے حصوں کی طرح پڑھی اور لکھی جاتی ہے,augmented_brightness,test
data/raw/other/utrset_130.jpg,”تاریخِ ہند“ مرتب کی تھی۔ جس کی اشاعت کوبھی عرصہ ہوا۔ جب سے اب تک کوئی قابل ذکر رائے زنی اس,utrset_real,test
data/raw/augmented/urdu_0280_aug1_brightness.png,اردو تاریخی طور پر ہندوستان کی مسلم آبادی سے جڑی ہے,augmented_brightness,test
data/raw/other/utrset_370.jpg,لیمپ تک پہنچ جاتا ہے اور موہن جھٹ ہتھیلی یا کاپی سے آڑکرلیتا ہے۔,utrset_real,test
data/raw/augmented/urdu_0569_aug2_blur.png,گپت سلطنت کا یہ دور ہندومت کی تاریخ کا عہد زریں سمجھا جاتا ہے,augmented_blur,test
data/raw/augmented/urdu_0322_aug1_brightness.png,08 ملین اردو بولنے والے تھے)، خاص طور پر سب سے زیادہ اردو بولنے والی ریاستوں اتر پردیش (c,augmented_brightness,test
data/raw/synthetic/urdu_0285.png,اُردو کا بعض اوقات ہندی کے ساتھ موازنہ کیا جاتا ہے,synthetic,test
data/raw/augmented/urdu_0272_aug3_rotation.png,لسانيات ايک ايسا مضمون ہے جس ميں انسانی زبانوں کا مطالعہ کيا جاتا ہے,augmented_rotation,test
data/raw/signboards/sign_025.png,طبیعی جغرافیہ,signboards_synthetic,test
data/raw/augmented/urdu_0179_aug1_blur.png,گہرا سبز رنگ جس پر ہلال اور پانچ کونوں والا ستارہ بنا ہوا ہے,augmented_blur,test
data/raw/synthetic/urdu_0187.png,قومی پرندہ - پاکستان کا قومی پرندہ چکور ہے,synthetic,test
data/raw/augmented/urdu_0373_aug1_rotation.png,اس کی بنیادی وجہ اردو کے مصنفین اور فنکار ہیں,augmented_rotation,test
data/raw/augmented/urdu_0523_aug2_rotation.png,یہی دور ہے جس میں گوتم بدھ نے اپنی زندگی کا بیشتر حصہ مگدھ سلطنت میں گذارا,augmented_rotation,test
data/raw/synthetic/urdu_0157.png,ٹھٹھہ کی تاریخی یادگاریں,synthetic,test
data/raw/synthetic/urdu_0565.png,یہ عہد موریہ سلطنت کے زوال سے شروع ہو کر گپت سلطنت کے زوال تک جاری رہا,synthetic,test
data/raw/augmented/urdu_0489_aug1_blur.png,اس عہد میں چھوٹے چھوٹے قبیلوں اور سرداروں نے آپس میں مل کر جن پد قائم کرنا شروع کیا,augmented_blur,test
data/raw/augmented/urdu_0318_aug1_rotation.png,بروس (2021ء) کے مطابق، اٹھارویں صدی سے اردو نے انگریزی الفاظ کو ڈھال لیا ہے,augmented_rotation,test
data/raw/synthetic/urdu_0110.png,"پاکستان کا سمندری ساحل تقریباً 1,046 کلومیٹر ہے اور 6,774 کلومیٹر زمینی سرحد ہے",synthetic,test
data/raw/augmented/urdu_0513_aug3_rotation.png,یہ چار ریاستیں تھیں: وَتس، اَوَنتی، کوشل اور مگدھ,augmented_rotation,test
data/raw/augmented/urdu_0263_aug3_rotation.png,جامعاتی قسم بندی,augmented_rotation,test
data/raw/synthetic/urdu_0528.png,نند سلطنت کی سرحدیں بنگال سے پنجاب تک اور جنوب میں وندھیاچل تک پھیلی ہوئی تھیں,synthetic,test
data/raw/augmented/urdu_0072_aug1_brightness.png,2004ء میں جنرل مشرف نے شوکت عزیز کو وزیر اعظم بنانے کا فيصلہ کیا,augmented_brightness,test
data/raw/augmented/urdu_0565_aug1_rotation.png,یہ عہد موریہ سلطنت کے زوال سے شروع ہو کر گپت سلطنت کے زوال تک جاری رہا,augmented_rotation,test
data/raw/other/utrset_184.jpg,مگروہ اسے اس تصنیف میں اپنے عالم اسباب سے زبردستی کھینچ کرکے حسن و عشق کی دنیا,utrset_real,test
data/raw/synthetic/urdu_0555.png,ان میں عورتیں بھی تھیں اور شاہزادے بھی تھے,synthetic,test
data/raw/augmented/urdu_0395_aug1_brightness.png,غزل: دو مصرعوں پر مشتمل مکمل، بامعنی اور جداگانہ اشعار کی لڑی,augmented_brightness,test
data/raw/augmented/urdu_0583_aug2_brightness.png,کیرالا کی مسالوں کی تجارت قدیم دنیا کے تاجروں کو کھینچ کھینچ کر ہندوستان لا رہی تھی,augmented_brightness,test
data/raw/synthetic/urdu_0435.png,مہاراشٹر کی زبانیں,synthetic,test
data/raw/newspaper/Screenshot 2026-07-01 181614.png,اينى ابليد اور دوكمسن بينيو ك ٢مراه وه جند خوشكوار دن كزارن اور اين دوست و ميزبان احسن خان س ملاقات ك غرض س كوئن بهنج تهء - منصوبد صرف اتنا تها كه شهر ك رونقو اور بلوجستان ك  قدرتى حسن س لطف اندوز بوا جائ2يادير سميئر جائيل اوربهر وايس كراص لوث آيا جائ2,manual_screenshot,test
data/raw/other/utrset_338.jpg,اس کی خدمت کےلیے مخصوص کردیا تھا۔ وہ نہایت سعادت مندی اور پھرتی سے,utrset_real,test
data/raw/augmented/urdu_0457_aug2_blur.png,چنانچہ اسی عہد سے قدیم انسانوں کے وجود کی اثریاتی شہادتیں بھی وافر تعداد میں ملتی ہیں,augmented_blur,test
data/raw/augmented/urdu_0432_aug2_brightness.png,کرناٹک کی زبانیں,augmented_brightness,test
data/raw/augmented/urdu_0469_aug2_blur.png,کہا جاتا ہے کہ وادی سندھ کی تہذیب کے دور عروج میں یہاں پچاس لاکھ افراد بستے تھے,augmented_blur,test
data/raw/augmented/urdu_0177_aug3_rotation.png,قومی شاعر – حکیم الامت حضرت ڈاکٹر علامہ محمد اقبال,augmented_rotation,test
data/raw/augmented/urdu_0126_aug1_blur.png,ثقافت اور معاشرہ,augmented_blur,test
data/raw/augmented/urdu_0163_aug1_blur.png,پنجاب اور سندھ کے کھانے مصالحےدار ہوتے ہیں جو جنوبی ایشیا کے کھانوں کی خاصیت ہے,augmented_blur,test
data/raw/synthetic/urdu_0523.png,یہی دور ہے جس میں گوتم بدھ نے اپنی زندگی کا بیشتر حصہ مگدھ سلطنت میں گذارا,synthetic,test
data/raw/augmented/urdu_0396_aug3_rotation.png,مثنوی: ایک لمبی نظم جس میں کوئی قصہ یا داستان کہی گئی ہو,augmented_rotation,test
data/raw/augmented/urdu_0439_aug2_blur.png,مدھیہ پردیش کی زبانیں,augmented_blur,test
data/raw/augmented/urdu_0470_aug1_brightness.png,کہا جاتا ہے کہ ان کے ہاں کسی طرز کا بلدیاتی نظم بھی پایا جاتا تھا,augmented_brightness,test
data/raw/synthetic/urdu_0392.png,اردو کی روایات میں کئی اصناف ہیں جن میں غزل نمایاں ترین حیثیت کی حامل ہے,synthetic,test
data/raw/augmented/urdu_0007_aug1_blur.png,جس نے لفظ جغرافیہ استعمال کیا,augmented_blur,test
data/raw/augmented/urdu_0290_aug2_rotation.png,خاص کر جنوبی ایشیائی زبانوں میں اردو اپنی شاعری کے حوالے سے جانی جاتی ہے,augmented_rotation,test
data/raw/signboards/sign_134.png,موجودہ ممالک کی تاريخ,signboards_synthetic,test
data/raw/augmented/urdu_0175_aug3_brightness.png,اچھا اور مناسب علاج درمیانے سے لیکر اعلیٰ طبقے کے ليے مخصوص ہے,augmented_brightness,test
data/raw/augmented/urdu_0110_aug3_blur.png,"پاکستان کا سمندری ساحل تقریباً 1,046 کلومیٹر ہے اور 6,774 کلومیٹر زمینی سرحد ہے",augmented_blur,test
data/raw/augmented/urdu_0602_aug1_brightness.png,تاہم شمال کی اس شورش سے دکن سمیت جنوبی ہندوستان کے اکثر حصے عام طور پر محفوظ رہے,augmented_brightness,test
data/raw/synthetic/urdu_0005.png,ایراٹورتھینیس ‎(276-194B,synthetic,test
data/raw/books/book_029.png,پ پنجاب، ا خیبر پختونخوا (افغانیہ)، ک کشمیر، س سندھ، تان بلوچستان,books_synthetic,test
data/raw/books/book_127.png,اردو کے علاوہ پاکستان ميں کئی اور زبانيں بولی جاتی ہيں، ان ميں پنجابی، سرائیکی، سندھی، گجراتی، بلوچی، براہوی، پہاڑی، پشتو اور ہندکو زبانیں قابلِ ذکر ہيں,books_synthetic,test
data/raw/augmented/urdu_0148_aug2_blur.png,لالی وڈ نے اب تک بہت سے فلمیں ریلیز کی ہیں اور کر رہا ہے,augmented_blur,test
data/raw/synthetic/urdu_0535.png,البتہ کلنگ کا علاقہ (موجودہ اوڈیشا) اس کے دائرۂ اقتدار سے باہر رہا,synthetic,test
data/raw/augmented/urdu_0060_aug1_rotation.png,ذوالفقار علی بھٹو پاکستان کے صدر اور بعد ازاں وزیر اعظم رہے,augmented_rotation,test
data/raw/synthetic/urdu_0475.png,ويدک دور (تقریباً 1500 ق م تا 600 ق م),synthetic,test
data/raw/other/utrset_185.jpg,لٹریچرمیں نظریات وقیق کا عادی ہے، اور ہرسلہ پراستدلال عنوان سے غور کرتا ہے-,utrset_real,test
data/raw/augmented/urdu_0012_aug1_brightness.png,اور اس گھر سے زیادہ فوائد حاصل کرنے کے لیے علم جغرافیہ انسان کی رہنمائی کرتا ہے,augmented_brightness,test
data/raw/augmented/urdu_0390_aug3_blur.png,جنوبی ایشیا میں اردو ایک اہم زبان ہے,augmented_blur,test
data/raw/augmented/urdu_0444_aug2_brightness.png,آریائی قبائل وسط ایشیا سے نکل کر خطۂ پنجاب میں وارد ہوئے,augmented_brightness,test
data/raw/augmented/urdu_0424_aug2_brightness.png,بھارت کی سرکاری زبانیں,augmented_brightness,test
data/raw/augmented/urdu_0476_aug3_brightness.png,مقامی لوگوں کے ساتھ ميل جول ہوا اور ايک ن‏‏ئی تہذيب نے جنم ليا,augmented_brightness,test
data/raw/augmented/urdu_0402_aug3_blur.png,نعت: حضرت محمد  کی شان میں کہا گیا قصیدہ,augmented_blur,test
data/raw/synthetic/urdu_0192.png,قومی ترانہ - قومی ترانے کے لیے دیکھیں مضمون قومی ترانہ,synthetic,test
data/raw/augmented/urdu_0115_aug3_blur.png,زیادہ تر بلوچستان پہاڑی سلسلوں پر مشتمل ہے لیکن بلوچستان کا سبی علاقہ میدانی اور صحرائی ہے,augmented_blur,test
data/raw/augmented/urdu_0055_aug2_rotation.png,1956ء میں پاکستان میں پہلا آئین نافذ ہوا,augmented_rotation,test
data/raw/augmented/urdu_0095_aug2_rotation.png,1947ء میں قیام پاکستان سے پہلے پاک عسکریہ، ہندوستانی فوج کا حصہ تھی,augmented_rotation,test
data/raw/augmented/urdu_0226_aug3_blur.png,پنجابی زبان بولنے والے ممالک اور علاقہ جات,augmented_blur,test
data/raw/augmented/urdu_0105_aug3_rotation.png,"صوبہ پنجاب کا کل رقبہ 205,344 مربع کلومیٹر ہے جبکہ 2013ء میں آبادی 10 کروڑ 10لاکھ تھی",augmented_rotation,test
data/raw/synthetic/urdu_0277.png,آئین ہند کے مطابق اسے 22 دفتری شناخت شدہ زبانوں میں شامل کیا جا چکا ہے,synthetic,test
data/raw/augmented/urdu_0350_aug3_rotation.png,ڈھاکیہ اردو بنگلہ دیش کے پرانے ڈھاکہ شہر کی ایک بولی ہے جو مغل دور سے شروع ہوتی ہے,augmented_rotation,test
data/raw/augmented/urdu_0337_aug2_brightness.png,35% تلگو بولنے والے اور 43,augmented_brightness,test
data/raw/augmented/urdu_0191_aug2_blur.png,(قابل اعتبار حوالہ درکار ہے) ان کا تعلق سیالکوٹ سے ہے,augmented_blur,test
data/raw/books/book_016.png,اس کے جنوب میں 1046 کلومیٹر (650 میل) کی ساحلی پٹی ہے جو بحیرہ عرب سے ملتی ہے,books_synthetic,test
data/raw/augmented/urdu_0482_aug2_rotation.png,ویدک عہد کا دورانیہ 1500 ق م سے 500 ق م تک ہے,augmented_rotation,test
data/raw/augmented/urdu_0414_aug2_blur.png,ترتیب وڈیزائننگ ایم پی خاؿ اردولشکری زبان,augmented_blur,test
data/raw/augmented/urdu_0004_aug3_brightness.png,"""جغرافیہ وہ علم ہے",augmented_brightness,test
data/raw/synthetic/urdu_0034.png,پاکستان وفاقی پارلیمانی جمہوری ریاست کے تحت چلتا ہے,synthetic,test
data/raw/augmented/urdu_0526_aug2_blur.png,مہا پدم نند نو نندوں میں سے پہلا تھا اور اس کے بعد اسی کے آٹھ بیٹے نند کہلائے,augmented_blur,test
data/raw/newspaper/Screenshot 2026-07-01 151343.png,اجول ث ايل يى سربراه سعد رضوى اوران ك بهائى كى كمشدكى كا معما برقرار دونو ربنما 3 ماه س غائب هيل ( قانون نافذ كرن وال ادارو مطابق رضوى برادران رياستى تحويل مير نهين بلكه آزاد كشمير ميل روروش هي-,manual_screenshot,test
data/raw/synthetic/urdu_0288.png,لیکن حقیقت یہ ہے کہ ہندی، اُردو زبان سے نکلی ہے,synthetic,test
data/raw/augmented/urdu_0048_aug2_rotation.png,پاکستانی حکمران,augmented_rotation,test
data/raw/other/utrset_304.jpg,ہوں گی چڑیا چڈے کی کہانی۔ چاند کی بڑھیا جیسی کتابیں جینی نے سوچا۔,utrset_real,test
data/raw/signboards/sign_003.png,براہ کرم قطار میں کھڑے ہوں,signboards_synthetic,test
data/raw/synthetic/urdu_0153.png,یہ عمارتیں نئی ریاست کی خود اعتمادی کو ظاہر کرتی ہیں,synthetic,test
data/raw/augmented/urdu_0315_aug2_blur.png,1973 میں، اردو کو پاکستان کی واحد قومی زبان کے طور پر تسلیم کیا گیا تھا,augmented_blur,test
data/raw/books/book_130.png,ان تمام تہذيبوں نے پاکستان کی موجودہ تہذيب پر بہت گہرا اثر چھوڑا ہے,books_synthetic,test
data/raw/other/utrset_062.jpg,ہو، ایسے معاملات کے نظم ونسق و ترتیب واجماء کے لیے حسب ذیل تین شکلیں تجویز کی جاسکتی,utrset_real,test
data/raw/synthetic/urdu_0165.png,پاکستان نے ہاکی کا عالمی کپ بھی چار بار جیتا ہے جو ایک ریکارڈ ہے,synthetic,test
data/raw/synthetic/urdu_0486.png,ہڑپہ کا تمدن رخصت ہو چکا تھا اور اس کی جگہ دیہی زندگی نے لے لی تھی,synthetic,test
data/raw/books/book_115.png,خیبر پختونخوا کے مغربی علاقوں میں نیچے پہاڑ ہیں جبکہ شمالی خیبر پختونخوا اور شمالی علاقہ جات میں دنیا کا سب سے اونچا پہاڑی سلسلہ واقع ہے,books_synthetic,test
data/raw/augmented/urdu_0130_aug2_rotation.png,اس ميں اس علاقوں کی تاريخی عليحدگی کے ساتھ ساتھ موسم اور آب و ہوا کا بھی بہت اثر ہے,augmented_rotation,test
data/raw/augmented/urdu_0371_aug1_rotation.png,صوبہ بہار میں عدالتی زبان اردو تھی جو کیتھی رسم الخط میں لکھی جاتی تھی,augmented_rotation,test
data/raw/other/utrset_113.jpg,ونعتیہ نظموں کامتبرک مجموعہ ہے(اگرچہ اکثرنظمیں مطبوعہ ہیں،سرورق بلاک کارنگین ہے۔ سردرِ کائنات,utrset_real,test
data/raw/newspaper/Screenshot 2026-07-01 152101.png,ب ب س نيوز عرب 3 كهنت قبل مطالع كا وقت : 11 منث امريكد اورايران ك درميان مفابمتى يادداشت بر دستخط ك بعد مشرق وسطن مي عسكرى كشيد2 مي وقتى طور _ يركمى آ جكى ل_- امريك اورايران ك درميان مذاكرات ابهى ابتدائى مرحل مي ٢ي اور ان ك حتمر نتائج ك بار مير ابه كجه كهنا قبل ازوقت بوكا - اس ك باوجود ايك ا٢م سوال ابهركر سامن آدبا ب اوروه يه كه  اس بور-  تنازع ميل للب زياد0 نقصان كس كا بو كا؟ اس حوال للل مختلف آرا موجود لي - خليج فارس ك عرب ممالك كويه خدشه لاحق ل_كه امريكد اور ايران ك درميان جارى مذاكرات ك نتيج مير تهران كو 'حد س زياد0 رعايتين ' مل سكتر لين جس ك باعث خط مير ايران كا اثر و رسوخ مزيد ب ه سكتا ل_ -,manual_screenshot,test
data/raw/synthetic/urdu_0010.png,وہ جغرافیہ کی ہی مرہون منت ہے,synthetic,test
data/raw/signboards/sign_024.png,جغرافیہ کی شاخیں,signboards_synthetic,test
data/raw/augmented/urdu_0431_aug1_blur.png,زبان بمقابلہ لہجہ,augmented_blur,test
data/raw/augmented/urdu_0567_aug1_rotation.png,یہی وہ دور ہے جس میں شونگ اور ساتواہن سلطنتوں کو عروج حاصل ہوا,augmented_rotation,test
data/raw/synthetic/urdu_0440.png,ویکی ڈیٹا سے مطابقت رکھنے والی مختصر تفصیل,synthetic,test
data/raw/augmented/urdu_0329_aug2_rotation.png,پاکستان میں اردو,augmented_rotation,test
data/raw/augmented/urdu_0340_aug2_blur.png,اُردو پاکستان کی قومی زبان ہے اور یہ پورے ملک میں بولی اور سمجھی جاتی ہے,augmented_blur,test
data/raw/augmented/urdu_0584_aug2_rotation.png,پہلی صدی عیسوی کے آس پاس توما رسول بحری راستے سے ہندوستان پہنچا اور موزریز ساحل پر اترا,augmented_rotation,test
data/raw/augmented/urdu_0429_aug1_blur.png,جموں و کشمیر کی زبانیں,augmented_blur,test
data/raw/augmented/urdu_0239_aug3_blur.png,تصور تاریخ اتنا ہی قدیم ہے کہ جتنا تصور زماں و مکاں,augmented_blur,test
data/raw/synthetic/urdu_0369.png,اگر کوئی لفظ فارسی یا عربی زبان کا ہو تو تقریر کی سطح زیادہ رسمی اور عظیم تر سمجھی جاتی ہے,synthetic,test
data/raw/augmented/urdu_0596_aug2_brightness.png,ان کا آخری قابل ذکر بادشاہ واسو دیو اول تھا,augmented_brightness,test
data/raw/augmented/urdu_0434_aug3_blur.png,مغربی بنگال کی زبانیں,augmented_blur,test
data/raw/other/utrset_247.jpg,کاایک سفید ذرہ میری نگاہ کی زدمیں آگیا----- یہ محض ایک سادہ سفید ذرہئ خون تھا---,utrset_real,test
data/raw/augmented/urdu_0493_aug2_blur.png,کرو سلطنت کے زوال کے بعد ویدک تہذیب کا مرکز اس کی مشرقی ہمسایہ ریاست پانچال منتقل ہو گیا,augmented_blur,test
data/raw/synthetic/urdu_0136.png,کچھ جگہوں ميں اس تحريک کا زيادہ جھکاؤ اسلام اور کچھ ميں روايات کی طرف ہے,synthetic,test
data/raw/augmented/urdu_0237_aug2_brightness.png,(ڈاکٹر آفتاب اصغر، مقدمہ تاریخ مبارک شاہی,augmented_brightness,test
data/raw/signboards/sign_014.png,24 اگست 2006,signboards_synthetic,test
data/raw/synthetic/urdu_0029.png,چھوٹے پیغام خانوں کا استعمال کرنے والے مضامین,synthetic,test
data/raw/books/book_105.png,"صوبہ سندھ کا کل رقبہ 140,914 مربع کلومیٹر ہے جبکہ 2012ء میں آبادی 4 کروڑ 24 لاکھ تھی",books_synthetic,test
data/raw/other/utrset_045.jpg,ہے کہ ترک وراثت، رضاعت، رشتوں کے حلال و حرام ہونے، عدت اطلاق کی,utrset_real,test
data/raw/augmented/urdu_0263_aug1_rotation.png,جامعاتی قسم بندی,augmented_rotation,test
data/raw/augmented/urdu_0553_aug2_rotation.png,ان کا دھرم مختلف اور پیشے جدا جدا تھے,augmented_rotation,test
data/raw/synthetic/urdu_0459.png,مائیکل پیٹراگلیا اور بریجٹ آلچن لکھتے ہیں:,synthetic,test
data/raw/augmented/urdu_0264_aug3_brightness.png,دور قديم کی تاريخ,augmented_brightness,test
data/raw/other/utrset_244.jpg,سب سے پہلے مجھے یہ خیال ہواکہ یہ کمرے کی روشنی کاتاثر ہے لیکن روشنی کوادھر,utrset_real,test
data/raw/books/book_084.png,پاکستان کی دفاع کا ذمہ ملک کے مسلح افواج پر ہے جس کی بنیادی طور پر تین شاخیں ہیں:,books_synthetic,test
data/raw/signboards/sign_143.png,ف کی بولی,signboards_synthetic,test
data/raw/other/utrset_352.jpg,معمولی خواہش بھی ٹل جائے۔ اس غیر معمولی لاڈپیار نے ریتا کا دماغ آسمان پر,utrset_real,test
data/raw/augmented/urdu_0123_aug2_rotation.png,پاکستان کے خواص بھی بنيادی طور پر انگريزی کا استعمال کرتے ہيں,augmented_rotation,test
data/raw/other/utrset_083.jpg,دونوں ایک دوسرے کے والہ و شیداہوگئے۔ روز یٹنی نے اُسکے ’اعتراف جمال‘ کی سندمیں اکثر تصاویرمین اسکے,utrset_real,test
data/raw/augmented/urdu_0529_aug1_blur.png,یہ نند سلطنت کے عروج کا زمانہ تھا اور اس کی ثروت اور دولت مندی کے چرچے ہر طرف تھے,augmented_blur,test
data/raw/books/book_002.png,- ایپل کمپیوٹرز نے 1،8 ملین بیٹریز کو معیار کی کمی کی وجہ سے واپس منگوا لیا ہے,books_synthetic,test
data/raw/augmented/urdu_0474_aug2_blur.png,آہنی دور (1500 ق م تا 200 ق م),augmented_blur,test
data/raw/augmented/urdu_0156_aug1_rotation.png,شاہی قلعہ لاہور اور شالیمار باغ لاہور,augmented_rotation,test
data/raw/other/utrset_361.jpg,کلرک کی حیثیت  سے نوکری شروع کی تھی مگر جلد ترقی کرکے ایک چھوٹے,utrset_real,test
data/raw/augmented/urdu_0349_aug2_rotation.png,ان ریاستوں میں اردو کے کئی روزنامے اور کئی ماہانہ رسائل شائع ہوتے ہیں,augmented_rotation,test
data/raw/augmented/urdu_0483_aug2_brightness.png,اتھرو وید کے زمانہ تک پیپل کے درخت اور گائے مقدس سمجھے جانے لگے تھے,augmented_brightness,test
data/raw/synthetic/urdu_0410.png,اردو زبان کے شاعروں کی فہرست,synthetic,test
data/raw/newspaper/Screenshot 2026-07-01 182025.png,ايران ك _ قائم مقام وزير دفاع ن_كهال2كه ملك ك دفاعى صلاحيتيل خصوصاً ميزائل اور درون برو6رام ' قوم سلامتى ك سرخ لكير' ٢ي اور اس معامل بركوئ مذاكرات نهي كيه جائير ك -,manual_screenshot,test
data/raw/newspaper/Screenshot 2026-07-01 152146.png,ب ب س 2 كهنت قبل مطالع كا وقت : 8 منث ممبئى بوليس ن 26 جون كو عاشوره ك جلوس ك دوران ايك ايس شخص كوكرفتاركيا تها جو مبيند طوربر جلوس مي شامل عزادارو مير جور مار زبر س بهر كيبسول تقسيم كر ربا تها - يه معامل سن2ين رخ اختياركر سكتا تها مهر جلوس مي شامل دو خواتين رخسار سيد اور ابلام حميدىء ك بروقت بوشيارى اور عقلمندى ن_ شهركو بر نقصان س بجا ليا - كرفتار بون وال_ شخص ك شناخت ' فياض بريم ج ' ك  طورير _ بوئر ل_ اوربوليس ك مطابق ملذم ك قبض س 14 بزار 900 كيبسول برآمد كيكئ ليل - ابتدائى تفتيش ميريه سامن آيا ل_كه كيبسول مير ' زنك فاسفائيد' نام زبريلا كيميكل موجود تهاء اور اس موادك مزيد جانج ك لي اس٤  ليبارثرى بهيج ديا كيا ل جبك - ملذم لل تفتيش كا عمل جارى ل- جلوس مير رضاكارك طوربر فرائض سرانجام دين والى الام حميدى اور رخسار سيد كو فياض رريم ج ير اس وقت شك بوا جب وه جلوس ك شركا ميريه كيبسول بانث رب ته -,manual_screenshot,test
data/raw/synthetic/urdu_0477.png,اسی دور ميں ويد لکھے گئے جن میں آریائی قبائل کے خداؤں کی حمدیہ نظمیں اکٹھا کی گئی ہیں,synthetic,test
data/raw/augmented/urdu_0595_aug2_blur.png,تیسری صدی عیسوی تک پہنچتے پہنچتے کشانوں کی سلطنت بکھرنے لگی,augmented_blur,test
data/raw/augmented/urdu_0453_aug2_blur.png,لیکن ہندوستان کے باشندے کمپنی راج سے سخت بیزار اور بد دل تھے,augmented_blur,test
data/raw/augmented/urdu_0180_aug2_brightness.png,قومی پرچم گیارہ اگست 1947ء کو لیاقت علی خان نے دستور ساز اسمبلی میں پیش کیا,augmented_brightness,test
data/raw/augmented/urdu_0090_aug1_blur.png,بین الاقوامی تعلقات,augmented_blur,test
data/raw/augmented/urdu_0268_aug1_blur.png,موجودہ ممالک کی تاريخ,augmented_blur,test
data/raw/augmented/urdu_0307_aug2_blur.png,اور اسے دکنی کے نام سے جانا جاتا ہے، جس میں تیلگو زبان اور مراٹھی زبان کے  الفاظ شامل ہیں,augmented_blur,test
data/raw/signboards/sign_038.png,آئین، حکومت اور سياست,signboards_synthetic,test
data/raw/synthetic/urdu_0197.png,اتحاد، ایمان، نظم تحریر ہے,synthetic,test
data/raw/augmented/urdu_0205_aug1_rotation.png,گلگت بلتستان نے ابھی تک 2017ء کی مردم شماری کے کوئی نتائج عوامی طور پر جاری نہیں کیے ہیں,augmented_rotation,test
data/raw/signboards/sign_004.png,جنرل اسٹور,signboards_synthetic,test
data/raw/other/utrset_014.jpg,اورکوئی طلاق صرف اس وجہ سے کہ وہ لکھی نہیں گئی یا سرکاری رجسٹر میں درج,utrset_real,test
data/raw/augmented/urdu_0334_aug1_brightness.png,جبکہ کچھ اردو الفاظ کو پاکستان کی علاقائی زبانوں نے بھی ضم کر لیا ہے,augmented_brightness,test
data/raw/augmented/urdu_0334_aug2_blur.png,جبکہ کچھ اردو الفاظ کو پاکستان کی علاقائی زبانوں نے بھی ضم کر لیا ہے,augmented_blur,test
data/raw/augmented/urdu_0350_aug2_brightness.png,ڈھاکیہ اردو بنگلہ دیش کے پرانے ڈھاکہ شہر کی ایک بولی ہے جو مغل دور سے شروع ہوتی ہے,augmented_brightness,test
data/raw/augmented/urdu_0575_aug3_brightness.png,کل دس شونگ بادشاہ گذرے ہیں لیکن اگنی متر کی وفات کے بعد سلطنت کا شیرازہ تیزی سے بکھرنے لگا,augmented_brightness,test
data/raw/other/utrset_004.jpg,جہاں تک پہلی صورت کاتعلق ہے، شریعت اسلامیہ کی رو سے اس پر اعتراض جائز نہیں،,utrset_real,test
data/raw/newspaper/Screenshot 2026-07-01 182129.png,دوسرى جانب انديا ن 439 ) ممكند ( اكستان قيديو فهرست باكستان ك حوال ك  جن مي 386 شهرى  اور 53 مابى كيربتائ جا ر بي جو انديا ك جيلو مي قيد لي -,manual_screenshot,test
data/raw/signboards/sign_051.png,ٹھٹھہ کی تاریخی یادگاریں,signboards_synthetic,test
data/raw/augmented/urdu_0259_aug2_brightness.png,تاريخ کی قسم بندی,augmented_brightness,test
data/raw/synthetic/urdu_0351.png,اسے بنگلہ دیش کی حکومت نے سرکاری طور پر تسلیم نہیں کیا ہے,synthetic,test
data/raw/signboards/sign_096.png,دولت مشترکہ کے رکن ممالک,signboards_synthetic,test
data/raw/augmented/urdu_0359_aug3_rotation.png,سماجی لسانی ہونا؛ کچھ ان کی الگ الگ درجہ بندی کرتے ہیں,augmented_rotation,test
data/raw/augmented/urdu_0300_aug1_rotation.png,لفظ اردو کو شاعر غلام ہمدانی مصحفی نے 1780ء کے آس پاس سب سے پہلے استعمال کیا تھا,augmented_rotation,test
data/raw/augmented/urdu_0359_aug2_brightness.png,سماجی لسانی ہونا؛ کچھ ان کی الگ الگ درجہ بندی کرتے ہیں,augmented_brightness,test
data/raw/augmented/urdu_0588_aug1_blur.png,کُجُل کڈفِسیس کشان سلطنت کا پہلا فرماں روا تھا,augmented_blur,test
data/raw/other/utrset_381.jpg,اول آتا تھا۔ اس کو تعلیم اور ترقی کی اہمیت اور اپنے ماں باپ کی,utrset_real,test
data/raw/synthetic/urdu_0222.png,اقوام متحدہ کے رکن ممالک,synthetic,test
data/raw/synthetic/urdu_0439.png,مدھیہ پردیش کی زبانیں,synthetic,test
data/raw/augmented/urdu_0218_aug1_blur.png,فہرست پاکستان کے جزائر,augmented_blur,test
data/raw/augmented/urdu_0361_aug2_blur.png,اردو بولنے والے ممالک,augmented_blur,test
data/raw/augmented/urdu_0287_aug1_rotation.png,کچھ ماہرینِ لسانیات اُردو اور ہندی کو ایک ہی زبان کی دو معیاری صورتیں گردانتے ہیں,augmented_rotation,test
data/raw/augmented/urdu_0190_aug3_blur.png,قومی نعرہ - پاکستان کا مطلب کیا؟ لَآ اِلٰہَ اِلَّا اللہُ,augmented_blur,test
data/raw/synthetic/urdu_0460.png,اور جنوبی ایشیا کے ماحولیاتی تاریخ دان مائیکل فشر کے الفاظ میں:,synthetic,test
data/raw/augmented/urdu_0352_aug2_blur.png,بنگلہ دیش میں پھنسے ہوئے پاکستانیوں کی بولی جانے والی اردو اس بولی سے مختلف ہے,augmented_blur,test
data/raw/augmented/urdu_0113_aug1_blur.png,یہ علاقے نہری ہیں اور زیر کاشت ہیں,augmented_blur,test
data/raw/augmented/urdu_0405_aug2_blur.png,نوحہ: معرکۂ کربلا میں ہوئے شہیدوں کے واقعات کو بیان کرنے والی صنف نوحہ ہے,augmented_blur,test
data/raw/other/utrset_279.jpg,لگتا۔ مکرمیؔ کے چہرے کاعالم تبدیل ہوگیاتھا۔دہشت و نفرت غائب ہوچکی تھی۔ اب,utrset_real,test
data/raw/augmented/urdu_0249_aug1_blur.png,تاریخ کے کردار حقیقی اور زمان اور مکان متعین و مشخص ہوتے ہیں,augmented_blur,test
data/raw/augmented/urdu_0312_aug2_blur.png,شاہ عبدالقادر رائے پوری پہلے شخص تھے جنہوں نے قرآن کا اردو میں ترجمہ کیا,augmented_blur,test
data/raw/augmented/urdu_0386_aug1_blur.png,نظم کے معنی موتی پرونا ہے,augmented_blur,test
data/raw/augmented/urdu_0590_aug3_rotation.png,اس کے باوصف بدھ مت کے استحکام میں کشانیوں کے غیر معمولی کردار کو فراموش نہیں جا سکتا,augmented_rotation,test
data/raw/augmented/urdu_0033_aug2_rotation.png,پاکستان کے مشرق ميں بھارت، شمال مشرق ميں چین اور مغرب ميں افغانستان اور ايران واقع ہيں,augmented_rotation,test
data/raw/augmented/urdu_0319_aug1_rotation.png,ہندی کے بڑھتے ہوئے سنسکرتائزیشن سے کچھ حد تک اردو کی ہائپر فارسائزیشن کی حوصلہ افزائی ہوئی,augmented_rotation,test
data/raw/synthetic/urdu_0190.png,قومی نعرہ - پاکستان کا مطلب کیا؟ لَآ اِلٰہَ اِلَّا اللہُ,synthetic,test
data/raw/augmented/urdu_0267_aug2_rotation.png,آسٹريليا کا تاريخ,augmented_rotation,test
data/raw/synthetic/urdu_0077.png,یوں نوازشریف پاکستان کے تیسرے بار وزیرِ اعظم منتخب ہوئے,synthetic,test
data/raw/synthetic/urdu_0176.png,قومی دن – یوم پاکستان، 23 مارچ کو منایا جاتا ہے,synthetic,test
data/raw/augmented/urdu_0267_aug1_rotation.png,آسٹريليا کا تاريخ,augmented_rotation,test
data/raw/augmented/urdu_0400_aug1_rotation.png,اس کے چار اقسام ہیں,augmented_rotation,test
data/raw/augmented/urdu_0393_aug3_brightness.png,نظمی اردو (اردو شاعری) میں ذیل کے اصناف ہیں:,augmented_brightness,test
data/raw/augmented/urdu_0204_aug2_rotation.png,تعلیمی ادارے بلحاظ زمرہ جات,augmented_rotation,test
data/raw/books/book_085.png,1947ء میں قیام پاکستان سے پہلے پاک عسکریہ، ہندوستانی فوج کا حصہ تھی,books_synthetic,test
data/raw/augmented/urdu_0440_aug1_brightness.png,ویکی ڈیٹا سے مطابقت رکھنے والی مختصر تفصیل,augmented_brightness,test
data/raw/augmented/urdu_0264_aug1_blur.png,دور قديم کی تاريخ,augmented_blur,test
data/raw/synthetic/urdu_0396.png,مثنوی: ایک لمبی نظم جس میں کوئی قصہ یا داستان کہی گئی ہو,synthetic,test
data/raw/augmented/urdu_0333_aug1_rotation.png,یہ پاکستان کے تمام صوبوں/علاقوں میں لکھی، بولی اور استعمال کی جاتی ہے,augmented_rotation,test
data/raw/newspaper/Screenshot 2026-07-01 182033.png,ب ب س فارس ك خبرك مطابق سماج رابطك ويب سائث ايكس يرجارى بيان ميل ماجل ابن الرضا ن كها كه بارليمنث ك اقتصادى كميئن ك اركان ك ساته حاليه اجلاس مير امريكه اور اسرائيل ك ساته حاليد جنf ك مختلف بهلوؤ اور نتائج كا جائزه ليا كيا,manual_screenshot,test
data/raw/augmented/urdu_0050_aug1_blur.png,پاکستان کے پہلے گورنر جنرل قائد اعظم محمد علی جناح اور پہلے وزیراعظم لیاقت علی خان تھے,augmented_blur,test
data/raw/augmented/urdu_0518_aug2_blur.png,نیز راماین، مہا بھارت اور پرانوں میں بھی اس کا مذکور ملتا ہے,augmented_blur,test
data/raw/augmented/urdu_0397_aug2_rotation.png,مرثیہ: شہیدوں کے واقعات کو بیان کرنے والی نظم,augmented_rotation,test
data/raw/augmented/urdu_0574_aug3_blur.png,بعد ازاں اس کا بیٹا اگنی متر اس کا جانشین ہوا,augmented_blur,test
data/raw/books/book_036.png,اس کے علاوہ چونکہ پاکستانی پنجاب میں بہنے والے تمام دریا بھارت کے زیر انتظام کشمیر سے ہوکر آتے ہیں، لہذا پاکستان کو 1960ء میں انڈیا کے ساتھ سندھ طاس معاہدہ کرنا پڑا، جس کے تحت پاکستان کو مشرقی دریاؤں، ستلج، بیاس اور راوی سے دستبردار ہونا پڑا,books_synthetic,test
data/raw/other/utrset_162.jpg,حوادث سے کی جائے۔ لیکن افسوس ہے کہ گلکتہ یھی کے تماشاگا ہوں میں اس شریف,utrset_real,test
data/raw/augmented/urdu_0253_aug1_blur.png,افکار ابن خلدون، 75),augmented_blur,test
data/raw/augmented/urdu_0434_aug1_blur.png,مغربی بنگال کی زبانیں,augmented_blur,test
data/raw/augmented/urdu_0153_aug1_blur.png,یہ عمارتیں نئی ریاست کی خود اعتمادی کو ظاہر کرتی ہیں,augmented_blur,test
data/raw/augmented/urdu_0390_aug2_blur.png,جنوبی ایشیا میں اردو ایک اہم زبان ہے,augmented_blur,test
data/raw/augmented/urdu_0391_aug1_brightness.png,بالخصوص نظم میں اردو کے مقابلہ میں دوسری زبان نہیں,augmented_brightness,test
data/raw/augmented/urdu_0284_aug1_rotation.png,1947ء میں تقسیم ہند کے بعد سے پاکستانی شہر کراچی میں ایک تیسرا معیار پیدا ہوا ہے,augmented_rotation,test
data/raw/synthetic/urdu_0162.png,پاکستان میں اشیائے خورد و نوش کے نام بہت آسان ہیں,synthetic,test
data/raw/other/utrset_072.jpg,پر بوسہ یدتاہے جن پر آج سے پہلے ڈانٹے کی جرائت نہوئی اوراسکے لب اُنہیں کبہی بھی”زحمت وصل نہ دے سکے۔ مگر آہ کہ آج اوراسکے,utrset_real,test
data/raw/augmented/urdu_0521_aug1_blur.png,سلطنت کا نظم و انصرام عاملہ، عدلیہ اور فوج کے شعبوں میں منقسم تھا,augmented_blur,test
data/raw/augmented/urdu_0384_aug2_brightness.png,سفر نامہ، مضمون، سرگذشت، انشائیہ، مراسلہ، خود نوشت وغیرہ دیگر اصناف میں سے ہیں,augmented_brightness,test
data/raw/augmented/urdu_0121_aug1_blur.png,تقريباً ایک فيصد پاکستانی ہندو اور اتنے ہی پاکستانی مسیحی مذہب سے تعلق رکھتے ہيں,augmented_blur,test
data/raw/other/utrset_032.jpg,تو متعین کردیا ہے مگر جیسا کہ پہلے بھی کہا گیاہے، ہندوستان میں ان کے نکاح،طلاق,utrset_real,test
data/raw/synthetic/urdu_0328.png,8 ملین تھی (کل آبادی کا 4,synthetic,test
data/raw/signboards/sign_062.png,بلحاظ سال آبادی,signboards_synthetic,test
data/raw/augmented/urdu_0457_aug1_brightness.png,چنانچہ اسی عہد سے قدیم انسانوں کے وجود کی اثریاتی شہادتیں بھی وافر تعداد میں ملتی ہیں,augmented_brightness,test
data/raw/synthetic/urdu_0128.png,ان تمام تہذيبوں نے پاکستان کی موجودہ تہذيب پر بہت گہرا اثر چھوڑا ہے,synthetic,test
data/raw/augmented/urdu_0054_aug2_brightness.png,1951ء سے 1958ء تک کئی حکومتیں آئیں اور ختم ہو گئیں,augmented_brightness,test
data/raw/other/utrset_009.jpg,ایک تویہ کہ اس قسم کااندراج مفید ونافع ہے، اوراس کا رواج دینا مناسب ہے،,utrset_real,test
data/raw/augmented/urdu_0494_aug1_rotation.png,ویدک عہد کے اواخر میں ویدک تہذیب کے نئے مرکز کے طور پر ودیہ مملکت ابھر کر سامنے آئی,augmented_rotation,test
data/raw/augmented/urdu_0516_aug1_rotation.png,ابتدا میں راجگیر پایۂ تخت رہا لیکن بعد میں پاٹلی پتر (موجودہ پٹنہ) منتقل ہو گیا,augmented_rotation,test
data/raw/augmented/urdu_0336_aug1_brightness.png,ارریہ ضلع، بہار میں، اردو بولنے والوں کی کثرت ہے اور حیدرآباد ضلع، تلنگانہ (43,augmented_brightness,test
data/raw/augmented/urdu_0365_aug2_rotation.png,پرتگالیوں سے ادھار کی تعداد بھی کم ہے,augmented_rotation,test
data/raw/synthetic/urdu_0091.png,یہ سب وقت اور حالات کے تحت بدلتا رہتا ہے,synthetic,test
data/raw/books/book_123.png,ان کے علاوہ کراچی ميں پارسی، پنجاب وسرحد ميں سکھ اور شمالی علاقوں ميں قبائلی مذاہب کے پيرو کار بھی موجود ہيں,books_synthetic,test
data/raw/synthetic/urdu_0050.png,پاکستان کے پہلے گورنر جنرل قائد اعظم محمد علی جناح اور پہلے وزیراعظم لیاقت علی خان تھے,synthetic,test
data/raw/other/utrset_374.jpg,اس نے میز بنارکھا ہے اور خود چارپائی کی پٹی پر بیٹھا ہے۔ سامنے,utrset_real,test
data/raw/augmented/urdu_0446_aug3_brightness.png,ان قبیلوں میں وَرَن کا نظام بھی رائج تھا جو آگے چل کر ذات پات کی شکل میں سامنے آیا,augmented_brightness,test
data/raw/augmented/urdu_0358_aug3_rotation.png,معیاری اردو کا اکثر معیاری ہندی سے موازنہ کیا جاتا ہے,augmented_rotation,test
data/raw/synthetic/urdu_0226.png,پنجابی زبان بولنے والے ممالک اور علاقہ جات,synthetic,test
data/raw/signboards/sign_070.png,پاکستان کے وزیراعظم,signboards_synthetic,test
data/raw/synthetic/urdu_0512.png,500 یا 400 ق م یعنی گوتم بدھ کے عہد تک مذکورہ سولہ مہا جن پد چار بڑی ریاستوں میں ضم ہو گئے,synthetic,test
data/raw/other/utrset_206.jpg,صحیح مذاق غاٹرنظر رکھنے والوں سے اس کا گلۂ قریم ہے کہ وہ اسے اپنے ہاتھوں,utrset_real,test
data/raw/books/book_096.png,پولیس فورس میں ایک الگ شاخ بھی بنایا گیا ہے جسے پولیس قومی رضا کار کہا جاتا ہے، اس فورس کا مقصد تمام صوبوں میں جہاں ضرورت پڑے وہاں کام کرنا ہے,books_synthetic,test
data/raw/signboards/sign_080.png,تحریک پاکستان,signboards_synthetic,test
data/raw/synthetic/urdu_0143.png,شیروانی کا استعمال خاص کر تقاریب اور خوشیوں کے مواقع پر کیا جاتا ہے,synthetic,test
data/raw/synthetic/urdu_0198.png,بلحاظ سال آبادی,synthetic,test
data/raw/augmented/urdu_0271_aug3_rotation.png,یونانی مستعار الفاظ,augmented_rotation,test
data/raw/augmented/urdu_0310_aug1_brightness.png,ایک اردو فارسی لغت خان آرزو نے 1751ء میں احمد شاہ بہادر کے دور میں لکھی تھی,augmented_brightness,test
data/raw/synthetic/urdu_0152.png,آزادی کے بعد کا فن تعمیر بھی ایک منفرد مقام رکھتا ہے,synthetic,test
data/raw/augmented/urdu_0450_aug1_rotation.png,پھر دسویں صدی کے اواخر اور گیارھویں صدی کے اوائل میں محمود غزنوی کا ورود ہوا,augmented_rotation,test
data/raw/augmented/urdu_0094_aug3_rotation.png,پاکستان کی دفاع کا ذمہ ملک کے مسلح افواج پر ہے جس کی بنیادی طور پر تین شاخیں ہیں:,augmented_rotation,test
data/raw/augmented/urdu_0109_aug2_brightness.png,"پاکستان کا کل رقبہ 796,095 مربع کلومیٹر ہے",augmented_brightness,test
data/raw/synthetic/urdu_0020.png,مگر ان عجیب و غریب خیالات کے ساتھ ساتھ قدیم یونانیوں نے بعض حیرت انگیز دریافتیں بھی کیں,synthetic,test
data/raw/augmented/urdu_0242_aug2_rotation.png,ای ایچ کار کی رائے میں تحقیق شدہ واقعات کے ایک سلسلے پر مشتمل ہے,augmented_rotation,test
data/raw/books/book_050.png,1972ء سے لے کر 1977ء تک پاکستان میں پاکستان پیپلز پارٹی کی حکومت تھی,books_synthetic,test
data/raw/signboards/sign_009.png,ٹی سٹال,signboards_synthetic,test
data/raw/other/utrset_171.jpg,ان کا تقوے کسی کو نہیں معلوم ، تا ہم وہ فن غنا کے ماہرین میں تھے ۔,utrset_real,test
data/raw/augmented/urdu_0520_aug2_rotation.png,مگدھ کے دائرۂ اقتدار میں بعض جمہوری برادریاں مثلاً راج کمار برادری وغیرہ بھی شامل تھیں,augmented_rotation,test
data/raw/augmented/urdu_0255_aug2_blur.png,افکار ابن خلدون، 79),augmented_blur,test
data/raw/augmented/urdu_0532_aug2_brightness.png,برصغیر کی تاریخ میں پہلی بار ایسی عظیم الشان اور مستحکم سلطنت قائم ہوئی تھی,augmented_brightness,test
data/raw/other/utrset_366.jpg,ملتے ہوئے کمرے میں داخل ہوتی ہے۔,utrset_real,test
data/raw/augmented/urdu_0326_aug1_blur.png,ہندوستان اور پاکستان میں اردو بولنے والوں کی تعداد 100 ملین سے زیادہ ہے,augmented_blur,test
data/raw/synthetic/urdu_0538.png,اشوک نے 232 ق م میں اپنی وفات تک تقریباً 37 برس حکومت کی,synthetic,test
data/raw/augmented/urdu_0100_aug2_blur.png,قانون نافذ کرنے والے ادارے,augmented_blur,test
data/raw/augmented/urdu_0047_aug1_rotation.png,ریاست بہاولپور کے نواب صادق محمد خان پنجم نے اس وقت پاکستان کی مالی مدد کی,augmented_rotation,test
data/raw/augmented/urdu_0568_aug1_rotation.png,چوتھی صدی عیسوی سے چھٹی صدی عیسوی تک گپت سلطنت قائم رہی,augmented_rotation,test
data/raw/augmented/urdu_0006_aug2_blur.png,وہ پہلا شخص تھا,augmented_blur,test
data/raw/augmented/urdu_0565_aug3_rotation.png,یہ عہد موریہ سلطنت کے زوال سے شروع ہو کر گپت سلطنت کے زوال تک جاری رہا,augmented_rotation,test
data/raw/synthetic/urdu_0093.png,ایک ایٹمی طاقت ہونے کے باعث بھی اسے اقوام عالم میں مسلمان ممالک میں اونچا مقام حاص  ہے,synthetic,test
data/raw/synthetic/urdu_0086.png,آئین پاکستان نے ایک وفاق اور اس کے ماتحت صوبائی حکومتیں قائم کی ہیں,synthetic,test
data/raw/other/utrset_341.jpg,آگ میں پھل,utrset_real,test
data/raw/synthetic/urdu_0449.png,"انھی وجوہ سے یہ دور ""ہندوستان کا عہد زریں"" کہلاتا ہے",synthetic,test
data/raw/synthetic/urdu_0402.png,نعت: حضرت محمد  کی شان میں کہا گیا قصیدہ,synthetic,test
data/raw/augmented/urdu_0474_aug3_blur.png,آہنی دور (1500 ق م تا 200 ق م),augmented_blur,test
data/raw/augmented/urdu_0384_aug1_brightness.png,سفر نامہ، مضمون، سرگذشت، انشائیہ، مراسلہ، خود نوشت وغیرہ دیگر اصناف میں سے ہیں,augmented_brightness,test
data/raw/other/utrset_373.jpg,مٹی کے تیل کو چھوٹا لیمپ جل رہا ہے جس کی چمنی بھی نہیں ہے۔ ہوا,utrset_real,test
data/raw/augmented/urdu_0387_aug1_brightness.png,یعنی کلام کو ایک ترتیب وار ہیئت کے ساتھ پیش کریں تو وہ صنف نظم کہلاتی ہے,augmented_brightness,test
data/raw/augmented/urdu_0136_aug2_rotation.png,کچھ جگہوں ميں اس تحريک کا زيادہ جھکاؤ اسلام اور کچھ ميں روايات کی طرف ہے,augmented_rotation,test
data/raw/augmented/urdu_0401_aug1_blur.png,حمد: اللہ کی تعریف میں کہا گیا قصیدہ,augmented_blur,test
data/raw/signboards/sign_065.png,تعلیمی ادارے بلحاظ زمرہ جات,signboards_synthetic,test
data/raw/augmented/urdu_0197_aug3_brightness.png,اتحاد، ایمان، نظم تحریر ہے,augmented_brightness,test
data/raw/other/utrset_074.jpg,اور بے پناہ تیر اسکے۔ دل میں پیوست کردیتاہے دانٹے اس غیر متوقع،دلخراش اورناقابل دیدنظارے کی تاب نہ لاکر آگے,utrset_real,test
data/raw/augmented/urdu_0443_aug1_brightness.png,عین اسی دور میں ہند,augmented_brightness,test
data/raw/synthetic/urdu_0330.png,یہ مدرسوں میں اعلیٰ ثانوی جماعتوں تک لازمی مضمون کی طور پر پڑھائی جاتی ہے,synthetic,test
data/raw/augmented/urdu_0481_aug2_brightness.png,نیز یہ ہندوستان کے ان قدیم ترین متون میں سے ہیں جو دست بردِ زمانہ سے محفوظ رہے,augmented_brightness,test
data/raw/augmented/urdu_0157_aug3_rotation.png,ٹھٹھہ کی تاریخی یادگاریں,augmented_rotation,test
data/raw/augmented/urdu_0298_aug1_blur.png,شاعری میں لکھا ہے: -,augmented_blur,test
data/raw/augmented/urdu_0087_aug3_blur.png,پاکستان کی مختلف علاقہ جات کے متعلق آئین پاکستان کا دوسرا آرٹیکل بیان کرتا ہے:,augmented_blur,test
data/raw/synthetic/urdu_0420.png,(جلد اول) بنيادی اردو,synthetic,test
data/raw/books/book_064.png,16 نومبر 2007ء کو سینٹ کے چیرمین جناب میاں محمد سومرو نے عبوری وزیر اعظم کا حلف اٹھایا,books_synthetic,test
data/raw/augmented/urdu_0010_aug1_blur.png,وہ جغرافیہ کی ہی مرہون منت ہے,augmented_blur,test
data/raw/augmented/urdu_0227_aug2_blur.png,جنوب ایشیائی ممالک,augmented_blur,test
data/raw/signboards/sign_126.png,اسلامی تاريخ,signboards_synthetic,test
data/raw/synthetic/urdu_0496.png,دوسری شہر کاری (600 ق م تا 200 ق م),synthetic,test
data/raw/signboards/sign_157.png,35% تلگو بولنے والے اور 43,signboards_synthetic,test
data/raw/augmented/urdu_0159_aug3_rotation.png,عالمی معاشی بحران سے پہلے پاکستان میں سالانہ تقریباً پانچ (5) لاکھ سیاح آتے تھے,augmented_rotation,test
data/raw/augmented/urdu_0524_aug3_rotation.png,ہریک خانوادہ کے بعد شی شو ناگ خانوادہ تخت سلطنت پر متمکن ہوا,augmented_rotation,test
data/raw/augmented/urdu_0173_aug2_blur.png,ورزشی کھیلوں میں عبدالخالق نے سال 1954ء اور سال 1958ء کے ایشیائی کھیلوں میں حصہ لیا,augmented_blur,test
data/raw/augmented/urdu_0411_aug2_rotation.png,اردو زبان کے مصنفین کی فہرست,augmented_rotation,test
data/raw/augmented/urdu_0382_aug1_rotation.png,افسانہ لکھنے والے کو افسانہ نگار کہتے ہیں,augmented_rotation,test
data/raw/augmented/urdu_0052_aug2_rotation.png,1948 میں قائد اعظم ٹی بی سے وفات پا گئے,augmented_rotation,test
data/raw/augmented/urdu_0445_aug3_blur.png,یہاں سے ویدک دور کا آغاز ہوتا ہے,augmented_blur,test
data/raw/augmented/urdu_0005_aug1_rotation.png,ایراٹورتھینیس ‎(276-194B,augmented_rotation,test
data/raw/augmented/urdu_0086_aug1_brightness.png,آئین پاکستان نے ایک وفاق اور اس کے ماتحت صوبائی حکومتیں قائم کی ہیں,augmented_brightness,test
data/raw/augmented/urdu_0354_aug1_blur.png,دکنی - اس کو دکھنی، دیسیا، مرگان نام سے بھی جانا جاتا ہے,augmented_blur,test
data/raw/augmented/urdu_0070_aug3_blur.png,اس وقت پاکستان کے صدر فاروق احمد خان لغاری تھے,augmented_blur,test
data/raw/augmented/urdu_0024_aug2_rotation.png,اس دور کے اہم ناموں میں ابن بطوطہ، ابن خلدون اور ادریسی شامل ہیں,augmented_rotation,test
data/raw/augmented/urdu_0261_aug2_brightness.png,علاقائی قسم بندی,augmented_brightness,test
data/raw/augmented/urdu_0596_aug1_blur.png,ان کا آخری قابل ذکر بادشاہ واسو دیو اول تھا,augmented_blur,test
data/raw/books/book_074.png,آئین پاکستان نے ایک وفاق اور اس کے ماتحت صوبائی حکومتیں قائم کی ہیں,books_synthetic,test
data/raw/other/utrset_248.jpg,ایک ناقابل یقین چیز موجودہے۔میں نے پلیٹ کوخواہ مخواہ ادھر ادھر حرکت دی تو خون,utrset_real,test
data/raw/augmented/urdu_0466_aug1_blur.png,برنجی دور – پہلی شہر کاری (تقریباً 3300 ق م تا 1800 ق م),augmented_blur,test
data/raw/other/utrset_049.jpg,اگر صوبہ کے مسلمان ایک قاضی القضاۃ کا انتخاب کریں اور گورنمنٹ اس ک منظورکرے,utrset_real,test
data/raw/synthetic/urdu_0349.png,ان ریاستوں میں اردو کے کئی روزنامے اور کئی ماہانہ رسائل شائع ہوتے ہیں,synthetic,test
data/raw/other/utrset_089.jpg,شایقین ادب کیلئے اس کتاب کامطالعہ دلچسپی کاباعث ہوگا۔,utrset_real,test
data/raw/synthetic/urdu_0118.png,پاکستان دنيا کا ايک ترقی پزیر ملک ہے,synthetic,test
data/raw/augmented/urdu_0265_aug2_blur.png,امريکہ کی تاريخ,augmented_blur,test
data/raw/augmented/urdu_0059_aug3_blur.png,1972ء سے لے کر 1977ء تک پاکستان میں پاکستان پیپلز پارٹی کی حکومت تھی,augmented_blur,test
data/raw/signboards/sign_021.png,وہ جغرافیہ کی ہی مرہون منت ہے,signboards_synthetic,test
data/raw/augmented/urdu_0380_aug1_brightness.png,ایک فکشن ہے تو دوسرا غیر فکشن,augmented_brightness,test
data/raw/synthetic/urdu_0310.png,ایک اردو فارسی لغت خان آرزو نے 1751ء میں احمد شاہ بہادر کے دور میں لکھی تھی,synthetic,test
data/raw/augmented/urdu_0031_aug3_blur.png,"881,913 مربع کلومیٹر (340,509 مربع میل) کے ساتھ یہ دنیا کا تینتیسواں بڑے رقبے والا ملک ہے",augmented_blur,test
data/raw/signboards/sign_052.png,قلعہ روہتاس,signboards_synthetic,test
data/raw/augmented/urdu_0569_aug3_brightness.png,گپت سلطنت کا یہ دور ہندومت کی تاریخ کا عہد زریں سمجھا جاتا ہے,augmented_brightness,test
data/raw/augmented/urdu_0380_aug3_brightness.png,ایک فکشن ہے تو دوسرا غیر فکشن,augmented_brightness,test
data/raw/augmented/urdu_0157_aug2_rotation.png,ٹھٹھہ کی تاریخی یادگاریں,augmented_rotation,test
data/raw/augmented/urdu_0498_aug1_brightness.png,گنگا اور بالخصوص وسطی گنگا کے میدانوں میں نئے شہر آباد ہوئے,augmented_brightness,test
data/raw/augmented/urdu_0490_aug1_blur.png,برصغیر ہند میں 1200 ق م سے چھٹی صدی ق م کا درمیانی عرصہ آہنی دور کہلاتا ہے,augmented_blur,test
data/raw/augmented/urdu_0231_aug3_blur.png,شنگھائی کارپیریشن آرگنائیزیشن کے ارکان,augmented_blur,test
data/raw/synthetic/urdu_0074.png,16 نومبر 2007ء کو سینٹ کے چیرمین جناب میاں محمد سومرو نے عبوری وزیر اعظم کا حلف اٹھایا,synthetic,test
